segment_id,text,segment_start_sec,segment_end_sec,segment_duration_sec,start_token_id,end_token_id,expected_token_count,actual_token_count,missing_token_count,first_token_start_sec,last_token_end_sec,token_coverage_duration_sec,coverage_ratio,max_internal_gap_sec,sum_internal_gaps_sec,internal_gap_count,repeat_count,orphan_token_count,speaker_count,speakers,near_30s_boundary,has_token_count_mismatch
wseg_000001,,,,,0,16,17,17,0,9.619999999999997,17.66,8.040000000000003,,0.17999999999999972,0.2599999999999998,2,0,17,0,[],False,False
wseg_000002,,,,,17,29,13,13,0,17.66,23.2,5.539999999999999,,1.0600000000000023,1.5200000000000031,2,0,13,0,[],False,False
wseg_000003,,,,,30,39,10,10,0,23.2,26.68,3.4800000000000004,,2.3999999999999986,2.460000000000001,2,0,10,0,[],False,False
wseg_000004,,,,,40,52,13,13,0,29.08,32.46,3.3800000000000026,,1.0399999999999991,1.0399999999999991,1,0,13,0,[],False,False
wseg_000005,,,,,53,66,14,14,0,33.5,38.24,4.740000000000002,,0.21999999999999886,0.21999999999999886,1,0,14,0,[],False,False
wseg_000006,,,,,67,80,14,14,0,38.24,43.56,5.32,,0.9399999999999977,0.9399999999999977,1,0,14,0,[],False,False
wseg_000007,,,,,81,94,14,14,0,43.56,48.82,5.259999999999998,,1.1000000000000014,1.2600000000000051,2,0,14,0,[],False,False
wseg_000008,,,,,95,102,8,8,0,49.92,51.7,1.7800000000000011,,0.0,0.0,0,0,8,0,[],False,False
wseg_000009,,,,,103,118,16,16,0,51.7,58.6,6.899999999999999,,0.0,0.0,0,0,16,0,[],False,False
wseg_000010,,,,,119,129,11,11,0,58.6,62.28,3.6799999999999997,,0.740000000000002,0.740000000000002,1,0,11,0,[],False,False
wseg_000011,,,,,130,146,17,17,0,63.02,70.66,7.6399999999999935,,0.480000000000004,0.480000000000004,1,0,17,0,[],False,False
wseg_000012,,,,,147,159,13,13,0,70.66,75.4,4.740000000000009,,0.6599999999999966,0.6599999999999966,1,0,13,0,[],False,False
wseg_000013,,,,,160,175,16,16,0,76.06,81.68,5.6200000000000045,,0.38000000000000966,0.4000000000000057,2,0,16,0,[],False,False
wseg_000014,,,,,176,184,9,9,0,81.7,85.1,3.3999999999999915,,0.0,0.0,0,0,9,0,[],False,False
wseg_000015,,,,,185,192,8,8,0,85.1,88.74,3.6400000000000006,,0.9400000000000119,0.9400000000000119,1,0,8,0,[],False,False
wseg_000016,,,,,193,199,7,7,0,89.68,91.92,2.239999999999995,,0.0,0.0,0,0,7,0,[],False,False
wseg_000017,,,,,200,209,10,10,0,91.92,95.34,3.4200000000000017,,0.5599999999999881,0.5599999999999881,1,0,10,0,[],False,False
wseg_000018,,,,,210,220,11,11,0,95.89999999999999,98.7,2.8000000000000114,,0.2599999999999909,0.3599999999999852,2,0,11,0,[],False,False
wseg_000019,,,,,221,230,10,10,0,98.96,102.2,3.240000000000009,,0.5999999999999943,0.5999999999999943,1,0,10,0,[],False,False
wseg_000020,,,,,231,246,16,16,0,102.8,107.5,4.700000000000003,,0.12000000000000455,0.12000000000000455,1,0,16,0,[],False,False
wseg_000021,,,,,247,253,7,7,0,107.5,110.92,3.4200000000000017,,0.0,0.0,0,0,7,0,[],False,False
wseg_000022,,,,,254,266,13,13,0,110.92,116.56,5.640000000000001,,0.5799999999999983,0.6400000000000006,2,0,13,0,[],False,False
wseg_000023,,,,,267,273,7,7,0,117.14,119.8,2.6599999999999966,,0.7400000000000091,0.7400000000000091,1,0,7,0,[],False,False
wseg_000024,,,,,274,285,12,12,0,120.54,124.52,3.9799999999999898,,0.2600000000000051,0.2600000000000051,1,0,12,0,[],False,False
wseg_000025,,,,,286,301,16,16,0,124.78,130.58,5.800000000000011,,0.8199999999999648,0.8199999999999648,1,0,16,0,[],False,False
wseg_000026,,,,,302,307,6,6,0,131.39999999999998,133.34,1.9400000000000261,,0.47999999999998977,0.47999999999998977,1,0,6,0,[],False,False
wseg_000027,,,,,308,317,10,10,0,133.82,136.84,3.0200000000000102,,0.0,0.0,0,0,10,0,[],False,False
wseg_000028,,,,,318,323,6,6,0,136.84,138.78,1.9399999999999977,,0.8599999999999852,0.9199999999999875,2,0,6,0,[],False,False
wseg_000029,,,,,324,329,6,6,0,139.64,140.9,1.2600000000000193,,0.01999999999998181,0.01999999999998181,1,0,6,0,[],False,False
wseg_000030,,,,,330,342,13,13,0,140.92,144.4,3.480000000000018,,0.0,0.0,0,0,13,0,[],False,False
wseg_000031,,,,,343,346,4,4,0,144.4,145.1,0.6999999999999886,,0.30000000000001137,0.30000000000001137,1,0,4,0,[],False,False
wseg_000032,,,,,347,352,6,6,0,145.4,147.76,2.359999999999985,,0.18000000000000682,0.3400000000000034,2,0,6,0,[],False,False
wseg_000033,,,,,353,360,8,8,0,147.76,149.64,1.8799999999999955,,0.9800000000000182,1.240000000000009,2,0,8,0,[],False,False
wseg_000034,,,,,361,368,8,8,0,150.62,152.48,1.8599999999999852,,0.1599999999999966,0.2799999999999727,2,0,8,0,[],False,False
wseg_000035,,,,,369,373,5,5,0,152.64,154.26,1.6200000000000045,,0.060000000000002274,0.060000000000002274,1,0,5,0,[],False,False
wseg_000036,,,,,374,381,8,8,0,154.32,156.56,2.240000000000009,,1.5,1.839999999999975,4,0,8,0,[],False,False
wseg_000037,,,,,382,396,15,15,0,158.06,164.04,5.97999999999999,,0.0,0.0,0,0,15,0,[],False,False
wseg_000038,,,,,397,412,16,16,0,164.04,167.64,3.5999999999999943,,0.060000000000002274,0.060000000000002274,1,0,16,0,[],False,False
wseg_000039,,,,,413,420,8,8,0,167.64,170.24,2.6000000000000227,,0.6799999999999784,0.6799999999999784,1,0,8,0,[],False,False
wseg_000040,,,,,421,424,4,4,0,170.92,172.02,1.1000000000000227,,0.11999999999997613,0.11999999999997613,1,0,4,0,[],False,False
wseg_000041,,,,,425,437,13,13,0,172.14,176.12,3.980000000000018,,0.0,0.0,0,0,13,0,[],False,False
wseg_000042,,,,,438,443,6,6,0,176.12,176.94,0.8199999999999932,,0.09999999999999432,0.09999999999999432,1,0,6,0,[],False,False
wseg_000043,,,,,444,451,8,8,0,177.04,180.06,3.0200000000000102,,0.5200000000000102,0.620000000000033,2,0,8,0,[],False,False
wseg_000044,,,,,452,454,3,3,0,180.58,181.5,0.9199999999999875,,0.09999999999999432,0.09999999999999432,1,0,3,0,[],False,False
wseg_000045,,,,,455,469,15,15,0,181.6,185.64,4.039999999999992,,0.160000000000025,0.160000000000025,1,0,15,0,[],False,False
wseg_000046,,,,,470,476,7,7,0,185.8,187.76,1.9599999999999795,,0.18000000000000682,0.18000000000000682,1,0,7,0,[],False,False
wseg_000047,,,,,477,487,11,11,0,187.94,191.5,3.5600000000000023,,1.0600000000000023,1.1400000000000148,2,0,11,0,[],False,False
wseg_000048,,,,,488,494,7,7,0,192.56,194.82,2.259999999999991,,0.020000000000010232,0.020000000000010232,1,0,7,0,[],False,False
wseg_000049,,,,,495,503,9,9,0,194.84,199.76,4.9199999999999875,,0.0,0.0,0,0,9,0,[],False,False
wseg_000050,,,,,504,510,7,7,0,199.76,200.86,1.1000000000000227,,0.05999999999997385,0.05999999999997385,1,0,7,0,[],False,False
wseg_000051,,,,,511,518,8,8,0,200.92,204.42,3.5,,0.060000000000002274,0.09999999999999432,2,0,8,0,[],False,False
wseg_000052,,,,,519,525,7,7,0,204.48,207.74,3.2600000000000193,,0.21999999999999886,0.28000000000000114,2,0,7,0,[],False,False
wseg_000053,,,,,526,538,13,13,0,207.8,211.1,3.299999999999983,,0.18000000000000682,0.2600000000000193,2,0,13,0,[],False,False
wseg_000054,,,,,539,556,18,18,0,211.28,214.9,3.6200000000000045,,0.0,0.0,0,0,18,0,[],False,False
wseg_000055,,,,,557,565,9,9,0,214.9,218.08,3.180000000000007,,0.4399999999999977,0.4399999999999977,1,0,9,0,[],False,False
wseg_000056,,,,,566,584,19,19,0,218.52,224.02,5.5,,0.23999999999998067,0.23999999999998067,1,0,19,0,[],False,False
wseg_000057,,,,,585,595,11,11,0,224.26,227.32,3.0600000000000023,,0.2400000000000091,0.2599999999999909,2,0,11,0,[],False,False
wseg_000058,,,,,596,602,7,7,0,227.56,230.14,2.579999999999984,,0.0,0.0,0,0,7,0,[],False,False
wseg_000059,,,,,603,603,1,1,0,230.14,230.26,0.12000000000000455,,0.0,0.0,0,0,1,0,[],False,False
wseg_000060,,,,,604,611,8,8,0,230.26,233.62,3.3600000000000136,,0.01999999999998181,0.01999999999998181,1,0,8,0,[],False,False
wseg_000061,,,,,612,619,8,8,0,233.64,236.32,2.680000000000007,,0.060000000000002274,0.060000000000002274,1,0,8,0,[],False,False
wseg_000062,,,,,620,629,10,10,0,236.38,237.5,1.1200000000000045,,0.09999999999999432,0.09999999999999432,1,0,10,0,[],False,False
wseg_000063,,,,,630,643,14,14,0,237.6,241.76,4.159999999999997,,0.2400000000000091,0.3200000000000216,2,0,14,0,[],False,False
wseg_000064,,,,,644,655,12,12,0,241.84,246.18,4.340000000000003,,0.03999999999999204,0.03999999999999204,1,0,12,0,[],False,False
wseg_000065,,,,,656,668,13,13,0,246.22,249.94,3.719999999999999,,0.3199999999999932,0.3199999999999932,1,0,13,0,[],False,False
wseg_000066,,,,,669,680,12,12,0,250.26,253.22,2.960000000000008,,0.09999999999999432,0.09999999999999432,1,0,12,0,[],False,False
wseg_000067,,,,,681,688,8,8,0,253.32,255.68,2.3600000000000136,,0.07999999999998408,0.07999999999998408,1,0,8,0,[],False,False
wseg_000068,,,,,689,700,12,12,0,255.76,259.48,3.7200000000000273,,0.0,0.0,0,0,12,0,[],False,False
wseg_000069,,,,,701,712,12,12,0,259.48,262.26,2.7799999999999727,,0.18000000000000682,0.2799999999999727,2,0,12,0,[],False,False
wseg_000070,,,,,713,730,18,18,0,262.44,265.96,3.519999999999982,,0.08000000000004093,0.20000000000004547,3,0,18,0,[],False,False
wseg_000071,,,,,731,740,10,10,0,266.04,268.64,2.599999999999966,,0.1199999999999477,0.13999999999998636,2,0,10,0,[],False,False
wseg_000072,,,,,741,756,16,16,0,268.66,272.5,3.839999999999975,,0.19999999999998863,0.19999999999998863,1,0,16,0,[],False,False
wseg_000073,,,,,757,772,16,16,0,272.7,276.6,3.900000000000034,,0.5999999999999659,0.5999999999999659,1,0,16,0,[],False,False
wseg_000074,,,,,773,785,13,13,0,277.2,281.6,4.400000000000034,,0.12000000000000455,0.12000000000000455,1,0,13,0,[],False,False
wseg_000075,,,,,786,796,11,11,0,281.72,284.7,2.9799999999999613,,0.12000000000000455,0.12000000000000455,1,0,11,0,[],False,False
wseg_000076,,,,,797,810,14,14,0,284.7,288.04,3.340000000000032,,0.7599999999999909,0.7799999999999727,2,0,14,0,[],False,False
wseg_000077,,,,,811,811,1,1,0,288.8,289.16,0.36000000000001364,,0.0,0.0,0,0,1,0,[],False,False
wseg_000078,,,,,812,824,13,13,0,289.16,294.18,5.019999999999982,,0.45999999999997954,0.5799999999999841,3,0,13,0,[],False,False
wseg_000079,,,,,825,836,12,12,0,294.64,299.04,4.400000000000034,,0.18000000000000682,0.3000000000000682,3,0,12,0,[],False,False
wseg_000080,,,,,837,844,8,8,0,299.22,301.44,2.2199999999999704,,1.079999999999984,1.160000000000025,2,0,8,0,[],False,False
wseg_000081,,,,,845,851,7,7,0,302.52,305.24,2.7200000000000273,,0.18000000000000682,0.18000000000000682,1,0,7,0,[],False,False
wseg_000082,,,,,852,862,11,11,0,305.42,307.16,1.740000000000009,,0.23999999999995225,0.23999999999995225,1,0,11,0,[],False,False
wseg_000083,,,,,863,873,11,11,0,307.4,310.42,3.0200000000000387,,0.18000000000000682,0.19999999999998863,2,0,11,0,[],False,False
wseg_000084,,,,,874,882,9,9,0,310.44,313.32,2.8799999999999955,,0.5400000000000205,0.7600000000000477,2,0,9,0,[],False,False
wseg_000085,,,,,883,891,9,9,0,313.86,315.98,2.1200000000000045,,0.01999999999998181,0.01999999999998181,1,0,9,0,[],False,False
wseg_000086,,,,,892,909,18,18,0,316.0,318.72,2.7200000000000273,,0.060000000000002274,0.060000000000002274,1,0,18,0,[],False,False
wseg_000087,,,,,910,915,6,6,0,318.72,320.18,1.4599999999999795,,0.07999999999998408,0.07999999999998408,1,0,6,0,[],False,False
wseg_000088,,,,,916,928,13,13,0,320.26,322.76,2.5,,0.4600000000000364,0.4600000000000364,1,0,13,0,[],False,False
wseg_000089,,,,,929,935,7,7,0,323.22,325.04,1.8199999999999932,,0.5999999999999659,0.5999999999999659,1,0,7,0,[],False,False
wseg_000090,,,,,936,948,13,13,0,325.64,328.56,2.920000000000016,,0.07999999999998408,0.13999999999998636,2,0,13,0,[],False,False
wseg_000091,,,,,949,961,13,13,0,328.62,331.64,3.019999999999982,,0.020000000000038654,0.020000000000038654,1,0,13,0,[],False,False
wseg_000092,,,,,962,980,19,19,0,331.64,334.62,2.980000000000018,,0.1199999999999477,0.1999999999999318,2,0,19,0,[],False,False
wseg_000093,,,,,981,989,9,9,0,334.7,338.9,4.199999999999989,,0.0,0.0,0,0,9,0,[],False,False
wseg_000094,,,,,990,996,7,7,0,338.9,340.62,1.7200000000000273,,0.5799999999999841,0.5799999999999841,1,0,7,0,[],False,False
wseg_000095,,,,,997,1009,13,13,0,341.2,345.92,4.720000000000027,,0.4399999999999977,0.5,2,0,13,0,[],False,False
wseg_000096,,,,,1010,1015,6,6,0,346.36,347.72,1.3600000000000136,,0.45999999999997954,0.45999999999997954,1,0,6,0,[],False,False
wseg_000097,,,,,1016,1023,8,8,0,348.18,351.46,3.2799999999999727,,0.4200000000000159,0.4800000000000182,2,0,8,0,[],False,False
wseg_000098,,,,,1024,1036,13,13,0,351.88,356.5,4.6200000000000045,,0.040000000000020464,0.040000000000020464,1,0,13,0,[],False,False
wseg_000099,,,,,1037,1049,13,13,0,356.54,360.96,4.419999999999959,,0.08000000000004093,0.08000000000004093,1,0,13,0,[],False,False
wseg_000100,,,,,1050,1059,10,10,0,361.04,363.96,2.919999999999959,,0.0,0.0,0,0,10,0,[],False,False
wseg_000101,,,,,1060,1064,5,5,0,363.96,364.84,0.8799999999999955,,0.30000000000001137,0.30000000000001137,1,0,5,0,[],False,False
wseg_000102,,,,,1065,1070,6,6,0,365.14,366.96,1.8199999999999932,,0.020000000000038654,0.020000000000038654,1,0,6,0,[],False,False
wseg_000103,,,,,1071,1078,8,8,0,366.98,370.62,3.6399999999999864,,0.060000000000002274,0.060000000000002274,1,0,8,0,[],False,False
wseg_000104,,,,,1079,1092,14,14,0,370.68,374.54,3.8600000000000136,,0.13999999999998636,0.15999999999996817,2,0,14,0,[],False,False
wseg_000105,,,,,1093,1103,11,11,0,374.56,376.12,1.5600000000000023,,0.060000000000002274,0.060000000000002274,1,0,11,0,[],False,False
wseg_000106,,,,,1104,1111,8,8,0,376.18,377.64,1.4599999999999795,,0.08000000000004093,0.08000000000004093,1,0,8,0,[],False,False
wseg_000107,,,,,1112,1120,9,9,0,377.72,380.6,2.8799999999999955,,0.03999999999996362,0.03999999999996362,1,0,9,0,[],False,False
wseg_000108,,,,,1121,1125,5,5,0,380.64,381.54,0.9000000000000341,,0.15999999999996817,0.15999999999996817,1,0,5,0,[],False,False
wseg_000109,,,,,1126,1134,9,9,0,381.7,385.08,3.3799999999999955,,0.12000000000000455,0.2400000000000091,2,0,9,0,[],False,False
wseg_000110,,,,,1135,1143,9,9,0,385.2,388.54,3.340000000000032,,0.18000000000000682,0.18000000000000682,1,0,9,0,[],False,False
wseg_000111,,,,,1144,1153,10,10,0,388.72,392.74,4.019999999999982,,0.03999999999996362,0.03999999999996362,1,0,10,0,[],False,False
wseg_000112,,,,,1154,1164,11,11,0,392.78,395.2,2.420000000000016,,0.5600000000000023,0.5799999999999841,2,0,11,0,[],False,False
wseg_000113,,,,,1165,1176,12,12,0,395.76,399.2,3.4399999999999977,,0.160000000000025,0.30000000000001137,2,0,12,0,[],False,False
wseg_000114,,,,,1177,1183,7,7,0,399.36,401.58,2.2199999999999704,,0.060000000000002274,0.060000000000002274,1,0,7,0,[],False,False
wseg_000115,,,,,1184,1194,11,11,0,401.64,406.88,5.240000000000009,,0.0,0.0,0,0,11,0,[],False,False
wseg_000116,,,,,1195,1197,3,3,0,406.88,408.34,1.4599999999999795,,0.020000000000038654,0.020000000000038654,1,0,3,0,[],False,False
wseg_000117,,,,,1198,1214,17,17,0,408.36,411.74,3.3799999999999955,,0.08000000000004093,0.10000000000002274,2,0,17,0,[],False,False
wseg_000118,,,,,1215,1223,9,9,0,411.76,413.94,2.180000000000007,,0.07999999999998408,0.07999999999998408,1,0,9,0,[],False,False
wseg_000119,,,,,1224,1232,9,9,0,414.02,416.46,2.4399999999999977,,0.1400000000000432,0.1400000000000432,1,1,9,0,[],False,False
wseg_000120,,,,,1233,1249,17,17,0,416.6,420.12,3.519999999999982,,0.0,0.0,0,0,17,0,[],False,False
wseg_000121,,,,,1250,1254,5,5,0,420.12,420.92,0.8000000000000114,,0.0999999999999659,0.0999999999999659,1,0,5,0,[],False,False
wseg_000122,,,,,1255,1263,9,9,0,421.02,424.08,3.0600000000000023,,0.18000000000000682,0.20000000000004547,2,0,9,0,[],False,False
wseg_000123,,,,,1264,1275,12,12,0,424.1,427.76,3.659999999999968,,0.19999999999998863,0.22000000000002728,2,0,12,0,[],False,False
wseg_000124,,,,,1276,1283,8,8,0,427.96,430.22,2.2600000000000477,,0.5199999999999818,0.7199999999999704,2,0,8,0,[],False,False
wseg_000125,,,,,1284,1294,11,11,0,430.74,436.34,5.599999999999966,,0.6800000000000637,0.6800000000000637,1,0,11,0,[],False,False
wseg_000126,,,,,1295,1302,8,8,0,437.02000000000004,441.2,4.17999999999995,,0.10000000000002274,0.10000000000002274,1,0,8,0,[],False,False
wseg_000127,,,,,1303,1311,9,9,0,441.3,443.9,2.599999999999966,,0.08000000000004093,0.08000000000004093,1,0,9,0,[],False,False
wseg_000128,,,,,1312,1323,12,12,0,443.98,446.34,2.359999999999957,,0.0,0.0,0,0,12,0,[],False,False
wseg_000129,,,,,1324,1338,15,15,0,446.34,448.62,2.2800000000000296,,0.0,0.0,0,0,15,0,[],False,False
wseg_000130,,,,,1339,1353,15,15,0,448.62,451.02,2.3999999999999773,,0.13999999999998636,0.2400000000000091,2,0,15,0,[],False,False
wseg_000131,,,,,1354,1364,11,11,0,451.12,453.14,2.019999999999982,,0.10000000000002274,0.10000000000002274,1,0,11,0,[],False,False
wseg_000132,,,,,1365,1371,7,7,0,453.24,455.32,2.079999999999984,,0.10000000000002274,0.10000000000002274,1,0,7,0,[],False,False
wseg_000133,,,,,1372,1380,9,9,0,455.42,456.82,1.3999999999999773,,0.060000000000002274,0.060000000000002274,1,0,9,0,[],False,False
wseg_000134,,,,,1381,1394,14,14,0,456.88,460.2,3.319999999999993,,0.0,0.0,0,0,14,0,[],False,False
wseg_000135,,,,,1395,1402,8,8,0,460.2,462.32,2.1200000000000045,,0.10000000000002274,0.10000000000002274,1,0,8,0,[],False,False
wseg_000136,,,,,1403,1408,6,6,0,462.42,463.1,0.6800000000000068,,0.21999999999997044,0.21999999999997044,1,0,6,0,[],False,False
wseg_000137,,,,,1409,1414,6,6,0,463.32,465.28,1.9599999999999795,,0.5800000000000409,0.5800000000000409,1,0,6,0,[],False,False
wseg_000138,,,,,1415,1415,1,1,0,465.86,466.18,0.3199999999999932,,0.0,0.0,0,0,1,0,[],False,False
wseg_000139,,,,,1416,1427,12,12,0,466.18,469.18,3.0,,0.4200000000000159,0.4200000000000159,1,0,12,0,[],False,False
wseg_000140,,,,,1428,1431,4,4,0,469.6,471.16,1.5600000000000023,,0.15999999999996817,0.15999999999996817,1,0,4,0,[],False,False
wseg_000141,,,,,1432,1446,15,15,0,471.32,475.06,3.740000000000009,,0.0,0.0,0,0,15,0,[],False,False
wseg_000142,,,,,1447,1461,15,15,0,475.06,478.26,3.1999999999999886,,0.6800000000000068,0.6800000000000068,1,0,15,0,[],False,False
wseg_000143,,,,,1462,1469,8,8,0,478.94,481.0,2.0600000000000023,,0.160000000000025,0.18000000000000682,2,0,8,0,[],False,False
wseg_000144,,,,,1470,1478,9,9,0,481.16,483.54,2.3799999999999955,,0.45999999999997954,0.45999999999997954,1,0,9,0,[],False,False
wseg_000145,,,,,1479,1486,8,8,0,484.0,486.68,2.680000000000007,,0.19999999999998863,0.19999999999998863,1,0,8,0,[],False,False
wseg_000146,,,,,1487,1498,12,12,0,486.88,490.88,4.0,,0.0,0.0,0,0,12,0,[],False,False
wseg_000147,,,,,1499,1506,8,8,0,490.88,493.72,2.840000000000032,,0.0,0.0,0,0,8,0,[],False,False
wseg_000148,,,,,1507,1511,5,5,0,493.72,495.52,1.7999999999999545,,0.660000000000025,0.660000000000025,1,0,5,0,[],False,False
wseg_000149,,,,,1512,1522,11,11,0,496.18,498.8,2.6200000000000045,,0.0,0.0,0,0,11,0,[],False,False
wseg_000150,,,,,1523,1534,12,12,0,498.8,503.28,4.479999999999961,,0.0,0.0,0,0,12,0,[],False,False
wseg_000151,,,,,1535,1546,12,12,0,503.28,506.6,3.32000000000005,,0.47999999999996135,0.47999999999996135,1,0,12,0,[],False,False
wseg_000152,,,,,1547,1554,8,8,0,507.08,509.62,2.5400000000000205,,0.18000000000000682,0.22000000000002728,2,0,8,0,[],False,False
wseg_000153,,,,,1555,1561,7,7,0,509.8,512.02,2.2199999999999704,,0.0,0.0,0,0,7,0,[],False,False
wseg_000154,,,,,1562,1567,6,6,0,512.02,513.9,1.8799999999999955,,0.15999999999996817,0.20000000000004547,2,0,6,0,[],False,False
wseg_000155,,,,,1568,1576,9,9,0,514.06,516.38,2.32000000000005,,0.32000000000005,0.32000000000005,1,0,9,0,[],False,False
wseg_000156,,,,,1577,1584,8,8,0,516.7,518.68,1.9799999999999045,,0.2600000000001046,0.2600000000001046,1,0,8,0,[],False,False
wseg_000157,,,,,1585,1595,11,11,0,518.94,521.8,2.8599999999999,,0.0,0.0,0,0,11,0,[],False,False
wseg_000158,,,,,1596,1598,3,3,0,521.8,522.98,1.1800000000000637,,0.12000000000000455,0.12000000000000455,1,0,3,0,[],False,False
wseg_000159,,,,,1599,1600,2,2,0,523.1,523.74,0.6399999999999864,,0.2400000000000091,0.2400000000000091,1,0,2,0,[],False,False
wseg_000160,,,,,1601,1607,7,7,0,523.98,525.84,1.8600000000000136,,0.33999999999991815,0.4199999999999591,2,0,7,0,[],False,False
wseg_000161,,,,,1608,1621,14,14,0,526.18,529.48,3.300000000000068,,0.0,0.0,0,0,14,0,[],False,False
wseg_000162,,,,,1622,1634,13,13,0,529.48,533.44,3.9600000000000364,,0.39999999999997726,0.39999999999997726,1,0,13,0,[],False,False
wseg_000163,,,,,1635,1640,6,6,0,533.84,535.64,1.7999999999999545,,0.32000000000005,0.32000000000005,1,0,6,0,[],False,False
wseg_000164,,,,,1641,1650,10,10,0,535.96,538.9,2.939999999999941,,0.0,0.0,0,0,10,0,[],False,False
wseg_000165,,,,,1651,1660,10,10,0,538.9,542.42,3.519999999999982,,0.0,0.0,0,0,10,0,[],False,False
wseg_000166,,,,,1661,1663,3,3,0,542.42,543.46,1.0400000000000773,,0.0,0.0,0,0,3,0,[],False,False
wseg_000167,,,,,1664,1671,8,8,0,543.46,546.52,3.0599999999999454,,0.10000000000002274,0.10000000000002274,1,0,8,0,[],False,False
wseg_000168,,,,,1672,1682,11,11,0,546.52,549.34,2.82000000000005,,0.37999999999999545,0.37999999999999545,1,0,11,0,[],False,False
wseg_000169,,,,,1683,1687,5,5,0,549.72,551.46,1.740000000000009,,0.01999999999998181,0.01999999999998181,1,0,5,0,[],False,False
wseg_000170,,,,,1688,1697,10,10,0,551.46,553.96,2.5,,0.0,0.0,0,0,10,0,[],False,False
wseg_000171,,,,,1698,1704,7,7,0,553.96,556.16,2.199999999999932,,0.0,0.0,0,0,7,0,[],False,False
wseg_000172,,,,,1705,1716,12,12,0,556.16,559.22,3.060000000000059,,0.10000000000002274,0.10000000000002274,1,0,12,0,[],False,False
wseg_000173,,,,,1717,1725,9,9,0,559.22,561.76,2.5399999999999636,,0.18000000000006366,0.18000000000006366,1,0,9,0,[],False,False
wseg_000174,,,,,1726,1735,10,10,0,561.94,564.46,2.519999999999982,,0.0,0.0,0,0,10,0,[],False,False
wseg_000175,,,,,1736,1747,12,12,0,564.46,568.02,3.5599999999999454,,0.0,0.0,0,0,12,0,[],False,False
wseg_000176,,,,,1748,1756,9,9,0,568.02,570.6,2.580000000000041,,0.67999999999995,0.9799999999999045,3,0,9,0,[],False,False
wseg_000177,,,,,1757,1767,11,11,0,571.28,573.26,1.9800000000000182,,0.0,0.0,0,0,11,0,[],False,False
wseg_000178,,,,,1768,1774,7,7,0,573.26,576.38,3.1200000000000045,,0.0,0.0,0,0,7,0,[],False,False
wseg_000179,,,,,1775,1781,7,7,0,576.38,578.92,2.5399999999999636,,1.1599999999999682,1.1599999999999682,1,0,7,0,[],False,False
wseg_000180,,,,,1782,1786,5,5,0,580.0799999999999,582.02,1.9400000000000546,,0.13999999999998636,0.13999999999998636,1,0,5,0,[],False,False
wseg_000181,,,,,1787,1793,7,7,0,582.02,583.94,1.9200000000000728,,0.01999999999998181,0.01999999999998181,1,0,7,0,[],False,False
wseg_000182,,,,,1794,1800,7,7,0,583.96,586.08,2.1200000000000045,,0.0,0.0,0,0,7,0,[],False,False
wseg_000183,,,,,1801,1804,4,4,0,586.08,587.56,1.4799999999999045,,0.10000000000002274,0.10000000000002274,1,0,4,0,[],False,False
wseg_000184,,,,,1805,1808,4,4,0,587.66,588.9,1.240000000000009,,0.0,0.0,0,0,4,0,[],False,False
wseg_000185,,,,,1809,1812,4,4,0,588.9,590.58,1.6800000000000637,,0.07999999999992724,0.07999999999992724,1,0,4,0,[],False,False
wseg_000186,,,,,1813,1823,11,11,0,590.66,593.48,2.82000000000005,,0.05999999999994543,0.05999999999994543,1,0,11,0,[],False,False
wseg_000187,,,,,1824,1832,9,9,0,593.48,595.42,1.9399999999999409,,0.020000000000095497,0.020000000000095497,1,0,9,0,[],False,False
wseg_000188,,,,,1833,1843,11,11,0,595.44,598.38,2.939999999999941,,0.13999999999998636,0.13999999999998636,1,0,11,0,[],False,False
wseg_000189,,,,,1844,1851,8,8,0,598.52,601.26,2.740000000000009,,0.0,0.0,0,0,8,0,[],False,False
wseg_000190,,,,,1852,1855,4,4,0,601.26,602.8,1.5399999999999636,,0.0,0.0,0,0,4,0,[],False,False
wseg_000191,,,,,1856,1865,10,10,0,602.8,606.2,3.400000000000091,,0.0,0.0,0,0,10,0,[],False,False
wseg_000192,,,,,1866,1870,5,5,0,606.2,607.22,1.0199999999999818,,0.0,0.0,0,0,5,0,[],False,False
wseg_000193,,,,,1871,1876,6,6,0,607.22,609.08,1.8600000000000136,,0.4199999999999591,0.4199999999999591,1,0,6,0,[],False,False
wseg_000194,,,,,1877,1882,6,6,0,609.5,612.2,2.7000000000000455,,0.15999999999996817,0.15999999999996817,1,0,6,0,[],False,False
wseg_000195,,,,,1883,1888,6,6,0,612.36,613.82,1.4600000000000364,,0.7999999999999545,0.7999999999999545,1,0,6,0,[],False,False
wseg_000196,,,,,1889,1898,10,10,0,614.62,618.24,3.6200000000000045,,0.0,0.0,0,0,10,0,[],False,False
wseg_000197,,,,,1899,1907,9,9,0,618.24,620.1,1.8600000000000136,,0.0,0.0,0,0,9,0,[],False,False
wseg_000198,,,,,1908,1915,8,8,0,620.1,621.86,1.759999999999991,,0.5,0.5,1,0,8,0,[],False,False
wseg_000199,,,,,1916,1928,13,13,0,622.36,625.96,3.6000000000000227,,0.01999999999998181,0.01999999999998181,1,0,13,0,[],False,False
wseg_000200,,,,,1929,1937,9,9,0,625.96,628.56,2.599999999999909,,0.12000000000000455,0.2400000000000091,2,0,9,0,[],False,False
wseg_000201,,,,,1938,1947,10,10,0,628.68,630.0,1.32000000000005,,0.13999999999998636,0.13999999999998636,1,0,10,0,[],False,False
wseg_000202,,,,,1948,1957,10,10,0,630.14,632.4,2.259999999999991,,0.0,0.0,0,0,10,0,[],False,False
wseg_000203,,,,,1958,1964,7,7,0,632.4,633.64,1.240000000000009,,0.0,0.0,0,0,7,0,[],False,False
wseg_000204,,,,,1965,1970,6,6,0,633.64,635.46,1.82000000000005,,0.09999999999990905,0.09999999999990905,1,0,6,0,[],False,False
wseg_000205,,,,,1971,1976,6,6,0,635.56,637.54,1.9800000000000182,,0.0,0.0,0,0,6,0,[],False,False
wseg_000206,,,,,1977,1986,10,10,0,637.54,638.88,1.3400000000000318,,0.42000000000007276,0.42000000000007276,1,0,10,0,[],False,False
wseg_000207,,,,,1987,1992,6,6,0,639.3000000000001,641.52,2.2199999999999136,,0.0,0.0,0,0,6,0,[],False,False
wseg_000208,,,,,1993,2000,8,8,0,641.52,644.4,2.8799999999999955,,0.0,0.0,0,0,8,0,[],False,False
wseg_000209,,,,,2001,2004,4,4,0,644.4,646.42,2.019999999999982,,0.10000000000002274,0.10000000000002274,1,0,4,0,[],False,False
wseg_000210,,,,,2005,2011,7,7,0,646.52,649.3,2.7799999999999727,,0.2999999999999545,0.32000000000005,2,0,7,0,[],False,False
wseg_000211,,,,,2012,2013,2,2,0,649.32,650.52,1.1999999999999318,,0.15999999999996817,0.15999999999996817,1,0,2,0,[],False,False
wseg_000212,,,,,2014,2021,8,8,0,650.68,652.96,2.2800000000000864,,0.03999999999996362,0.03999999999996362,1,0,8,0,[],False,False
wseg_000213,,,,,2022,2024,3,3,0,653.0,653.98,0.9800000000000182,,0.13999999999998636,0.13999999999998636,1,0,3,0,[],False,False
wseg_000214,,,,,2025,2031,7,7,0,654.12,656.02,1.8999999999999773,,0.0,0.0,0,0,7,0,[],False,False
wseg_000215,,,,,2032,2035,4,4,0,656.02,656.7,0.6800000000000637,,0.13999999999998636,0.13999999999998636,1,0,4,0,[],False,False
wseg_000216,,,,,2036,2040,5,5,0,656.84,658.98,2.1399999999999864,,0.05999999999994543,0.05999999999994543,1,0,5,0,[],False,False
wseg_000217,,,,,2041,2050,10,10,0,659.04,660.68,1.6399999999999864,,0.22000000000002728,0.22000000000002728,1,0,10,0,[],False,False
wseg_000218,,,,,2051,2058,8,8,0,660.9,663.64,2.740000000000009,,0.0,0.0,0,0,8,0,[],False,False
wseg_000219,,,,,2059,2065,7,7,0,663.64,664.68,1.0399999999999636,,0.0,0.0,0,0,7,0,[],False,False
wseg_000220,,,,,2066,2076,11,11,0,664.68,668.18,3.5,,0.04000000000007731,0.04000000000007731,1,0,11,0,[],False,False
wseg_000221,,,,,2077,2081,5,5,0,668.22,669.56,1.3399999999999181,,0.10000000000002274,0.10000000000002274,1,0,5,0,[],False,False
wseg_000222,,,,,2082,2086,5,5,0,669.66,671.5,1.8400000000000318,,0.01999999999998181,0.01999999999998181,1,0,5,0,[],False,False
wseg_000223,,,,,2087,2094,8,8,0,671.52,673.94,2.4200000000000728,,0.13999999999998636,0.13999999999998636,1,0,8,0,[],False,False
wseg_000224,,,,,2095,2098,4,4,0,674.08,675.7,1.6200000000000045,,0.08000000000004093,0.10000000000002274,2,0,4,0,[],False,False
wseg_000225,,,,,2099,2105,7,7,0,675.72,677.68,1.9599999999999227,,0.0,0.0,0,0,7,0,[],False,False
wseg_000226,,,,,2106,2109,4,4,0,677.68,678.56,0.8799999999999955,,0.06000000000005912,0.06000000000005912,1,0,4,0,[],False,False
wseg_000227,,,,,2110,2117,8,8,0,678.62,681.54,2.919999999999959,,0.0,0.0,0,0,8,0,[],False,False
wseg_000228,,,,,2118,2122,5,5,0,681.54,682.8,1.259999999999991,,0.4800000000000182,0.4800000000000182,1,0,5,0,[],False,False
wseg_000229,,,,,2123,2128,6,6,0,683.28,684.24,0.9600000000000364,,0.08000000000004093,0.08000000000004093,1,0,6,0,[],False,False
wseg_000230,,,,,2129,2141,13,13,0,684.32,686.5,2.17999999999995,,0.18000000000006366,0.2600000000001046,2,0,13,0,[],False,False
wseg_000231,,,,,2142,2147,6,6,0,686.58,688.3,1.7199999999999136,,0.0,0.0,0,0,6,0,[],False,False
wseg_000232,,,,,2148,2153,6,6,0,688.3,690.88,2.580000000000041,,0.08000000000004093,0.08000000000004093,1,0,6,0,[],False,False
wseg_000233,,,,,2154,2156,3,3,0,690.96,692.22,1.259999999999991,,0.03999999999996362,0.03999999999996362,1,0,3,0,[],False,False
wseg_000234,,,,,2157,2167,11,11,0,692.26,694.64,2.3799999999999955,,0.01999999999998181,0.01999999999998181,1,0,11,0,[],False,False
wseg_000235,,,,,2168,2177,10,10,0,694.64,696.1,1.4600000000000364,,0.12000000000000455,0.12000000000000455,1,0,10,0,[],False,False
wseg_000236,,,,,2178,2180,3,3,0,696.22,696.72,0.5,,0.5799999999999272,0.5799999999999272,1,0,3,0,[],False,False
wseg_000237,,,,,2181,2188,8,8,0,697.3,699.6,2.300000000000068,,1.919999999999959,1.919999999999959,1,0,8,0,[],False,False
wseg_000238,,,,,2189,2198,10,10,0,701.52,703.32,1.8000000000000682,,0.0,0.0,0,0,10,0,[],False,False
wseg_000239,,,,,2199,2202,4,4,0,703.32,704.58,1.259999999999991,,0.0,0.0,0,0,4,0,[],False,False
wseg_000240,,,,,2203,2209,7,7,0,704.58,707.26,2.67999999999995,,0.0,0.0,0,0,7,0,[],False,False
wseg_000241,,,,,2210,2212,3,3,0,707.26,708.26,1.0,,0.2599999999999909,0.2599999999999909,1,0,3,0,[],False,False
wseg_000242,,,,,2213,2221,9,9,0,708.52,711.54,3.019999999999982,,0.0,0.0,0,0,9,0,[],False,False
wseg_000243,,,,,2222,2226,5,5,0,711.54,713.36,1.82000000000005,,0.0,0.0,0,0,5,0,[],False,False
wseg_000244,,,,,2227,2230,4,4,0,713.36,714.86,1.5,,0.15999999999996817,0.2199999999999136,2,0,4,0,[],False,False
wseg_000245,,,,,2231,2235,5,5,0,714.92,717.14,2.2200000000000273,,0.01999999999998181,0.01999999999998181,1,0,5,0,[],False,False
wseg_000246,,,,,2236,2242,7,7,0,717.16,719.84,2.6800000000000637,,0.0,0.0,0,0,7,0,[],False,False
wseg_000247,,,,,2243,2246,4,4,0,719.84,720.74,0.8999999999999773,,0.7799999999999727,0.7799999999999727,1,0,4,0,[],False,False
wseg_000248,,,,,2247,2250,4,4,0,721.52,722.86,1.3400000000000318,,0.8400000000000318,0.8400000000000318,1,0,4,0,[],False,False
wseg_000249,,,,,2251,2254,4,4,0,723.7,724.96,1.259999999999991,,0.1999999999999318,0.1999999999999318,1,0,4,0,[],False,False
wseg_000250,,,,,2255,2261,7,7,0,725.16,727.06,1.8999999999999773,,0.020000000000095497,0.020000000000095497,1,0,7,0,[],False,False
wseg_000251,,,,,2262,2266,5,5,0,727.08,728.7,1.6200000000000045,,0.07999999999992724,0.07999999999992724,1,0,5,0,[],False,False
wseg_000252,,,,,2267,2272,6,6,0,728.78,730.22,1.4400000000000546,,1.2999999999999545,1.2999999999999545,1,0,6,0,[],False,False
wseg_000253,,,,,2273,2276,4,4,0,731.52,732.32,0.8000000000000682,,0.0,0.0,0,0,4,0,[],False,False
wseg_000254,,,,,2277,2284,8,8,0,732.32,735.18,2.8599999999999,,0.22000000000002728,0.22000000000002728,1,0,8,0,[],False,False
wseg_000255,,,,,2285,2289,5,5,0,735.4,736.76,1.3600000000000136,,0.10000000000002274,0.16000000000008185,2,0,5,0,[],False,False
wseg_000256,,,,,2290,2296,7,7,0,736.86,739.02,2.159999999999968,,0.3000000000000682,0.3000000000000682,1,0,7,0,[],False,False
wseg_000257,,,,,2297,2303,7,7,0,739.32,741.36,2.0399999999999636,,0.12000000000000455,0.12000000000000455,1,0,7,0,[],False,False
wseg_000258,,,,,2304,2309,6,6,0,741.48,743.58,2.1000000000000227,,0.01999999999998181,0.01999999999998181,1,0,6,0,[],False,False
wseg_000259,,,,,2310,2313,4,4,0,743.6,744.94,1.3400000000000318,,0.2999999999999545,0.2999999999999545,1,0,4,0,[],False,False
wseg_000260,,,,,2314,2318,5,5,0,745.24,747.18,1.9399999999999409,,0.14000000000010004,0.14000000000010004,1,0,5,0,[],False,False
wseg_000261,,,,,2319,2322,4,4,0,747.32,748.74,1.419999999999959,,0.0,0.0,0,0,4,0,[],False,False
wseg_000262,,,,,2323,2332,10,10,0,748.74,751.08,2.340000000000032,,0.9799999999999045,0.9799999999999045,1,0,10,0,[],False,False
wseg_000263,,,,,2333,2336,4,4,0,752.06,753.14,1.080000000000041,,0.7400000000000091,0.7400000000000091,1,0,4,0,[],False,False
wseg_000264,,,,,2337,2340,4,4,0,753.88,755.1,1.2200000000000273,,0.0,0.0,0,0,4,0,[],False,False
wseg_000265,,,,,2341,2346,6,6,0,755.1,756.78,1.67999999999995,,0.16000000000008185,0.16000000000008185,1,0,6,0,[],False,False
wseg_000266,,,,,2347,2352,6,6,0,756.94,758.9,1.9599999999999227,,0.0,0.0,0,0,6,0,[],False,False
wseg_000267,,,,,2353,2360,8,8,0,758.9,761.68,2.7799999999999727,,0.0,0.0,0,0,8,0,[],False,False
wseg_000268,,,,,2361,2366,6,6,0,761.68,763.14,1.4600000000000364,,0.0,0.0,0,0,6,0,[],False,False
wseg_000269,,,,,2367,2372,6,6,0,763.14,764.28,1.1399999999999864,,0.32000000000005,0.32000000000005,1,0,6,0,[],False,False
wseg_000270,,,,,2373,2380,8,8,0,764.6,766.58,1.9800000000000182,,0.0,0.0,0,0,8,0,[],False,False
wseg_000271,,,,,2381,2384,4,4,0,766.58,767.64,1.0599999999999454,,0.22000000000002728,0.22000000000002728,1,0,4,0,[],False,False
wseg_000272,,,,,2385,2391,7,7,0,767.86,769.28,1.419999999999959,,0.5800000000000409,0.5800000000000409,1,0,7,0,[],False,False
wseg_000273,,,,,2392,2396,5,5,0,769.86,771.76,1.8999999999999773,,0.0,0.0,0,0,5,0,[],False,False
wseg_000274,,,,,2397,2405,9,9,0,771.76,773.82,2.060000000000059,,0.0,0.0,0,0,9,0,[],False,False
wseg_000275,,,,,2406,2412,7,7,0,773.82,775.62,1.7999999999999545,,0.5,0.5,1,0,7,0,[],False,False
wseg_000276,,,,,2413,2418,6,6,0,776.12,778.38,2.259999999999991,,0.09999999999990905,0.09999999999990905,1,0,6,0,[],False,False
wseg_000277,,,,,2419,2422,4,4,0,778.38,779.54,1.1599999999999682,,0.0,0.0,0,0,4,0,[],False,False
wseg_000278,,,,,2423,2428,6,6,0,779.54,781.32,1.7800000000000864,,0.0,0.0,0,0,6,0,[],False,False
wseg_000279,,,,,2429,2435,7,7,0,781.32,783.74,2.419999999999959,,0.0,0.0,0,0,7,0,[],False,False
wseg_000280,,,,,2436,2439,4,4,0,783.74,785.06,1.3199999999999363,,0.7000000000000455,0.7000000000000455,1,0,4,0,[],False,False
wseg_000281,,,,,2440,2442,3,3,0,785.76,786.9,1.1399999999999864,,2.0,2.0,1,0,3,0,[],False,False
wseg_000282,,,,,2443,2449,7,7,0,788.9,789.68,0.7799999999999727,,0.36000000000001364,0.36000000000001364,1,0,7,0,[],False,False
wseg_000283,,,,,2450,2455,6,6,0,790.04,792.22,2.1800000000000637,,0.0,0.0,0,0,6,0,[],False,False
wseg_000284,,,,,2456,2463,8,8,0,792.22,794.16,1.9399999999999409,,0.0,0.0,0,0,8,0,[],False,False
wseg_000285,,,,,2464,2471,8,8,0,794.16,796.04,1.8799999999999955,,0.6600000000000819,0.6600000000000819,1,0,8,0,[],False,False
wseg_000286,,,,,2472,2478,7,7,0,796.7,798.68,1.9799999999999045,,0.06000000000005912,0.06000000000005912,1,0,7,0,[],False,False
wseg_000287,,,,,2479,2485,7,7,0,798.74,801.0,2.259999999999991,,0.0,0.0,0,0,7,0,[],False,False
wseg_000288,,,,,2486,2489,4,4,0,801.0,802.94,1.9400000000000546,,0.05999999999994543,0.07999999999992724,2,0,4,0,[],False,False
wseg_000289,,,,,2490,2493,4,4,0,802.96,804.06,1.099999999999909,,0.9600000000000364,0.9600000000000364,1,0,4,0,[],False,False
wseg_000290,,,,,2494,2497,4,4,0,805.02,807.0,1.9800000000000182,,0.08000000000004093,0.20000000000004547,3,0,4,0,[],False,False
wseg_000291,,,,,2498,2499,2,2,0,807.08,808.24,1.1599999999999682,,0.08000000000004093,0.12000000000000455,2,0,2,0,[],False,False
wseg_000292,,,,,2500,2506,7,7,0,808.28,810.08,1.8000000000000682,,0.599999999999909,0.599999999999909,1,0,7,0,[],False,False
wseg_000293,,,,,2507,2512,6,6,0,810.68,811.78,1.1000000000000227,,0.0,0.0,0,0,6,0,[],False,False
wseg_000294,,,,,2513,2518,6,6,0,811.78,813.0,1.2200000000000273,,0.34000000000003183,0.34000000000003183,1,0,6,0,[],False,False
wseg_000295,,,,,2519,2525,7,7,0,813.34,815.18,1.8399999999999181,,0.0,0.0,0,0,7,0,[],False,False
wseg_000296,,,,,2526,2530,5,5,0,815.18,816.54,1.3600000000000136,,2.3600000000000136,2.3600000000000136,1,0,5,0,[],False,False
wseg_000297,,,,,2531,2536,6,6,0,818.9,819.9,1.0,,0.0,0.0,0,0,6,0,[],False,False
wseg_000298,,,,,2537,2541,5,5,0,819.9,821.32,1.4200000000000728,,1.3799999999998818,1.3799999999998818,1,0,5,0,[],False,False
wseg_000299,,,,,2542,2547,6,6,0,822.6999999999999,824.84,2.1400000000001,,0.0,0.0,0,0,6,0,[],False,False
wseg_000300,,,,,2548,2554,7,7,0,824.84,826.52,1.67999999999995,,0.10000000000002274,0.10000000000002274,1,0,7,0,[],False,False
wseg_000301,,,,,2555,2561,7,7,0,826.62,828.4,1.7799999999999727,,0.7000000000000455,0.7000000000000455,1,0,7,0,[],False,False
wseg_000302,,,,,2562,2568,7,7,0,829.1,830.88,1.7799999999999727,,0.05999999999994543,0.05999999999994543,1,0,7,0,[],False,False
wseg_000303,,,,,2569,2573,5,5,0,830.88,831.96,1.080000000000041,,0.12000000000000455,0.12000000000000455,1,0,5,0,[],False,False
wseg_000304,,,,,2574,2582,9,9,0,832.08,834.58,2.5,,0.0,0.0,0,0,9,0,[],False,False
wseg_000305,,,,,2583,2591,9,9,0,834.58,836.74,2.159999999999968,,0.0,0.0,0,0,9,0,[],False,False
wseg_000306,,,,,2592,2599,8,8,0,836.74,838.52,1.7799999999999727,,0.08000000000004093,0.08000000000004093,1,0,8,0,[],False,False
wseg_000307,,,,,2600,2603,4,4,0,838.6,839.78,1.17999999999995,,0.04000000000007731,0.04000000000007731,1,0,4,0,[],False,False
wseg_000308,,,,,2604,2609,6,6,0,839.82,841.94,2.1200000000000045,,0.0,0.0,0,0,6,0,[],False,False
wseg_000309,,,,,2610,2615,6,6,0,841.94,843.5,1.5599999999999454,,0.6599999999999682,0.6599999999999682,1,0,6,0,[],False,False
wseg_000310,,,,,2616,2623,8,8,0,844.16,846.12,1.9600000000000364,,0.0,0.0,0,0,8,0,[],False,False
wseg_000311,,,,,2624,2634,11,11,0,846.12,848.52,2.3999999999999773,,0.37999999999999545,0.37999999999999545,1,0,11,0,[],False,False
wseg_000312,,,,,2635,2640,6,6,0,848.9,850.88,1.9800000000000182,,0.0,0.0,0,0,6,0,[],False,False
wseg_000313,,,,,2641,2645,5,5,0,850.88,852.84,1.9600000000000364,,0.0,0.0,0,0,5,0,[],False,False
wseg_000314,,,,,2646,2653,8,8,0,852.84,854.98,2.1399999999999864,,0.15999999999996817,0.15999999999996817,1,0,8,0,[],False,False
wseg_000315,,,,,2654,2659,6,6,0,854.98,856.62,1.6399999999999864,,0.0,0.0,0,0,6,0,[],False,False
wseg_000316,,,,,2660,2668,9,9,0,856.62,858.82,2.2000000000000455,,0.07999999999992724,0.07999999999992724,1,0,9,0,[],False,False
wseg_000317,,,,,2669,2673,5,5,0,858.9,861.04,2.1399999999999864,,0.0,0.0,0,0,5,0,[],False,False
wseg_000318,,,,,2674,2684,11,11,0,861.04,862.84,1.8000000000000682,,0.10000000000002274,0.10000000000002274,1,0,11,0,[],False,False
wseg_000319,,,,,2685,2689,5,5,0,862.94,864.42,1.4799999999999045,,0.44000000000005457,0.44000000000005457,1,0,5,0,[],False,False
wseg_000320,,,,,2690,2697,8,8,0,864.86,867.4,2.5399999999999636,,0.0,0.0,0,0,8,0,[],False,False
wseg_000321,,,,,2698,2701,4,4,0,867.4,868.3,0.8999999999999773,,0.0,0.0,0,0,4,0,[],False,False
wseg_000322,,,,,2702,2707,6,6,0,868.3,870.38,2.080000000000041,,0.12000000000000455,0.1999999999999318,2,0,6,0,[],False,False
wseg_000323,,,,,2708,2717,10,10,0,870.5,872.5,2.0,,0.34000000000003183,0.34000000000003183,1,0,10,0,[],False,False
wseg_000324,,,,,2718,2722,5,5,0,872.84,874.2,1.3600000000000136,,0.05999999999994543,0.05999999999994543,1,0,5,0,[],False,False
wseg_000325,,,,,2723,2729,7,7,0,874.26,875.94,1.6800000000000637,,0.05999999999994543,0.05999999999994543,1,0,7,0,[],False,False
wseg_000326,,,,,2730,2740,11,11,0,876.0,878.16,2.159999999999968,,0.7400000000000091,0.7400000000000091,1,0,11,0,[],False,False
wseg_000327,,,,,2741,2751,11,11,0,878.9,881.08,2.1800000000000637,,0.2199999999999136,0.2399999999998954,2,0,11,0,[],False,False
wseg_000328,,,,,2752,2759,8,8,0,881.3,883.66,2.3600000000000136,,0.5199999999999818,0.5199999999999818,1,0,8,0,[],False,False
wseg_000329,,,,,2760,2768,9,9,0,883.66,885.76,2.1000000000000227,,0.0,0.0,0,0,9,0,[],False,False
wseg_000330,,,,,2769,2772,4,4,0,885.76,887.0,1.240000000000009,,0.08000000000004093,0.08000000000004093,1,0,4,0,[],False,False
wseg_000331,,,,,2773,2780,8,8,0,887.08,889.12,2.0399999999999636,,0.0,0.0,0,0,8,0,[],False,False
wseg_000332,,,,,2781,2785,5,5,0,889.12,891.26,2.1399999999999864,,0.01999999999998181,0.01999999999998181,1,0,5,0,[],False,False
wseg_000333,,,,,2786,2788,3,3,0,891.28,892.9,1.6200000000000045,,3.199999999999932,3.199999999999932,1,0,3,0,[],False,False
wseg_000334,,,,,2789,2789,1,1,0,896.0999999999999,896.54,0.44000000000005457,,0.0,0.0,0,0,1,0,[],False,False
wseg_000335,,,,,2790,2792,3,3,0,896.54,897.38,0.8400000000000318,,0.0,0.0,0,0,3,0,[],False,False
wseg_000336,,,,,2793,2794,2,2,0,897.38,898.74,1.3600000000000136,,0.05999999999994543,0.05999999999994543,1,0,2,0,[],False,False
wseg_000337,,,,,2795,2798,4,4,0,898.8,899.94,1.1400000000001,,0.11999999999989086,0.11999999999989086,1,0,4,0,[],False,False
wseg_000338,,,,,2799,2805,7,7,0,900.06,901.6,1.5400000000000773,,0.12000000000000455,0.12000000000000455,1,0,7,0,[],False,False
wseg_000339,,,,,2806,2811,6,6,0,901.72,904.64,2.919999999999959,,0.0,0.0,0,0,6,0,[],False,False
wseg_000340,,,,,2812,2817,6,6,0,904.64,906.16,1.5199999999999818,,0.10000000000002274,0.10000000000002274,1,0,6,0,[],False,False
wseg_000341,,,,,2818,2823,6,6,0,906.26,907.94,1.6800000000000637,,0.9599999999999227,0.9599999999999227,1,0,6,0,[],False,False
wseg_000342,,,,,2824,2833,10,10,0,908.9,911.24,2.340000000000032,,0.0,0.0,0,0,10,0,[],False,False
wseg_000343,,,,,2834,2841,8,8,0,911.24,913.62,2.3799999999999955,,0.03999999999996362,0.03999999999996362,1,0,8,0,[],False,False
wseg_000344,,,,,2842,2845,4,4,0,913.66,914.74,1.080000000000041,,0.22000000000002728,0.2800000000000864,2,0,4,0,[],False,False
wseg_000345,,,,,2846,2848,3,3,0,914.96,916.9,1.9399999999999409,,0.9800000000000182,0.9800000000000182,1,0,3,0,[],False,False
wseg_000346,,,,,2849,2852,4,4,0,917.88,919.6,1.7200000000000273,,0.0,0.0,0,0,4,0,[],False,False
wseg_000347,,,,,2853,2859,7,7,0,919.6,920.92,1.3199999999999363,,0.40000000000009095,0.40000000000009095,1,0,7,0,[],False,False
wseg_000348,,,,,2860,2862,3,3,0,921.32,922.06,0.7399999999998954,,0.020000000000095497,0.020000000000095497,1,0,3,0,[],False,False
wseg_000349,,,,,2863,2868,6,6,0,922.08,923.72,1.6399999999999864,,0.22000000000002728,0.22000000000002728,1,0,6,0,[],False,False
wseg_000350,,,,,2869,2872,4,4,0,923.94,925.26,1.3199999999999363,,0.0,0.0,0,0,4,0,[],False,False
wseg_000351,,,,,2873,2880,8,8,0,925.26,926.62,1.3600000000000136,,0.0,0.0,0,0,8,0,[],False,False
wseg_000352,,,,,2881,2885,5,5,0,926.62,927.66,1.0399999999999636,,2.840000000000032,2.840000000000032,1,0,5,0,[],False,False
wseg_000353,,,,,2886,2893,8,8,0,930.5,932.82,2.32000000000005,,0.0,0.0,0,0,8,0,[],False,False
wseg_000354,,,,,2894,2902,9,9,0,932.82,934.42,1.599999999999909,,0.04000000000007731,0.04000000000007731,1,0,9,0,[],False,False
wseg_000355,,,,,2903,2911,9,9,0,934.46,935.84,1.3799999999999955,,0.0,0.0,0,0,9,0,[],False,False
wseg_000356,,,,,2912,2914,3,3,0,935.84,937.84,2.0,,0.9199999999999591,0.9199999999999591,1,0,3,0,[],False,False
wseg_000357,,,,,2915,2917,3,3,0,938.76,939.94,1.1800000000000637,,0.0,0.0,0,0,3,0,[],False,False
wseg_000358,,,,,2918,2921,4,4,0,939.94,941.66,1.7199999999999136,,0.0,0.0,0,0,4,0,[],False,False
wseg_000359,,,,,2922,2929,8,8,0,941.66,943.92,2.259999999999991,,0.10000000000002274,0.12000000000000455,2,0,8,0,[],False,False
wseg_000360,,,,,2930,2934,5,5,0,944.02,945.36,1.3400000000000318,,0.0,0.0,0,0,5,0,[],False,False
wseg_000361,,,,,2935,2940,6,6,0,945.36,947.22,1.8600000000000136,,0.12000000000000455,0.12000000000000455,1,0,6,0,[],False,False
wseg_000362,,,,,2941,2945,5,5,0,947.34,948.82,1.4800000000000182,,0.0,0.0,0,0,5,0,[],False,False
wseg_000363,,,,,2946,2953,8,8,0,948.82,951.04,2.2199999999999136,,0.0,0.0,0,1,8,0,[],False,False
wseg_000364,,,,,2954,2958,5,5,0,951.04,952.44,1.400000000000091,,0.15999999999996817,0.15999999999996817,1,0,5,0,[],False,False
wseg_000365,,,,,2959,2962,4,4,0,952.6,954.58,1.9800000000000182,,3.17999999999995,3.17999999999995,1,0,4,0,[],False,False
wseg_000366,,,,,2963,2969,7,7,0,957.76,959.6,1.8400000000000318,,0.0,0.0,0,0,7,0,[],False,False
wseg_000367,,,,,2970,2975,6,6,0,959.6,961.3,1.6999999999999318,,0.0,0.0,0,0,6,0,[],False,False
wseg_000368,,,,,2976,2981,6,6,0,961.3,963.12,1.82000000000005,,0.08000000000004093,0.08000000000004093,1,0,6,0,[],False,False
wseg_000369,,,,,2982,2983,2,2,0,963.12,963.96,0.8400000000000318,,1.8799999999999955,1.8799999999999955,1,0,2,0,[],False,False
wseg_000370,,,,,2984,2988,5,5,0,965.84,968.04,2.199999999999932,,0.0,0.0,0,0,5,0,[],False,False
wseg_000371,,,,,2989,2994,6,6,0,968.04,969.92,1.8799999999999955,,0.04000000000007731,0.04000000000007731,1,0,6,0,[],False,False
wseg_000372,,,,,2995,3002,8,8,0,969.92,971.78,1.8600000000000136,,0.4199999999999591,0.4199999999999591,1,0,8,0,[],False,False
wseg_000373,,,,,3003,3010,8,8,0,971.78,973.24,1.4600000000000364,,0.05999999999994543,0.05999999999994543,1,0,8,0,[],False,False
wseg_000374,,,,,3011,3018,8,8,0,973.24,975.44,2.2000000000000455,,0.4800000000000182,0.4800000000000182,1,0,8,0,[],False,False
wseg_000375,,,,,3019,3027,9,9,0,975.44,977.52,2.0799999999999272,,0.06000000000005912,0.10000000000002274,2,0,9,0,[],False,False
wseg_000376,,,,,3028,3035,8,8,0,977.58,978.96,1.3799999999999955,,0.13999999999998636,0.13999999999998636,1,0,8,0,[],False,False
wseg_000377,,,,,3036,3047,12,12,0,979.1,980.86,1.759999999999991,,0.05999999999994543,0.05999999999994543,1,0,12,0,[],False,False
wseg_000378,,,,,3048,3060,13,13,0,980.92,982.92,2.0,,0.18000000000006366,0.18000000000006366,1,0,13,0,[],False,False
wseg_000379,,,,,3061,3064,4,4,0,983.1,984.5,1.3999999999999773,,1.1999999999999318,1.1999999999999318,1,0,4,0,[],False,False
wseg_000380,,,,,3065,3069,5,5,0,985.6999999999999,987.28,1.580000000000041,,0.06000000000005912,0.06000000000005912,1,0,5,0,[],False,False
wseg_000381,,,,,3070,3078,9,9,0,987.34,990.0,2.659999999999968,,0.0,0.0,0,0,9,0,[],False,False
wseg_000382,,,,,3079,3082,4,4,0,990.0,991.08,1.080000000000041,,0.2599999999999909,0.2599999999999909,1,0,4,0,[],False,False
wseg_000383,,,,,3083,3086,4,4,0,991.34,992.18,0.8399999999999181,,0.42000000000007276,0.42000000000007276,1,0,4,0,[],False,False
wseg_000384,,,,,3087,3097,11,11,0,992.6,995.2,2.6000000000000227,,0.6399999999999864,0.6399999999999864,1,0,11,0,[],False,False
wseg_000385,,,,,3098,3105,8,8,0,995.84,997.68,1.8399999999999181,,0.06000000000005912,0.10000000000002274,2,0,8,0,[],False,False
wseg_000386,,,,,3106,3111,6,6,0,997.68,999.32,1.6400000000001,,0.14000000000010004,0.22000000000002728,2,0,6,0,[],False,False
wseg_000387,,,,,3112,3119,8,8,0,999.4,1001.96,2.560000000000059,,0.03999999999996362,0.03999999999996362,1,0,8,0,[],False,False
wseg_000388,,,,,3120,3125,6,6,0,1001.96,1003.72,1.759999999999991,,0.6000000000000227,0.6000000000000227,1,0,6,0,[],False,False
wseg_000389,,,,,3126,3128,3,3,0,1004.32,1005.62,1.2999999999999545,,0.05999999999994543,0.05999999999994543,1,0,3,0,[],False,False
wseg_000390,,,,,3129,3131,3,3,0,1005.68,1006.94,1.2600000000001046,,0.0,0.0,0,0,3,0,[],False,False
wseg_000391,,,,,3132,3134,3,3,0,1006.94,1008.4,1.4599999999999227,,0.6800000000000637,0.6800000000000637,1,0,3,0,[],False,False
wseg_000392,,,,,3135,3141,7,7,0,1009.08,1011.9,2.8199999999999363,,0.0,0.0,0,0,7,0,[],False,False
wseg_000393,,,,,3142,3148,7,7,0,1011.9,1013.92,2.019999999999982,,0.0,0.0,0,0,7,0,[],False,False
wseg_000394,,,,,3149,3153,5,5,0,1013.92,1015.62,1.7000000000000455,,0.1999999999999318,0.1999999999999318,1,0,5,0,[],False,False
wseg_000395,,,,,3154,3158,5,5,0,1015.62,1017.0,1.3799999999999955,,0.7400000000000091,0.7400000000000091,1,0,5,0,[],False,False
wseg_000396,,,,,3159,3167,9,9,0,1017.74,1019.98,2.240000000000009,,0.5399999999999636,0.5399999999999636,1,0,9,0,[],False,False
wseg_000397,,,,,3168,3170,3,3,0,1020.52,1022.0,1.4800000000000182,,0.05999999999994543,0.05999999999994543,1,0,3,0,[],False,False
wseg_000398,,,,,3171,3176,6,6,0,1022.06,1023.58,1.5200000000000955,,0.0,0.0,0,0,6,0,[],False,False
wseg_000399,,,,,3177,3181,5,5,0,1023.58,1025.56,1.9799999999999045,,0.2799999999999727,0.31999999999993634,2,0,5,0,[],False,False
wseg_000400,,,,,3182,3189,8,8,0,1025.84,1027.56,1.7200000000000273,,0.38000000000010914,0.38000000000010914,1,0,8,0,[],False,False
wseg_000401,,,,,3190,3197,8,8,0,1027.94,1030.14,2.2000000000000455,,0.040000000000190994,0.040000000000190994,1,0,8,0,[],False,False
wseg_000402,,,,,3198,3203,6,6,0,1030.14,1031.7,1.5599999999999454,,0.33999999999991815,0.3999999999998636,2,0,6,0,[],False,False
wseg_000403,,,,,3204,3208,5,5,0,1032.04,1033.3,1.259999999999991,,0.2599999999999909,0.2599999999999909,1,0,5,0,[],False,False
wseg_000404,,,,,3209,3214,6,6,0,1033.56,1035.66,2.1000000000001364,,0.0,0.0,0,0,6,0,[],False,False
wseg_000405,,,,,3215,3217,3,3,0,1035.66,1037.0,1.3399999999999181,,0.5799999999999272,0.5799999999999272,1,0,3,0,[],False,False
wseg_000406,,,,,3218,3222,5,5,0,1037.58,1039.8,2.2200000000000273,,0.0,0.0,0,0,5,0,[],False,False
wseg_000407,,,,,3223,3226,4,4,0,1039.8,1041.7,1.900000000000091,,0.42000000000007276,0.42000000000007276,1,0,4,0,[],False,False
wseg_000408,,,,,3227,3234,8,8,0,1041.7,1043.98,2.2799999999999727,,0.22000000000002728,0.22000000000002728,1,0,8,0,[],False,False
wseg_000409,,,,,3235,3240,6,6,0,1043.98,1045.84,1.8599999999999,,0.0,0.0,0,0,6,0,[],False,False
wseg_000410,,,,,3241,3245,5,5,0,1045.84,1047.72,1.8800000000001091,,0.6000000000001364,0.6000000000001364,1,0,5,0,[],False,False
wseg_000411,,,,,3246,3251,6,6,0,1047.72,1049.48,1.759999999999991,,0.0,0.0,0,0,6,0,[],False,False
wseg_000412,,,,,3252,3257,6,6,0,1049.48,1051.96,2.480000000000018,,0.2400000000000091,0.2400000000000091,1,0,6,0,[],False,False
wseg_000413,,,,,3258,3262,5,5,0,1051.96,1053.86,1.8999999999998636,,0.31999999999993634,0.37999999999988177,2,0,5,0,[],False,False
wseg_000414,,,,,3263,3266,4,4,0,1053.86,1055.82,1.9600000000000364,,0.2599999999999909,0.2799999999999727,2,0,4,0,[],False,False
wseg_000415,,,,,3267,3273,7,7,0,1055.84,1057.6,1.759999999999991,,0.0,0.0,0,0,7,0,[],False,False
wseg_000416,,,,,3274,3280,7,7,0,1057.6,1059.66,2.060000000000173,,0.0,0.0,0,0,7,0,[],False,False
wseg_000417,,,,,3281,3285,5,5,0,1059.66,1061.92,2.259999999999991,,0.5,0.5,1,0,5,0,[],False,False
wseg_000418,,,,,3286,3289,4,4,0,1062.42,1064.06,1.6399999999998727,,0.0,0.0,0,0,4,0,[],False,False
wseg_000419,,,,,3290,3297,8,8,0,1064.06,1065.78,1.7200000000000273,,0.22000000000002728,0.22000000000002728,1,0,8,0,[],False,False
wseg_000420,,,,,3298,3302,5,5,0,1065.78,1066.84,1.0599999999999454,,1.4800000000002456,1.4800000000002456,1,0,5,0,[],False,False
wseg_000421,,,,,3303,3304,2,2,0,1068.3200000000002,1069.48,1.1599999999998545,,0.42000000000007276,0.42000000000007276,1,0,2,0,[],False,False
wseg_000422,,,,,3305,3306,2,2,0,1069.9,1071.26,1.3599999999999,,0.35999999999989996,0.5199999999999818,2,0,2,0,[],False,False
wseg_000423,,,,,3307,3308,2,2,0,1071.62,1073.56,1.9400000000000546,,1.0,1.0399999999999636,2,0,2,0,[],False,False
wseg_000424,,,,,3309,3313,5,5,0,1073.6,1075.5,1.900000000000091,,0.01999999999998181,0.01999999999998181,1,0,5,0,[],False,False
wseg_000425,,,,,3314,3319,6,6,0,1075.52,1077.94,2.4200000000000728,,0.01999999999998181,0.01999999999998181,1,0,6,0,[],False,False
wseg_000426,,,,,3320,3321,2,2,0,1077.96,1078.88,0.9200000000000728,,0.5599999999999454,0.5599999999999454,1,0,2,0,[],False,False
wseg_000427,,,,,3322,3326,5,5,0,1079.44,1081.72,2.2799999999999727,,0.0,0.0,0,0,5,0,[],False,False
wseg_000428,,,,,3327,3331,5,5,0,1081.72,1083.52,1.7999999999999545,,0.18000000000006366,0.18000000000006366,1,0,5,0,[],False,False
wseg_000429,,,,,3332,3334,3,3,0,1083.52,1085.06,1.5399999999999636,,0.8199999999999363,1.0199999999999818,2,0,3,0,[],False,False
wseg_000430,,,,,3335,3338,4,4,0,1085.8799999999999,1087.62,1.740000000000009,,0.0,0.0,0,0,4,0,[],False,False
wseg_000431,,,,,3339,3346,8,8,0,1087.62,1089.96,2.3400000000001455,,0.5,0.5399999999999636,2,0,8,0,[],False,False
wseg_000432,,,,,3347,3352,6,6,0,1089.96,1091.72,1.759999999999991,,0.03999999999996362,0.05999999999994543,2,0,6,0,[],False,False
wseg_000433,,,,,3353,3358,6,6,0,1091.72,1093.96,2.240000000000009,,0.07999999999992724,0.07999999999992724,1,0,6,0,[],False,False
wseg_000434,,,,,3359,3364,6,6,0,1093.96,1095.52,1.5599999999999454,,0.0,0.0,0,0,6,0,[],False,False
wseg_000435,,,,,3365,3372,8,8,0,1095.52,1097.96,2.4400000000000546,,0.0,0.0,0,0,8,0,[],False,False
wseg_000436,,,,,3373,3381,9,9,0,1097.96,1099.76,1.7999999999999545,,1.7999999999999545,1.8799999999998818,2,0,9,0,[],False,False
wseg_000437,,,,,3382,3387,6,6,0,1101.56,1103.8,2.240000000000009,,0.0,0.0,0,0,6,0,[],False,False
wseg_000438,,,,,3388,3396,9,9,0,1103.8,1105.86,2.0599999999999454,,0.03999999999996362,0.03999999999996362,1,0,9,0,[],False,False
wseg_000439,,,,,3397,3402,6,6,0,1105.86,1107.78,1.9200000000000728,,0.22000000000002728,0.2999999999999545,2,0,6,0,[],False,False
wseg_000440,,,,,3403,3408,6,6,0,1107.78,1109.46,1.6800000000000637,,0.03999999999996362,0.03999999999996362,1,0,6,0,[],False,False
wseg_000441,,,,,3409,3411,3,3,0,1109.46,1110.34,0.8799999999998818,,1.7799999999999727,1.7799999999999727,1,0,3,0,[],False,False
wseg_000442,,,,,3412,3419,8,8,0,1112.12,1113.76,1.6400000000001,,0.0,0.0,0,0,8,0,[],False,False
wseg_000443,,,,,3420,3426,7,7,0,1113.76,1115.48,1.7200000000000273,,0.35999999999989996,0.40000000000009095,2,0,7,0,[],False,False
wseg_000444,,,,,3427,3431,5,5,0,1115.84,1117.56,1.7200000000000273,,0.0,0.0,0,0,5,0,[],False,False
wseg_000445,,,,,3432,3435,4,4,0,1117.56,1119.52,1.9600000000000364,,0.6200000000001182,0.6200000000001182,1,0,4,0,[],False,False
wseg_000446,,,,,3436,3442,7,7,0,1120.14,1121.74,1.599999999999909,,0.11999999999989086,0.18000000000006366,2,0,7,0,[],False,False
wseg_000447,,,,,3443,3451,9,9,0,1121.86,1124.04,2.1800000000000637,,0.03999999999996362,0.03999999999996362,1,0,9,0,[],False,False
wseg_000448,,,,,3452,3459,8,8,0,1124.04,1125.28,1.240000000000009,,1.0600000000001728,1.0600000000001728,1,0,8,0,[],False,False
wseg_000449,,,,,3460,3462,3,3,0,1126.3400000000001,1127.66,1.3199999999999363,,0.0,0.0,0,0,3,0,[],False,False
wseg_000450,,,,,3463,3468,6,6,0,1127.66,1129.76,2.099999999999909,,0.2400000000000091,0.2400000000000091,1,0,6,0,[],False,False
wseg_000451,,,,,3469,3474,6,6,0,1129.76,1131.58,1.8199999999999363,,0.3400000000001455,0.3400000000001455,1,0,6,0,[],False,False
wseg_000452,,,,,3475,3482,8,8,0,1131.92,1133.7,1.7799999999999727,,0.07999999999992724,0.07999999999992724,1,0,8,0,[],False,False
wseg_000453,,,,,3483,3496,14,14,0,1133.7,1135.68,1.9800000000000182,,0.03999999999996362,0.03999999999996362,1,0,14,0,[],False,False
wseg_000454,,,,,3497,3501,5,5,0,1135.68,1137.36,1.6799999999998363,,1.1400000000003274,1.1400000000003274,1,0,5,0,[],False,False
wseg_000455,,,,,3502,3507,6,6,0,1138.5000000000002,1139.94,1.4399999999998272,,0.0,0.0,0,0,6,0,[],False,False
wseg_000456,,,,,3508,3517,10,10,0,1139.94,1142.04,2.099999999999909,,0.0,0.0,0,0,10,0,[],False,False
wseg_000457,,,,,3518,3520,3,3,0,1142.04,1142.82,0.7799999999999727,,1.1600000000000819,1.1600000000000819,1,0,3,0,[],False,False
wseg_000458,,,,,3521,3527,7,7,0,1143.98,1145.82,1.8399999999999181,,0.44000000000005457,0.4600000000000364,2,0,7,0,[],False,False
wseg_000459,,,,,3528,3534,7,7,0,1145.84,1147.74,1.900000000000091,,0.0,0.0,0,0,7,0,[],False,False
wseg_000460,,,,,3535,3540,6,6,0,1147.74,1149.48,1.740000000000009,,0.07999999999992724,0.07999999999992724,1,0,6,0,[],False,False
wseg_000461,,,,,3541,3549,9,9,0,1149.56,1151.82,2.259999999999991,,0.42000000000007276,0.42000000000007276,1,0,9,0,[],False,False
wseg_000462,,,,,3550,3556,7,7,0,1151.82,1154.08,2.259999999999991,,0.0,0.0,0,0,7,0,[],False,False
wseg_000463,,,,,3557,3567,11,11,0,1154.08,1156.32,2.240000000000009,,0.03999999999996362,0.05999999999994543,2,0,11,0,[],False,False
wseg_000464,,,,,3568,3573,6,6,0,1156.32,1157.84,1.5199999999999818,,0.0,0.0,0,0,6,0,[],False,False
wseg_000465,,,,,3574,3580,7,7,0,1157.84,1159.32,1.4800000000000182,,0.5199999999999818,0.5199999999999818,1,0,7,0,[],False,False
wseg_000466,,,,,3581,3585,5,5,0,1159.84,1161.86,2.019999999999982,,0.6200000000001182,0.6200000000001182,1,0,5,0,[],False,False
wseg_000467,,,,,3586,3594,9,9,0,1161.86,1163.78,1.9200000000000728,,0.15999999999985448,0.15999999999985448,1,0,9,0,[],False,False
wseg_000468,,,,,3595,3599,5,5,0,1163.78,1165.84,2.0599999999999454,,0.5,0.5,1,0,5,0,[],False,False
wseg_000469,,,,,3600,3606,7,7,0,1165.84,1167.62,1.7799999999999727,,0.14000000000010004,0.18000000000006366,2,0,7,0,[],False,False
wseg_000470,,,,,3607,3615,9,9,0,1167.76,1169.78,2.019999999999982,,0.0,0.0,0,0,9,0,[],False,False
wseg_000471,,,,,3616,3621,6,6,0,1169.78,1171.72,1.9400000000000546,,0.0,0.0,0,0,6,0,[],False,False
wseg_000472,,,,,3622,3628,7,7,0,1171.72,1172.82,1.099999999999909,,1.1600000000000819,1.1600000000000819,1,0,7,0,[],False,False
wseg_000473,,,,,3629,3634,6,6,0,1173.98,1175.8,1.8199999999999363,,0.7399999999997817,0.7799999999997453,2,0,6,0,[],False,False
wseg_000474,,,,,3635,3639,5,5,0,1175.84,1176.76,0.9200000000000728,,0.900000000000091,1.0199999999999818,2,0,5,0,[],False,False
wseg_000475,,,,,3640,3645,6,6,0,1177.66,1179.28,1.6199999999998909,,0.14000000000010004,0.14000000000010004,1,0,6,0,[],False,False
wseg_000476,,,,,3646,3654,9,9,0,1179.42,1181.48,2.0599999999999454,,0.09999999999990905,0.13999999999987267,3,0,9,0,[],False,False
wseg_000477,,,,,3655,3661,7,7,0,1181.5,1183.7,2.2000000000000455,,0.0,0.0,0,0,7,0,[],False,False
wseg_000478,,,,,3662,3665,4,4,0,1183.7,1185.62,1.9199999999998454,,0.10000000000013642,0.10000000000013642,1,0,4,0,[],False,False
wseg_000479,,,,,3666,3673,8,8,0,1185.72,1187.76,2.0399999999999636,,0.0,0.0,0,0,8,0,[],False,False
wseg_000480,,,,,3674,3682,9,9,0,1187.76,1189.62,1.8599999999999,,0.36000000000012733,0.36000000000012733,1,0,9,0,[],False,False
wseg_000481,,,,,3683,3688,6,6,0,1189.98,1191.58,1.599999999999909,,0.0,0.0,0,0,6,0,[],False,False
wseg_000482,,,,,3689,3694,6,6,0,1191.58,1193.84,2.259999999999991,,0.0,0.0,0,0,6,0,[],False,False
wseg_000483,,,,,3695,3702,8,8,0,1193.84,1195.74,1.900000000000091,,0.0,0.0,0,0,8,0,[],False,False
wseg_000484,,,,,3703,3707,5,5,0,1195.74,1197.72,1.9800000000000182,,0.2799999999999727,0.2799999999999727,1,0,5,0,[],False,False
wseg_000485,,,,,3708,3715,8,8,0,1197.72,1199.4,1.6800000000000637,,0.03999999999996362,0.03999999999996362,1,0,8,0,[],False,False
wseg_000486,,,,,3716,3718,3,3,0,1199.4,1201.78,2.3799999999998818,,0.0,0.0,0,0,3,0,[],False,False
wseg_000487,,,,,3719,3724,6,6,0,1201.78,1203.8,2.019999999999982,,0.05999999999994543,0.05999999999994543,1,0,6,0,[],False,False
wseg_000488,,,,,3725,3730,6,6,0,1203.86,1205.7,1.8400000000001455,,0.13999999999987267,0.13999999999987267,1,0,6,0,[],False,False
wseg_000489,,,,,3731,3738,8,8,0,1205.84,1207.42,1.5800000000001546,,0.6600000000000819,0.6600000000000819,1,0,8,0,[],False,False
wseg_000490,,,,,3739,3743,5,5,0,1208.0800000000002,1209.58,1.4999999999997726,,0.0,0.0,0,0,5,0,[],False,False
wseg_000491,,,,,3744,3746,3,3,0,1209.58,1210.8,1.2200000000000273,,0.9600000000000364,0.9600000000000364,1,0,3,0,[],False,False
wseg_000492,,,,,3747,3753,7,7,0,1211.76,1213.72,1.9600000000000364,,0.0,0.0,0,0,7,0,[],False,False
wseg_000493,,,,,3754,3761,8,8,0,1213.72,1215.78,2.0599999999999454,,0.42000000000007276,0.6200000000001182,2,0,8,0,[],False,False
wseg_000494,,,,,3762,3768,7,7,0,1215.98,1217.68,1.7000000000000455,,0.01999999999998181,0.01999999999998181,1,0,7,0,[],False,False
wseg_000495,,,,,3769,3778,10,10,0,1217.7,1219.56,1.8599999999999,,0.44000000000005457,0.540000000000191,2,0,10,0,[],False,False
wseg_000496,,,,,3779,3782,4,4,0,1219.66,1221.54,1.8799999999998818,,0.0,0.0,0,0,4,0,[],False,False
wseg_000497,,,,,3783,3789,7,7,0,1221.54,1223.02,1.4800000000000182,,0.38000000000010914,0.38000000000010914,1,0,7,0,[],False,False
wseg_000498,,,,,3790,3798,9,9,0,1223.4,1225.9,2.5,,0.03999999999996362,0.03999999999996362,1,0,9,0,[],False,False
wseg_000499,,,,,3799,3803,5,5,0,1225.94,1227.8,1.8599999999999,,0.14000000000010004,0.14000000000010004,1,0,5,0,[],False,False
wseg_000500,,,,,3804,3814,11,11,0,1227.94,1229.58,1.6399999999998727,,0.0,0.0,0,0,11,0,[],False,False
wseg_000501,,,,,3815,3825,11,11,0,1229.58,1232.04,2.4600000000000364,,0.07999999999992724,0.07999999999992724,1,0,11,0,[],False,False
wseg_000502,,,,,3826,3830,5,5,0,1232.12,1233.68,1.5600000000001728,,0.16000000000008185,0.2599999999999909,2,0,5,0,[],False,False
wseg_000503,,,,,3831,3838,8,8,0,1233.78,1235.82,2.0399999999999636,,0.01999999999998181,0.01999999999998181,1,0,8,0,[],False,False
wseg_000504,,,,,3839,3843,5,5,0,1235.84,1237.86,2.019999999999982,,0.1799999999998363,0.40000000000009095,3,0,5,0,[],False,False
wseg_000505,,,,,3844,3850,7,7,0,1237.96,1239.42,1.4600000000000364,,0.0,0.0,0,0,7,0,[],False,False
wseg_000506,,,,,3851,3853,3,3,0,1239.42,1240.24,0.8199999999999363,,1.2799999999999727,1.2799999999999727,1,0,3,0,[],False,False
wseg_000507,,,,,3854,3861,8,8,0,1241.52,1244.24,2.7200000000000273,,0.20000000000004547,0.20000000000004547,1,0,8,0,[],False,False
wseg_000508,,,,,3862,3868,7,7,0,1244.24,1245.82,1.5799999999999272,,1.8400000000001455,1.8400000000001455,1,0,7,0,[],False,False
wseg_000509,,,,,3869,3872,4,4,0,1247.66,1249.42,1.759999999999991,,0.1999999999998181,0.1999999999998181,1,0,4,0,[],False,False
wseg_000510,,,,,3873,3881,9,9,0,1249.62,1251.68,2.060000000000173,,0.0,0.0,0,0,9,0,[],False,False
wseg_000511,,,,,3882,3889,8,8,0,1251.68,1253.46,1.7799999999999727,,0.9200000000000728,1.0599999999999454,2,0,8,0,[],False,False
wseg_000512,,,,,3890,3893,4,4,0,1254.38,1255.72,1.3399999999999181,,0.0,0.0,0,0,4,0,[],False,False
wseg_000513,,,,,3894,3900,7,7,0,1255.72,1257.52,1.7999999999999545,,0.2799999999999727,0.2799999999999727,1,0,7,0,[],False,False
wseg_000514,,,,,3901,3906,6,6,0,1257.52,1259.58,2.0599999999999454,,0.09999999999990905,0.09999999999990905,1,0,6,0,[],False,False
wseg_000515,,,,,3907,3914,8,8,0,1259.58,1261.98,2.400000000000091,,0.6800000000000637,0.6800000000000637,1,0,8,0,[],False,False
wseg_000516,,,,,3915,3916,2,2,0,1262.66,1263.54,0.8799999999998818,,0.6000000000001364,0.6000000000001364,1,0,2,0,[],False,False
wseg_000517,,,,,3917,3922,6,6,0,1264.14,1265.66,1.5199999999999818,,0.1799999999998363,0.1799999999998363,1,0,6,0,[],False,False
wseg_000518,,,,,3923,3928,6,6,0,1265.84,1267.5,1.6600000000000819,,0.0,0.0,0,0,6,0,[],False,False
wseg_000519,,,,,3929,3934,6,6,0,1267.5,1269.84,2.339999999999918,,0.31999999999993634,0.31999999999993634,1,0,6,0,[],False,False
wseg_000520,,,,,3935,3940,6,6,0,1269.84,1271.78,1.9400000000000546,,0.18000000000006366,0.2400000000000091,2,0,6,0,[],False,False
wseg_000521,,,,,3941,3946,6,6,0,1271.96,1274.04,2.0799999999999272,,0.0,0.0,0,0,6,0,[],False,False
wseg_000522,,,,,3947,3950,4,4,0,1274.04,1275.52,1.4800000000000182,,0.0,0.0,0,0,4,0,[],False,False
wseg_000523,,,,,3951,3955,5,5,0,1275.52,1277.92,2.400000000000091,,0.0,0.0,0,0,5,0,[],False,False
wseg_000524,,,,,3956,3959,4,4,0,1277.92,1279.58,1.6599999999998545,,0.0,0.0,0,0,4,0,[],False,False
wseg_000525,,,,,3960,3963,4,4,0,1279.58,1281.94,2.3600000000001273,,0.5199999999999818,0.5199999999999818,1,0,4,0,[],False,False
wseg_000526,,,,,3964,3970,7,7,0,1281.94,1283.56,1.6199999999998909,,0.0,0.0,0,0,7,0,[],False,False
wseg_000527,,,,,3971,3973,3,3,0,1283.56,1285.94,2.380000000000109,,0.0,0.0,0,0,3,0,[],False,False
wseg_000528,,,,,3974,3978,5,5,0,1285.94,1287.86,1.9199999999998454,,0.0,0.0,0,0,5,0,[],False,False
wseg_000529,,,,,3979,3985,7,7,0,1287.86,1289.64,1.7800000000002,,0.0,0.0,0,0,7,0,[],False,False
wseg_000530,,,,,3986,3989,4,4,0,1289.64,1291.28,1.6399999999998727,,0.6600000000000819,0.6600000000000819,1,0,4,0,[],False,False
wseg_000531,,,,,3990,3993,4,4,0,1291.94,1294.04,2.099999999999909,,0.0,0.0,0,0,4,0,[],False,False
wseg_000532,,,,,3994,3995,2,2,0,1294.04,1295.0,0.9600000000000364,,0.8399999999999181,0.8399999999999181,1,0,2,0,[],False,False
wseg_000533,,,,,3996,4004,9,9,0,1295.84,1297.78,1.9400000000000546,,0.12000000000011823,0.12000000000011823,1,0,9,0,[],False,False
wseg_000534,,,,,4005,4011,7,7,0,1297.9,1300.08,2.1799999999998363,,0.0,0.0,0,0,7,0,[],False,False
wseg_000535,,,,,4012,4018,7,7,0,1300.08,1301.68,1.6000000000001364,,0.0,0.0,0,0,7,0,[],False,False
wseg_000536,,,,,4019,4021,3,3,0,1301.68,1303.6,1.9199999999998454,,0.040000000000190994,0.040000000000190994,1,0,3,0,[],False,False
wseg_000537,,,,,4022,4027,6,6,0,1303.64,1305.56,1.9199999999998454,,0.0,0.0,0,0,6,0,[],False,False
wseg_000538,,,,,4028,4032,5,5,0,1305.56,1308.0,2.4400000000000546,,0.5199999999999818,0.5399999999999636,2,0,5,0,[],False,False
wseg_000539,,,,,4033,4037,5,5,0,1308.02,1310.12,2.099999999999909,,0.0,0.0,0,0,5,0,[],False,False
wseg_000540,,,,,4038,4042,5,5,0,1310.12,1311.54,1.4200000000000728,,0.07999999999992724,0.07999999999992724,1,0,5,0,[],False,False
wseg_000541,,,,,4043,4047,5,5,0,1311.62,1313.98,2.3600000000001273,,0.0,0.0,0,0,5,0,[],False,False
wseg_000542,,,,,4048,4049,2,2,0,1313.98,1315.14,1.1600000000000819,,0.4800000000000182,0.4800000000000182,1,0,2,0,[],False,False
wseg_000543,,,,,4050,4058,9,9,0,1315.6200000000001,1317.6,1.9799999999997908,,0.0,0.0,0,0,9,0,[],False,False
wseg_000544,,,,,4059,4063,5,5,0,1317.6,1319.68,2.0800000000001546,,0.0,0.0,0,0,5,0,[],False,False
wseg_000545,,,,,4064,4067,4,4,0,1319.68,1322.08,2.3999999999998636,,0.05999999999994543,0.05999999999994543,1,0,4,0,[],False,False
wseg_000546,,,,,4068,4072,5,5,0,1322.08,1324.04,1.9600000000000364,,0.0,0.0,0,0,5,0,[],False,False
wseg_000547,,,,,4073,4075,3,3,0,1324.04,1326.0,1.9600000000000364,,0.03999999999996362,0.07999999999992724,2,0,3,0,[],False,False
wseg_000548,,,,,4076,4081,6,6,0,1326.04,1328.3,2.259999999999991,,0.0,0.0,0,0,6,0,[],False,False
wseg_000549,,,,,4082,4085,4,4,0,1328.3,1330.52,2.2200000000000273,,0.03999999999996362,0.03999999999996362,1,0,4,0,[],False,False
wseg_000550,,,,,4086,4090,5,5,0,1330.52,1332.54,2.019999999999982,,0.0,0.0,0,0,5,0,[],False,False
wseg_000551,,,,,4091,4094,4,4,0,1332.54,1334.0,1.4600000000000364,,0.09999999999990905,0.09999999999990905,1,0,4,0,[],False,False
wseg_000552,,,,,4095,4098,4,4,0,1334.0,1336.54,2.5399999999999636,,0.7200000000000273,0.7200000000000273,1,0,4,0,[],False,False
wseg_000553,,,,,4099,4099,1,1,0,1337.26,1337.98,0.7200000000000273,,0.05999999999994543,0.05999999999994543,1,0,1,0,[],False,False
wseg_000554,,,,,4100,4103,4,4,0,1338.04,1340.66,2.6200000000001182,,0.0,0.0,0,0,4,0,[],False,False
wseg_000555,,,,,4104,4106,3,3,0,1340.66,1342.48,1.8199999999999363,,0.0,0.0,0,0,3,0,[],False,False
wseg_000556,,,,,4107,4109,3,3,0,1342.48,1344.02,1.5399999999999636,,0.0,0.0,0,0,3,0,[],False,False
wseg_000557,,,,,4110,4115,6,6,0,1344.02,1345.96,1.9400000000000546,,0.18000000000006366,0.18000000000006366,1,0,6,0,[],False,False
wseg_000558,,,,,4116,4119,4,4,0,1346.14,1348.08,1.9399999999998272,,0.0,0.0,0,0,4,0,[],False,False
wseg_000559,,,,,4120,4125,6,6,0,1348.08,1350.3,2.2200000000000273,,0.2799999999999727,0.2799999999999727,1,0,6,0,[],False,False
wseg_000560,,,,,4126,4131,6,6,0,1350.58,1352.6,2.019999999999982,,0.0,0.0,0,0,6,0,[],False,False
wseg_000561,,,,,4132,4134,3,3,0,1352.6,1353.94,1.3400000000001455,,0.09999999999990905,0.09999999999990905,1,0,3,0,[],False,False
wseg_000562,,,,,4135,4140,6,6,0,1354.04,1355.54,1.5,,0.0,0.0,0,0,6,0,[],False,False
wseg_000563,,,,,4141,4149,9,9,0,1355.54,1357.88,2.3400000000001455,,0.0,0.0,0,0,9,0,[],False,False
wseg_000564,,,,,4150,4157,8,8,0,1357.88,1359.88,2.0,,0.0,0.0,0,0,8,0,[],False,False
wseg_000565,,,,,4158,4162,5,5,0,1359.88,1361.9,2.019999999999982,,0.03999999999996362,0.03999999999996362,1,0,5,0,[],False,False
wseg_000566,,,,,4163,4168,6,6,0,1361.9,1363.46,1.5599999999999454,,0.0,0.0,0,0,6,0,[],False,False
wseg_000567,,,,,4169,4173,5,5,0,1363.46,1365.88,2.4200000000000728,,0.0,0.0,0,0,5,0,[],False,False
wseg_000568,,,,,4174,4180,7,7,0,1365.88,1368.22,2.339999999999918,,0.0,0.0,0,0,7,0,[],False,False
wseg_000569,,,,,4181,4187,7,7,0,1368.22,1369.72,1.5,,0.16000000000008185,0.16000000000008185,1,0,7,0,[],False,False
wseg_000570,,,,,4188,4192,5,5,0,1369.88,1372.06,2.1799999999998363,,0.0,0.0,0,0,5,0,[],False,False
wseg_000571,,,,,4193,4199,7,7,0,1372.06,1374.16,2.1000000000001364,,0.09999999999990905,0.09999999999990905,1,0,7,0,[],False,False
wseg_000572,,,,,4200,4206,7,7,0,1374.26,1375.82,1.5599999999999454,,0.0,0.0,0,0,7,0,[],False,False
wseg_000573,,,,,4207,4210,4,4,0,1375.82,1377.98,2.160000000000082,,0.0,0.0,0,0,4,0,[],False,False
wseg_000574,,,,,4211,4214,4,4,0,1377.98,1379.24,1.259999999999991,,0.05999999999994543,0.05999999999994543,1,0,4,0,[],False,False
wseg_000575,,,,,4215,4219,5,5,0,1379.24,1381.0,1.759999999999991,,0.07999999999992724,0.07999999999992724,1,0,5,0,[],False,False
wseg_000576,,,,,4220,4225,6,6,0,1381.08,1382.94,1.8600000000001273,,1.099999999999909,1.099999999999909,1,0,6,0,[],False,False
wseg_000577,,,,,4226,4234,9,9,0,1384.04,1385.08,1.0399999999999636,,0.0,0.0,0,0,9,0,[],False,False
wseg_000578,,,,,4235,4241,7,7,0,1385.08,1387.38,2.300000000000182,,0.0,0.0,0,0,7,0,[],False,False
wseg_000579,,,,,4242,4247,6,6,0,1387.38,1388.7,1.3199999999999363,,0.0,0.0,0,0,6,0,[],False,False
wseg_000580,,,,,4248,4257,10,10,0,1388.7,1390.6,1.8999999999998636,,0.0,0.0,0,0,10,0,[],False,False
wseg_000581,,,,,4258,4263,6,6,0,1390.6,1392.56,1.9600000000000364,,0.0,0.0,0,0,6,0,[],False,False
wseg_000582,,,,,4264,4266,3,3,0,1392.56,1394.14,1.5800000000001546,,0.33999999999991815,0.33999999999991815,1,0,3,0,[],False,False
wseg_000583,,,,,4267,4273,7,7,0,1394.48,1396.2,1.7200000000000273,,0.0,0.0,0,0,7,0,[],False,False
wseg_000584,,,,,4274,4280,7,7,0,1396.2,1397.78,1.5799999999999272,,0.0,0.0,0,0,7,0,[],False,False
wseg_000585,,,,,4281,4287,7,7,0,1397.78,1398.98,1.2000000000000455,,0.0,0.0,0,0,7,0,[],False,False
wseg_000586,,,,,4288,4291,4,4,0,1398.98,1401.3,2.3199999999999363,,0.0,0.0,0,0,4,0,[],False,False
wseg_000587,,,,,4292,4298,7,7,0,1401.3,1403.66,2.3600000000001273,,0.0,0.0,0,0,7,0,[],False,False
wseg_000588,,,,,4299,4305,7,7,0,1403.66,1405.46,1.7999999999999545,,0.0,0.0,0,0,7,0,[],False,False
wseg_000589,,,,,4306,4312,7,7,0,1405.46,1408.0,2.5399999999999636,,0.0,0.0,0,0,7,0,[],False,False
wseg_000590,,,,,4313,4319,7,7,0,1408.0,1410.26,2.259999999999991,,0.0,0.0,0,0,7,0,[],False,False
wseg_000591,,,,,4320,4325,6,6,0,1410.26,1411.86,1.599999999999909,,2.1800000000000637,2.3199999999999363,2,0,6,0,[],False,False
wseg_000592,,,,,4326,4327,2,2,0,1414.04,1414.1,0.05999999999994543,,0.0,0.0,0,0,2,0,[],False,False
wseg_000593,,,,,4328,4329,2,2,0,1414.1,1414.86,0.7599999999999909,,0.599999999999909,0.599999999999909,1,0,2,0,[],False,False
wseg_000594,,,,,4330,4337,8,8,0,1415.4599999999998,1417.14,1.680000000000291,,0.0,0.0,0,0,8,0,[],False,False
wseg_000595,,,,,4338,4345,8,8,0,1417.14,1418.76,1.6199999999998909,,0.0,0.0,0,0,8,0,[],False,False
wseg_000596,,,,,4346,4352,7,7,0,1418.76,1421.06,2.2999999999999545,,0.0,0.0,0,0,7,0,[],False,False
wseg_000597,,,,,4353,4362,10,10,0,1421.06,1423.48,2.4200000000000728,,0.4999999999997726,0.4999999999997726,1,0,10,0,[],False,False
wseg_000598,,,,,4363,4370,8,8,0,1423.9799999999998,1425.66,1.680000000000291,,0.0,0.0,0,0,8,0,[],False,False
wseg_000599,,,,,4371,4378,8,8,0,1425.66,1426.9,1.240000000000009,,0.0,0.0,0,0,8,0,[],False,False
wseg_000600,,,,,4379,4382,4,4,0,1426.9,1427.74,0.8399999999999181,,0.0,0.0,0,0,4,0,[],False,False
wseg_000601,,,,,4383,4387,5,5,0,1427.74,1429.78,2.0399999999999636,,0.0,0.0,0,0,5,0,[],False,False
wseg_000602,,,,,4388,4397,10,10,0,1429.78,1432.7,2.9200000000000728,,0.0,0.0,0,0,10,0,[],False,False
wseg_000603,,,,,4398,4404,7,7,0,1432.7,1434.88,2.1800000000000637,,0.37999999999988177,0.37999999999988177,1,0,7,0,[],False,False
wseg_000604,,,,,4405,4412,8,8,0,1435.26,1436.88,1.6200000000001182,,0.0,0.0,0,0,8,0,[],False,False
wseg_000605,,,,,4413,4420,8,8,0,1436.88,1438.48,1.599999999999909,,0.0,0.0,0,0,8,0,[],False,False
wseg_000606,,,,,4421,4428,8,8,0,1438.48,1441.06,2.5799999999999272,,2.980000000000018,2.980000000000018,1,0,8,0,[],False,False
wseg_000607,,,,,4429,4435,7,7,0,1444.04,1446.3,2.259999999999991,,0.2999999999999545,0.2999999999999545,1,0,7,0,[],False,False
wseg_000608,,,,,4436,4440,5,5,0,1446.3,1447.6,1.2999999999999545,,0.0,0.0,0,0,5,0,[],False,False
wseg_000609,,,,,4441,4444,4,4,0,1447.6,1448.74,1.1400000000001,,0.20000000000004547,0.20000000000004547,1,0,4,0,[],False,False
wseg_000610,,,,,4445,4453,9,9,0,1448.94,1451.72,2.7799999999999727,,0.0,0.0,0,0,9,0,[],False,False
wseg_000611,,,,,4454,4460,7,7,0,1451.72,1453.8,2.0799999999999272,,0.0,0.0,0,0,7,0,[],False,False
wseg_000612,,,,,4461,4468,8,8,0,1453.8,1455.78,1.9800000000000182,,0.0,0.0,0,0,8,0,[],False,False
wseg_000613,,,,,4469,4477,9,9,0,1455.78,1458.04,2.259999999999991,,0.0,0.0,0,0,9,0,[],False,False
wseg_000614,,,,,4478,4484,7,7,0,1458.04,1459.96,1.9200000000000728,,0.2799999999999727,0.2799999999999727,1,0,7,0,[],False,False
wseg_000615,,,,,4485,4489,5,5,0,1460.24,1462.0,1.759999999999991,,0.0,0.0,0,0,5,0,[],False,False
wseg_000616,,,,,4490,4493,4,4,0,1462.0,1462.68,0.6800000000000637,,1.4999999999997726,1.4999999999997726,1,0,4,0,[],False,False
wseg_000617,,,,,4494,4498,5,5,0,1464.1799999999998,1465.84,1.6600000000000819,,0.0,0.0,0,0,5,0,[],False,False
wseg_000618,,,,,4499,4506,8,8,0,1465.84,1467.86,2.019999999999982,,0.0,0.0,0,0,8,0,[],False,False
wseg_000619,,,,,4507,4512,6,6,0,1467.86,1468.94,1.0800000000001546,,0.13999999999987267,0.13999999999987267,1,0,6,0,[],False,False
wseg_000620,,,,,4513,4522,10,10,0,1469.08,1470.9,1.8200000000001637,,0.0,0.0,0,0,10,0,[],False,False
wseg_000621,,,,,4523,4529,7,7,0,1470.9,1473.48,2.5799999999999272,,0.5599999999999454,0.6199999999998909,2,0,7,0,[],False,False
wseg_000622,,,,,4530,4539,10,10,0,1474.04,1476.0,1.9600000000000364,,0.0,0.0,0,0,10,0,[],False,False
wseg_000623,,,,,4540,4547,8,8,0,1476.0,1478.14,2.1400000000001,,0.0,0.0,0,0,8,0,[],False,False
wseg_000624,,,,,4548,4555,8,8,0,1478.14,1479.62,1.4799999999997908,,0.08000000000015461,0.08000000000015461,1,0,8,0,[],False,False
wseg_000625,,,,,4556,4556,1,1,0,1479.7,1479.88,0.18000000000006366,,1.0399999999997362,1.0399999999997362,1,0,1,0,[],False,False
wseg_000626,,,,,4557,4561,5,5,0,1480.9199999999998,1482.86,1.9400000000000546,,0.6800000000000637,0.6800000000000637,1,0,5,0,[],False,False
wseg_000627,,,,,4562,4568,7,7,0,1483.54,1485.22,1.6800000000000637,,0.0,0.0,0,0,7,0,[],False,False
wseg_000628,,,,,4569,4576,8,8,0,1485.22,1487.6,2.3799999999998818,,0.6800000000000637,0.6800000000000637,1,0,8,0,[],False,False
wseg_000629,,,,,4577,4580,4,4,0,1488.28,1489.58,1.2999999999999545,,0.16000000000008185,0.16000000000008185,1,0,4,0,[],False,False
wseg_000630,,,,,4581,4587,7,7,0,1489.74,1491.66,1.9200000000000728,,0.8799999999998818,0.8799999999998818,1,0,7,0,[],False,False
wseg_000631,,,,,4588,4591,4,4,0,1492.54,1493.54,1.0,,0.12000000000011823,0.12000000000011823,1,0,4,0,[],False,False
wseg_000632,,,,,4592,4604,13,13,0,1493.66,1496.1,2.439999999999827,,0.4800000000000182,0.4800000000000182,1,0,13,0,[],False,False
wseg_000633,,,,,4605,4610,6,6,0,1496.58,1497.84,1.259999999999991,,0.0,0.0,0,0,6,0,[],False,False
wseg_000634,,,,,4611,4614,4,4,0,1497.84,1499.04,1.2000000000000455,,0.7200000000000273,0.7200000000000273,1,0,4,0,[],False,False
wseg_000635,,,,,4615,4621,7,7,0,1499.76,1502.0,2.240000000000009,,0.0,0.0,0,0,7,0,[],False,False
wseg_000636,,,,,4622,4631,10,10,0,1502.0,1503.92,1.9200000000000728,,0.11999999999989086,0.11999999999989086,1,0,10,0,[],False,False
wseg_000637,,,,,4632,4640,9,9,0,1504.04,1505.8,1.759999999999991,,0.03999999999996362,0.03999999999996362,1,0,9,0,[],False,False
wseg_000638,,,,,4641,4649,9,9,0,1505.84,1507.96,2.1200000000001182,,0.0,0.0,0,0,9,0,[],False,False
wseg_000639,,,,,4650,4653,4,4,0,1507.96,1510.08,2.119999999999891,,0.31999999999993634,0.31999999999993634,1,0,4,0,[],False,False
wseg_000640,,,,,4654,4658,5,5,0,1510.08,1511.9,1.8200000000001637,,0.05999999999994543,0.05999999999994543,1,0,5,0,[],False,False
wseg_000641,,,,,4659,4666,8,8,0,1511.9,1513.84,1.9399999999998272,,0.6400000000001,0.6400000000001,1,0,8,0,[],False,False
wseg_000642,,,,,4667,4672,6,6,0,1514.48,1516.22,1.740000000000009,,0.0,0.0,0,0,6,0,[],False,False
wseg_000643,,,,,4673,4679,7,7,0,1516.22,1517.98,1.759999999999991,,0.2400000000000091,0.2400000000000091,1,0,7,0,[],False,False
wseg_000644,,,,,4680,4684,5,5,0,1517.98,1519.88,1.900000000000091,,0.12000000000011823,0.12000000000011823,1,0,5,0,[],False,False
wseg_000645,,,,,4685,4694,10,10,0,1519.88,1522.1,2.2199999999998,,0.0,0.0,0,0,10,0,[],False,False
wseg_000646,,,,,4695,4700,6,6,0,1522.1,1524.08,1.9800000000000182,,0.01999999999998181,0.01999999999998181,1,0,6,0,[],False,False
wseg_000647,,,,,4701,4707,7,7,0,1524.08,1526.12,2.0399999999999636,,0.22000000000002728,0.22000000000002728,1,0,7,0,[],False,False
wseg_000648,,,,,4708,4713,6,6,0,1526.34,1528.46,2.1200000000001182,,0.0,0.0,0,0,6,0,[],False,False
wseg_000649,,,,,4714,4719,6,6,0,1528.46,1530.32,1.8599999999999,,0.2400000000000091,0.2400000000000091,1,0,6,0,[],False,False
wseg_000650,,,,,4720,4727,8,8,0,1530.32,1531.96,1.6400000000001,,0.0,0.0,0,0,8,0,[],False,False
wseg_000651,,,,,4728,4734,7,7,0,1531.96,1534.0,2.0399999999999636,,0.37999999999988177,0.4199999999998454,2,0,7,0,[],False,False
wseg_000652,,,,,4735,4741,7,7,0,1534.04,1535.86,1.8199999999999363,,0.0,0.0,0,0,7,0,[],False,False
wseg_000653,,,,,4742,4746,5,5,0,1535.86,1537.56,1.7000000000000455,,0.0,0.0,0,0,5,0,[],False,False
wseg_000654,,,,,4747,4753,7,7,0,1537.56,1539.64,2.0800000000001546,,0.0,0.0,0,0,7,0,[],False,False
wseg_000655,,,,,4754,4759,6,6,0,1539.64,1540.84,1.199999999999818,,0.6800000000000637,0.6800000000000637,1,0,6,0,[],False,False
wseg_000656,,,,,4760,4764,5,5,0,1541.52,1542.88,1.3600000000001273,,1.4199999999998454,1.4199999999998454,1,0,5,0,[],False,False
wseg_000657,,,,,4765,4769,5,5,0,1544.3,1546.22,1.9200000000000728,,0.0,0.0,0,0,5,0,[],False,False
wseg_000658,,,,,4770,4774,5,5,0,1546.22,1547.82,1.599999999999909,,0.2599999999999909,0.2599999999999909,1,0,5,0,[],False,False
wseg_000659,,,,,4775,4781,7,7,0,1547.82,1549.2,1.3800000000001091,,0.22000000000002728,0.22000000000002728,1,0,7,0,[],False,False
wseg_000660,,,,,4782,4789,8,8,0,1549.42,1551.84,2.4199999999998454,,0.2400000000000091,0.2400000000000091,1,0,8,0,[],False,False
wseg_000661,,,,,4790,4795,6,6,0,1551.84,1554.08,2.240000000000009,,0.2799999999999727,0.4800000000000182,2,0,6,0,[],False,False
wseg_000662,,,,,4796,4801,6,6,0,1554.28,1556.12,1.8399999999999181,,0.12000000000011823,0.12000000000011823,1,0,6,0,[],False,False
wseg_000663,,,,,4802,4805,4,4,0,1556.24,1557.48,1.240000000000009,,0.11999999999989086,0.11999999999989086,1,0,4,0,[],False,False
wseg_000664,,,,,4806,4811,6,6,0,1557.6,1559.84,2.240000000000009,,0.14000000000010004,0.14000000000010004,1,0,6,0,[],False,False
wseg_000665,,,,,4812,4817,6,6,0,1559.84,1561.5,1.6600000000000819,,0.0,0.0,0,0,6,0,[],False,False
wseg_000666,,,,,4818,4826,9,9,0,1561.5,1563.66,2.160000000000082,,0.5599999999999454,0.5599999999999454,1,0,9,0,[],False,False
wseg_000667,,,,,4827,4830,4,4,0,1564.22,1565.52,1.2999999999999545,,0.0,0.0,0,0,4,0,[],False,False
wseg_000668,,,,,4831,4837,7,7,0,1565.52,1567.48,1.9600000000000364,,0.37999999999988177,0.37999999999988177,1,0,7,0,[],False,False
wseg_000669,,,,,4838,4843,6,6,0,1567.86,1569.82,1.9600000000000364,,0.08000000000015461,0.08000000000015461,1,0,6,0,[],False,False
wseg_000670,,,,,4844,4852,9,9,0,1569.82,1571.22,1.400000000000091,,0.5599999999999454,0.5599999999999454,1,0,9,0,[],False,False
wseg_000671,,,,,4853,4858,6,6,0,1571.78,1573.06,1.2799999999999727,,0.2400000000000091,0.2400000000000091,1,0,6,0,[],False,False
wseg_000672,,,,,4859,4868,10,10,0,1573.3,1575.74,2.4400000000000546,,0.2799999999999727,0.2799999999999727,1,0,10,0,[],False,False
wseg_000673,,,,,4869,4877,9,9,0,1575.74,1577.84,2.099999999999909,,0.6800000000000637,0.8400000000001455,2,0,9,0,[],False,False
wseg_000674,,,,,4878,4882,5,5,0,1578.52,1580.28,1.759999999999991,,0.12000000000011823,0.12000000000011823,1,0,5,0,[],False,False
wseg_000675,,,,,4883,4888,6,6,0,1580.4,1582.2,1.7999999999999545,,0.3999999999998636,0.3999999999998636,1,0,6,0,[],False,False
wseg_000676,,,,,4889,4896,8,8,0,1582.6,1584.0,1.400000000000091,,0.10000000000013642,0.10000000000013642,1,0,8,0,[],False,False
wseg_000677,,,,,4897,4902,6,6,0,1584.0,1586.12,2.119999999999891,,0.4600000000000364,0.4600000000000364,1,0,6,0,[],False,False
wseg_000678,,,,,4903,4907,5,5,0,1586.12,1587.86,1.740000000000009,,0.0,0.0,0,0,5,0,[],False,False
wseg_000679,,,,,4908,4913,6,6,0,1587.86,1589.86,2.0,,0.15999999999985448,0.15999999999985448,1,0,6,0,[],False,False
wseg_000680,,,,,4914,4918,5,5,0,1589.86,1591.9,2.040000000000191,,0.15999999999985448,0.15999999999985448,1,0,5,0,[],False,False
wseg_000681,,,,,4919,4925,7,7,0,1591.9,1593.78,1.8799999999998818,,0.2599999999999909,0.2599999999999909,1,0,7,0,[],False,False
wseg_000682,,,,,4926,4934,9,9,0,1594.04,1595.88,1.8400000000001455,,0.0,0.0,0,0,9,0,[],False,False
wseg_000683,,,,,4935,4942,8,8,0,1595.88,1598.08,2.199999999999818,,0.36000000000012733,0.42000000000030013,2,0,8,0,[],False,False
wseg_000684,,,,,4943,4948,6,6,0,1598.14,1599.98,1.8399999999999181,,0.20000000000004547,0.20000000000004547,1,0,6,0,[],False,False
wseg_000685,,,,,4949,4956,8,8,0,1599.98,1602.02,2.0399999999999636,,0.0,0.0,0,0,8,0,[],False,False
wseg_000686,,,,,4957,4963,7,7,0,1602.02,1603.96,1.9400000000000546,,0.0,0.0,0,0,7,0,[],False,False
wseg_000687,,,,,4964,4972,9,9,0,1603.96,1606.12,2.1599999999998545,,0.6200000000001182,0.6200000000001182,1,0,9,0,[],False,False
wseg_000688,,,,,4973,4975,3,3,0,1606.74,1608.08,1.3399999999999181,,0.0,0.0,0,0,3,0,[],False,False
wseg_000689,,,,,4976,4982,7,7,0,1608.08,1610.04,1.9600000000000364,,0.16000000000008185,0.16000000000008185,1,0,7,0,[],False,False
wseg_000690,,,,,4983,4988,6,6,0,1610.2,1611.86,1.6599999999998545,,0.0,0.0,0,0,6,0,[],False,False
wseg_000691,,,,,4989,4992,4,4,0,1611.86,1613.54,1.6800000000000637,,1.0599999999999454,1.0599999999999454,1,0,4,0,[],False,False
wseg_000692,,,,,4993,4996,4,4,0,1614.6,1615.82,1.2200000000000273,,0.01999999999998181,0.01999999999998181,1,0,4,0,[],False,False
wseg_000693,,,,,4997,5001,5,5,0,1615.84,1617.44,1.6000000000001364,,0.5899999999999181,0.5899999999999181,1,0,5,0,[],False,False
wseg_000694,,,,,5002,5007,6,6,0,1618.03,1619.68,1.650000000000091,,0.0,0.0,0,0,6,0,[],False,False
wseg_000695,,,,,5008,5014,7,7,0,1619.68,1621.54,1.8599999999999,,0.10000000000013642,0.10000000000013642,1,0,7,0,[],False,False
wseg_000696,,,,,5015,5024,10,10,0,1621.64,1623.72,2.0799999999999272,,0.31999999999993634,0.4199999999998454,2,0,10,0,[],False,False
wseg_000697,,,,,5025,5030,6,6,0,1624.04,1625.54,1.5,,0.40000000000009095,0.40000000000009095,1,0,6,0,[],False,False
wseg_000698,,,,,5031,5036,6,6,0,1625.94,1627.92,1.9800000000000182,,0.0,0.0,0,0,6,0,[],False,False
wseg_000699,,,,,5037,5042,6,6,0,1627.92,1629.94,2.019999999999982,,0.0,0.0,0,0,6,0,[],False,False
wseg_000700,,,,,5043,5045,3,3,0,1629.94,1631.28,1.3399999999999181,,0.22000000000002728,0.22000000000002728,1,0,3,0,[],False,False
wseg_000701,,,,,5046,5052,7,7,0,1631.5,1633.66,2.160000000000082,,0.2599999999999909,0.2599999999999909,1,0,7,0,[],False,False
wseg_000702,,,,,5053,5059,7,7,0,1633.66,1635.68,2.019999999999982,,0.0,0.0,0,0,7,0,[],False,False
wseg_000703,,,,,5060,5069,10,10,0,1635.68,1638.24,2.5599999999999454,,0.2599999999999909,0.2599999999999909,1,0,10,0,[],False,False
wseg_000704,,,,,5070,5075,6,6,0,1638.5,1640.22,1.7200000000000273,,0.0,0.0,0,0,6,0,[],False,False
wseg_000705,,,,,5076,5082,7,7,0,1640.22,1641.6,1.3799999999998818,,0.900000000000091,0.900000000000091,1,0,7,0,[],False,False
wseg_000706,,,,,5083,5088,6,6,0,1642.5,1644.06,1.5599999999999454,,0.0,0.0,0,0,6,0,[],False,False
wseg_000707,,,,,5089,5091,3,3,0,1644.06,1645.82,1.759999999999991,,0.0,0.0,0,0,3,0,[],False,False
wseg_000708,,,,,5092,5097,6,6,0,1645.82,1647.5,1.6800000000000637,,0.5399999999999636,0.5399999999999636,1,0,6,0,[],False,False
wseg_000709,,,,,5098,5103,6,6,0,1648.04,1649.64,1.6000000000001364,,0.0,0.0,0,0,6,0,[],False,False
wseg_000710,,,,,5104,5109,6,6,0,1649.64,1651.9,2.259999999999991,,0.14000000000010004,0.14000000000010004,1,0,6,0,[],False,False
wseg_000711,,,,,5110,5117,8,8,0,1651.9,1653.98,2.0799999999999272,,0.05999999999994543,0.05999999999994543,1,0,8,0,[],False,False
wseg_000712,,,,,5118,5126,9,9,0,1654.04,1656.56,2.519999999999982,,0.2400000000000091,0.2400000000000091,1,0,9,0,[],False,False
wseg_000713,,,,,5127,5131,5,5,0,1656.8,1658.14,1.3400000000001455,,0.0,0.0,0,0,5,0,[],False,False
wseg_000714,,,,,5132,5137,6,6,0,1658.14,1659.5,1.3599999999999,,0.14000000000010004,0.14000000000010004,1,0,6,0,[],False,False
wseg_000715,,,,,5138,5144,7,7,0,1659.64,1661.74,2.099999999999909,,0.16000000000008185,0.16000000000008185,1,0,7,0,[],False,False
wseg_000716,,,,,5145,5149,5,5,0,1661.9,1663.74,1.8399999999999181,,0.0,0.0,0,0,5,0,[],False,False
wseg_000717,,,,,5150,5155,6,6,0,1663.74,1666.48,2.740000000000009,,0.33999999999991815,0.33999999999991815,1,0,6,0,[],False,False
wseg_000718,,,,,5156,5162,7,7,0,1666.48,1667.76,1.2799999999999727,,0.0,0.0,0,0,7,0,[],False,False
wseg_000719,,,,,5163,5166,4,4,0,1667.76,1669.4,1.6400000000001,,0.0,0.0,0,0,4,0,[],False,False
wseg_000720,,,,,5167,5176,10,10,0,1669.4,1672.52,3.119999999999891,,0.0,0.0,0,0,10,0,[],False,False
wseg_000721,,,,,5177,5181,5,5,0,1672.52,1673.9,1.3800000000001091,,0.0,0.0,0,0,5,0,[],False,False
wseg_000722,,,,,5182,5186,5,5,0,1673.9,1675.0,1.099999999999909,,0.31999999999993634,0.31999999999993634,1,0,5,0,[],False,False
wseg_000723,,,,,5187,5196,10,10,0,1675.32,1678.14,2.8200000000001637,,0.0,0.0,0,0,10,0,[],False,False
wseg_000724,,,,,5197,5204,8,8,0,1678.14,1679.82,1.6799999999998363,,0.0,0.0,0,0,8,0,[],False,False
wseg_000725,,,,,5205,5212,8,8,0,1679.82,1682.42,2.6000000000001364,,0.09999999999990905,0.09999999999990905,1,0,8,0,[],False,False
wseg_000726,,,,,5213,5217,5,5,0,1682.52,1683.92,1.400000000000091,,0.11999999999989086,0.11999999999989086,1,0,5,0,[],False,False
wseg_000727,,,,,5218,5227,10,10,0,1684.04,1686.1,2.0599999999999454,,0.01999999999998181,0.01999999999998181,1,0,10,0,[],False,False
wseg_000728,,,,,5228,5230,3,3,0,1686.1,1687.0,0.900000000000091,,0.2400000000000091,0.2400000000000091,1,0,3,0,[],False,False
wseg_000729,,,,,5231,5238,8,8,0,1687.24,1689.74,2.5,,0.40000000000009095,0.40000000000009095,1,0,8,0,[],False,False
wseg_000730,,,,,5239,5244,6,6,0,1690.14,1691.88,1.740000000000009,,0.0,0.0,0,0,6,0,[],False,False
wseg_000731,,,,,5245,5249,5,5,0,1691.88,1693.94,2.0599999999999454,,0.0,0.0,0,0,5,0,[],False,False
wseg_000732,,,,,5250,5255,6,6,0,1693.94,1695.68,1.740000000000009,,0.15999999999985448,0.15999999999985448,1,0,6,0,[],False,False
wseg_000733,,,,,5256,5265,10,10,0,1695.84,1698.42,2.5800000000001546,,0.09999999999990905,0.09999999999990905,1,0,10,0,[],False,False
wseg_000734,,,,,5266,5269,4,4,0,1698.52,1700.34,1.8199999999999363,,0.0,0.0,0,0,4,0,[],False,False
wseg_000735,,,,,5270,5275,6,6,0,1700.34,1701.72,1.3800000000001091,,0.0,0.0,0,0,6,0,[],False,False
wseg_000736,,,,,5276,5283,8,8,0,1701.72,1704.12,2.3999999999998636,,0.0,0.0,0,0,8,0,[],False,False
wseg_000737,,,,,5284,5288,5,5,0,1704.12,1706.14,2.020000000000209,,0.3200000000001637,0.3200000000001637,1,0,5,0,[],False,False
wseg_000738,,,,,5289,5295,7,7,0,1706.14,1708.4,2.259999999999991,,0.0,0.0,0,0,7,0,[],False,False
wseg_000739,,,,,5296,5299,4,4,0,1708.4,1709.8,1.3999999999998636,,0.0,0.0,0,0,4,0,[],False,False
wseg_000740,,,,,5300,5303,4,4,0,1709.8,1711.9,2.1000000000001364,,0.2400000000000091,0.2400000000000091,1,0,4,0,[],False,False
wseg_000741,,,,,5304,5311,8,8,0,1711.9,1714.02,2.119999999999891,,0.01999999999998181,0.01999999999998181,1,0,8,0,[],False,False
wseg_000742,,,,,5312,5318,7,7,0,1714.04,1716.38,2.3400000000001455,,0.07999999999992724,0.07999999999992724,1,0,7,0,[],False,False
wseg_000743,,,,,5319,5326,8,8,0,1716.46,1718.24,1.7799999999999727,,0.03999999999996362,0.03999999999996362,1,0,8,0,[],False,False
wseg_000744,,,,,5327,5332,6,6,0,1718.24,1719.7,1.4600000000000364,,0.05999999999994543,0.05999999999994543,1,0,6,0,[],False,False
wseg_000745,,,,,5333,5340,8,8,0,1719.76,1721.76,2.0,,0.0,0.0,0,0,8,0,[],False,False
wseg_000746,,,,,5341,5344,4,4,0,1721.76,1723.48,1.7200000000000273,,0.18000000000006366,0.18000000000006366,1,0,4,0,[],False,False
wseg_000747,,,,,5345,5353,9,9,0,1723.66,1725.88,2.2200000000000273,,0.01999999999998181,0.01999999999998181,1,0,9,0,[],False,False
wseg_000748,,,,,5354,5359,6,6,0,1725.88,1728.1,2.2199999999998,,0.0,0.0,0,0,6,0,[],False,False
wseg_000749,,,,,5360,5366,7,7,0,1728.1,1730.5,2.400000000000091,,0.0,0.0,0,0,7,0,[],False,False
wseg_000750,,,,,5367,5374,8,8,0,1730.5,1732.3,1.7999999999999545,,0.0,0.0,0,0,8,0,[],False,False
wseg_000751,,,,,5375,5379,5,5,0,1732.3,1734.1,1.7999999999999545,,0.0,0.0,0,0,5,0,[],False,False
wseg_000752,,,,,5380,5382,3,3,0,1734.1,1735.94,1.8400000000001455,,0.20000000000004547,0.20000000000004547,1,0,3,0,[],False,False
wseg_000753,,,,,5383,5388,6,6,0,1736.14,1737.92,1.7799999999999727,,0.5599999999999454,0.5599999999999454,1,0,6,0,[],False,False
wseg_000754,,,,,5389,5392,4,4,0,1738.48,1740.14,1.6600000000000819,,0.0,0.0,0,0,4,0,[],False,False
wseg_000755,,,,,5393,5401,9,9,0,1740.14,1742.42,2.2799999999999727,,0.0,0.0,0,0,9,0,[],False,False
wseg_000756,,,,,5402,5407,6,6,0,1742.42,1744.02,1.599999999999909,,0.01999999999998181,0.01999999999998181,1,0,6,0,[],False,False
wseg_000757,,,,,5408,5411,4,4,0,1744.04,1745.98,1.9400000000000546,,0.07999999999992724,0.07999999999992724,1,0,4,0,[],False,False
wseg_000758,,,,,5412,5414,3,3,0,1746.06,1746.76,0.7000000000000455,,0.2999999999999545,0.2999999999999545,1,0,3,0,[],False,False
wseg_000759,,,,,5415,5417,3,3,0,1747.06,1748.5,1.4400000000000546,,0.01999999999998181,0.01999999999998181,1,0,3,0,[],False,False
wseg_000760,,,,,5418,5426,9,9,0,1748.52,1751.28,2.759999999999991,,0.05999999999994543,0.05999999999994543,1,0,9,0,[],False,False
wseg_000761,,,,,5427,5436,10,10,0,1751.34,1753.48,2.1400000000001,,0.07999999999992724,0.07999999999992724,1,0,10,0,[],False,False
wseg_000762,,,,,5437,5442,6,6,0,1753.56,1754.86,1.2999999999999545,,0.020000000000209184,0.020000000000209184,1,0,6,0,[],False,False
wseg_000763,,,,,5443,5446,4,4,0,1754.88,1755.72,0.8399999999999181,,1.8399999999999181,1.8399999999999181,1,0,4,0,[],False,False
wseg_000764,,,,,5447,5455,9,9,0,1757.56,1760.46,2.900000000000091,,0.0,0.0,0,0,9,0,[],False,False
wseg_000765,,,,,5456,5459,4,4,0,1760.46,1761.56,1.099999999999909,,3.2799999999999727,3.2799999999999727,1,0,4,0,[],False,False
wseg_000766,,,,,5460,5463,4,4,0,1764.84,1766.52,1.6800000000000637,,0.12000000000011823,0.12000000000011823,1,0,4,0,[],False,False
wseg_000767,,,,,5464,5467,4,4,0,1766.64,1767.76,1.1199999999998909,,0.12000000000011823,0.12000000000011823,1,0,4,0,[],False,False
wseg_000768,,,,,5468,5475,8,8,0,1767.88,1771.4,3.519999999999982,,0.20000000000004547,0.20000000000004547,1,0,8,0,[],False,False
wseg_000769,,,,,5476,5479,4,4,0,1771.4,1772.5,1.099999999999909,,1.5399999999999636,1.5399999999999636,1,0,4,0,[],False,False
wseg_000770,,,,,5480,5489,10,10,0,1774.04,1775.82,1.7799999999999727,,0.0,0.0,0,0,10,0,[],False,False
wseg_000771,,,,,5490,5493,4,4,0,1775.82,1777.22,1.400000000000091,,0.16000000000008185,0.16000000000008185,1,0,4,0,[],False,False
wseg_000772,,,,,5494,5500,7,7,0,1777.38,1779.94,2.5599999999999454,,0.0,0.0,0,0,7,0,[],False,False
wseg_000773,,,,,5501,5507,7,7,0,1779.94,1781.7,1.759999999999991,,0.6600000000000819,0.6600000000000819,1,0,7,0,[],False,False
wseg_000774,,,,,5508,5510,3,3,0,1782.3600000000001,1783.94,1.5799999999999272,,0.16000000000008185,0.20000000000004547,2,0,3,0,[],False,False
wseg_000775,,,,,5511,5515,5,5,0,1783.94,1785.28,1.3399999999999181,,0.22000000000002728,0.22000000000002728,1,0,5,0,[],False,False
wseg_000776,,,,,5516,5521,6,6,0,1785.5,1787.84,2.339999999999918,,0.0,0.0,0,0,6,0,[],False,False
wseg_000777,,,,,5522,5527,6,6,0,1787.84,1790.1,2.259999999999991,,0.0,0.0,0,0,6,0,[],False,False
wseg_000778,,,,,5528,5533,6,6,0,1790.1,1792.32,2.2200000000000273,,0.0,0.0,0,0,6,0,[],False,False
wseg_000779,,,,,5534,5535,2,2,0,1792.32,1793.92,1.6000000000001364,,0.0,0.0,0,0,2,0,[],False,False
wseg_000780,,,,,5536,5540,5,5,0,1793.92,1795.28,1.3599999999999,,0.0,0.0,0,0,5,0,[],False,False
wseg_000781,,,,,5541,5544,4,4,0,1795.28,1796.44,1.1600000000000819,,0.22000000000002728,0.22000000000002728,1,0,4,0,[],False,False
wseg_000782,,,,,5545,5553,9,9,0,1796.66,1799.0,2.339999999999918,,0.0,0.0,0,0,9,0,[],False,False
wseg_000783,,,,,5554,5562,9,9,0,1799.0,1801.2,2.2000000000000455,,0.0,0.0,0,0,9,0,[],False,False
wseg_000784,,,,,5563,5567,5,5,0,1801.2,1802.38,1.1800000000000637,,0.0,0.0,0,0,5,0,[],False,False
wseg_000785,,,,,5568,5575,8,8,0,1802.38,1804.54,2.1599999999998545,,0.0,0.0,0,0,8,0,[],False,False
wseg_000786,,,,,5576,5579,4,4,0,1804.54,1805.9,1.3600000000001273,,0.459999999999809,0.459999999999809,1,0,4,0,[],False,False
wseg_000787,,,,,5580,5587,8,8,0,1806.36,1808.52,2.160000000000082,,0.0,0.0,0,0,8,0,[],False,False
wseg_000788,,,,,5588,5593,6,6,0,1808.52,1810.82,2.2999999999999545,,0.3400000000001455,0.3400000000001455,1,0,6,0,[],False,False
wseg_000789,,,,,5594,5598,5,5,0,1810.82,1812.56,1.740000000000009,,0.5399999999999636,0.5399999999999636,1,0,5,0,[],False,False
wseg_000790,,,,,5599,5603,5,5,0,1813.1,1815.0,1.900000000000091,,0.20000000000004547,0.20000000000004547,1,0,5,0,[],False,False
wseg_000791,,,,,5604,5609,6,6,0,1815.2,1816.5,1.2999999999999545,,0.20000000000004547,0.2400000000000091,2,0,6,0,[],False,False
wseg_000792,,,,,5610,5617,8,8,0,1816.7,1818.78,2.0799999999999272,,0.0,0.0,0,0,8,0,[],False,False
wseg_000793,,,,,5618,5624,7,7,0,1818.78,1820.82,2.0399999999999636,,0.11999999999989086,0.20000000000004547,2,0,7,0,[],False,False
wseg_000794,,,,,5625,5630,6,6,0,1820.9,1822.74,1.8399999999999181,,0.20000000000004547,0.20000000000004547,1,0,6,0,[],False,False
wseg_000795,,,,,5631,5637,7,7,0,1822.94,1824.62,1.6799999999998363,,0.0,0.0,0,0,7,0,[],False,False
wseg_000796,,,,,5638,5645,8,8,0,1824.62,1827.28,2.660000000000082,,0.0,0.0,0,0,8,0,[],False,False
wseg_000797,,,,,5646,5651,6,6,0,1827.28,1828.86,1.5799999999999272,,0.0,0.0,0,0,6,0,[],False,False
wseg_000798,,,,,5652,5660,9,9,0,1828.86,1831.06,2.2000000000000455,,0.14000000000010004,0.14000000000010004,1,0,9,0,[],False,False
wseg_000799,,,,,5661,5665,5,5,0,1831.2,1832.78,1.5799999999999272,,0.0,0.0,0,0,5,0,[],False,False
wseg_000800,,,,,5666,5672,7,7,0,1832.78,1834.7,1.9200000000000728,,0.01999999999998181,0.01999999999998181,1,0,7,0,[],False,False
wseg_000801,,,,,5673,5678,6,6,0,1834.7,1836.36,1.6599999999998545,,0.0,0.0,0,0,6,0,[],False,False
wseg_000802,,,,,5679,5689,11,11,0,1836.36,1839.48,3.1200000000001182,,0.0,0.0,0,0,11,0,[],False,False
wseg_000803,,,,,5690,5693,4,4,0,1839.48,1841.0,1.5199999999999818,,0.0,0.0,0,0,4,0,[],False,False
wseg_000804,,,,,5694,5698,5,5,0,1841.0,1842.8,1.7999999999999545,,0.0,0.0,0,0,5,0,[],False,False
wseg_000805,,,,,5699,5702,4,4,0,1842.8,1844.32,1.5199999999999818,,0.0,0.0,0,0,4,0,[],False,False
wseg_000806,,,,,5703,5709,7,7,0,1844.32,1846.4,2.0800000000001546,,0.0,0.0,0,0,7,0,[],False,False
wseg_000807,,,,,5710,5717,8,8,0,1846.4,1849.18,2.7799999999999727,,0.07999999999992724,0.07999999999992724,1,0,8,0,[],False,False
wseg_000808,,,,,5718,5723,6,6,0,1849.18,1851.28,2.099999999999909,,0.0,0.0,0,0,6,0,[],False,False
wseg_000809,,,,,5724,5727,4,4,0,1851.28,1852.52,1.240000000000009,,0.0,0.0,0,0,4,0,[],False,False
wseg_000810,,,,,5728,5734,7,7,0,1852.52,1854.46,1.9400000000000546,,0.0,0.0,0,0,7,0,[],False,False
wseg_000811,,,,,5735,5739,5,5,0,1854.46,1855.88,1.4200000000000728,,0.03999999999996362,0.03999999999996362,1,0,5,0,[],False,False
wseg_000812,,,,,5740,5745,6,6,0,1855.88,1858.2,2.3199999999999363,,0.0,0.0,0,0,6,0,[],False,False
wseg_000813,,,,,5746,5749,4,4,0,1858.2,1860.22,2.019999999999982,,0.9800000000000182,0.9800000000000182,1,0,4,0,[],False,False
wseg_000814,,,,,5750,5757,8,8,0,1861.2,1862.86,1.6599999999998545,,0.0,0.0,0,0,8,0,[],False,False
wseg_000815,,,,,5758,5762,5,5,0,1862.86,1864.88,2.020000000000209,,0.0,0.0,0,0,5,0,[],False,False
wseg_000816,,,,,5763,5767,5,5,0,1864.88,1867.84,2.959999999999809,,0.0,0.0,0,0,5,0,[],False,False
wseg_000817,,,,,5768,5773,6,6,0,1867.84,1870.36,2.519999999999982,,0.0,0.0,0,0,6,0,[],False,False
wseg_000818,,,,,5774,5780,7,7,0,1870.36,1872.38,2.020000000000209,,0.0,0.0,0,0,7,0,[],False,False
wseg_000819,,,,,5781,5786,6,6,0,1872.38,1874.1,1.7199999999998,,0.0,0.0,0,0,6,0,[],False,False
wseg_000820,,,,,5787,5789,3,3,0,1874.1,1874.82,0.7200000000000273,,0.0,0.0,0,0,3,0,[],False,False
wseg_000821,,,,,5790,5794,5,5,0,1874.82,1875.94,1.1200000000001182,,0.0,0.0,0,0,5,0,[],False,False
wseg_000822,,,,,5795,5799,5,5,0,1875.94,1878.0,2.0599999999999454,,0.0,0.0,0,0,5,0,[],False,False
wseg_000823,,,,,5800,5804,5,5,0,1878.0,1880.1,2.099999999999909,,0.0,0.0,0,0,5,0,[],False,False
wseg_000824,,,,,5805,5808,4,4,0,1880.1,1882.88,2.7800000000002,,0.2999999999999545,0.4399999999998272,2,0,4,0,[],False,False
wseg_000825,,,,,5809,5814,6,6,0,1882.88,1885.2,2.3199999999999363,,0.0,0.0,0,0,6,0,[],False,False
wseg_000826,,,,,5815,5815,1,1,0,1885.2,1885.88,0.6800000000000637,,0.0,0.0,0,0,1,0,[],False,False
wseg_000827,,,,,5816,5820,5,5,0,1885.88,1887.66,1.7799999999999727,,0.0,0.0,0,0,5,0,[],False,False
wseg_000828,,,,,5821,5830,10,10,0,1887.66,1890.44,2.7799999999999727,,0.7599999999999909,0.9199999999998454,3,0,10,0,[],False,False
wseg_000829,,,,,5831,5837,7,7,0,1891.2,1892.72,1.5199999999999818,,0.0,0.0,0,0,7,0,[],False,False
wseg_000830,,,,,5838,5846,9,9,0,1892.72,1895.28,2.5599999999999454,,0.060000000000172804,0.060000000000172804,1,0,9,0,[],False,False
wseg_000831,,,,,5847,5850,4,4,0,1895.28,1897.12,1.8399999999999181,,0.0,0.0,0,0,4,0,[],False,False
wseg_000832,,,,,5851,5857,7,7,0,1897.12,1898.8,1.6800000000000637,,0.0,0.0,0,0,7,0,[],False,False
wseg_000833,,,,,5858,5861,4,4,0,1898.8,1900.2,1.400000000000091,,2.599999999999909,2.599999999999909,1,0,4,0,[],False,False
wseg_000834,,,,,5862,5870,9,9,0,1902.8,1905.54,2.740000000000009,,0.060000000000172804,0.060000000000172804,1,0,9,0,[],False,False
wseg_000835,,,,,5871,5874,4,4,0,1905.54,1907.42,1.8800000000001091,,0.0,0.0,0,0,4,0,[],False,False
wseg_000836,,,,,5875,5878,4,4,0,1907.42,1908.88,1.4600000000000364,,0.0,0.0,0,0,4,0,[],False,False
wseg_000837,,,,,5879,5885,7,7,0,1908.88,1911.18,2.2999999999999545,,0.0,0.0,0,0,7,0,[],False,False
wseg_000838,,,,,5886,5890,5,5,0,1911.18,1913.3,2.119999999999891,,0.0,0.0,0,0,5,0,[],False,False
wseg_000839,,,,,5891,5895,5,5,0,1913.3,1914.2,0.900000000000091,,0.0,0.0,0,0,5,0,[],False,False
wseg_000840,,,,,5896,5907,12,12,0,1914.2,1917.24,3.0399999999999636,,0.05999999999994543,0.05999999999994543,1,0,12,0,[],False,False
wseg_000841,,,,,5908,5913,6,6,0,1917.24,1918.84,1.599999999999909,,0.0,0.0,0,0,6,0,[],False,False
wseg_000842,,,,,5914,5919,6,6,0,1918.84,1920.8,1.9600000000000364,,0.40000000000009095,0.40000000000009095,1,0,6,0,[],False,False
wseg_000843,,,,,5920,5922,3,3,0,1921.2,1921.94,0.7400000000000091,,0.0,0.0,0,0,3,0,[],False,False
wseg_000844,,,,,5923,5933,11,11,0,1921.94,1924.26,2.3199999999999363,,0.0,0.0,0,0,11,0,[],False,False
wseg_000845,,,,,5934,5942,9,9,0,1924.26,1926.98,2.7200000000000273,,0.12000000000011823,0.20000000000004547,2,0,9,0,[],False,False
wseg_000846,,,,,5943,5951,9,9,0,1926.98,1929.14,2.160000000000082,,0.0,0.0,0,0,9,0,[],False,False
wseg_000847,,,,,5952,5960,9,9,0,1929.14,1930.94,1.7999999999999545,,0.0,0.0,0,0,9,0,[],False,False
wseg_000848,,,,,5961,5963,3,3,0,1930.94,1932.0,1.0599999999999454,,0.0,0.0,0,0,3,0,[],False,False
wseg_000849,,,,,5964,5974,11,11,0,1932.0,1934.5,2.5,,0.0,0.0,0,0,11,0,[],False,False
wseg_000850,,,,,5975,5981,7,7,0,1934.5,1935.94,1.4400000000000546,,0.0,0.0,0,0,7,0,[],False,False
wseg_000851,,,,,5982,5994,13,13,0,1935.94,1938.6,2.6599999999998545,,0.05999999999994543,0.05999999999994543,1,0,13,0,[],False,False
wseg_000852,,,,,5995,6004,10,10,0,1938.6,1940.28,1.6800000000000637,,0.0,0.0,0,0,10,0,[],False,False
wseg_000853,,,,,6005,6010,6,6,0,1940.28,1942.04,1.759999999999991,,0.0,0.0,0,0,6,0,[],False,False
wseg_000854,,,,,6011,6017,7,7,0,1942.04,1943.66,1.6200000000001182,,0.0,0.0,0,0,7,0,[],False,False
wseg_000855,,,,,6018,6025,8,8,0,1943.66,1946.0,2.339999999999918,,0.0,0.0,0,0,8,0,[],False,False
wseg_000856,,,,,6026,6035,10,10,0,1946.0,1949.2,3.2000000000000455,,0.0,0.0,0,0,10,0,[],False,False
wseg_000857,,,,,6036,6043,8,8,0,1949.2,1951.7,2.5,,0.0,0.0,0,0,8,0,[],False,False
wseg_000858,,,,,6044,6049,6,6,0,1951.7,1952.94,1.240000000000009,,0.0,0.0,0,0,6,0,[],False,False
wseg_000859,,,,,6050,6054,5,5,0,1952.94,1955.28,2.339999999999918,,0.040000000000190994,0.040000000000190994,1,0,5,0,[],False,False
wseg_000860,,,,,6055,6060,6,6,0,1955.28,1956.98,1.7000000000000455,,0.0,0.0,0,0,6,0,[],False,False
wseg_000861,,,,,6061,6063,3,3,0,1956.98,1958.42,1.4400000000000546,,0.599999999999909,0.599999999999909,1,0,3,0,[],False,False
wseg_000862,,,,,6064,6070,7,7,0,1959.02,1960.72,1.7000000000000455,,0.0,0.0,0,0,7,0,[],False,False
wseg_000863,,,,,6071,6078,8,8,0,1960.72,1962.6,1.8799999999998818,,0.0,0.0,0,0,8,0,[],False,False
wseg_000864,,,,,6079,6086,8,8,0,1962.6,1964.46,1.8600000000001273,,0.0,0.0,0,0,8,0,[],False,False
wseg_000865,,,,,6087,6096,10,10,0,1964.46,1967.28,2.8199999999999363,,0.0,0.0,0,0,10,0,[],False,False
wseg_000866,,,,,6097,6108,12,12,0,1967.28,1969.2,1.9200000000000728,,0.0,0.0,0,0,12,0,[],False,False
wseg_000867,,,,,6109,6114,6,6,0,1969.2,1970.96,1.759999999999991,,0.0,0.0,0,0,6,0,[],False,False
wseg_000868,,,,,6115,6121,7,7,0,1970.96,1973.32,2.3599999999999,,0.0,0.0,0,0,7,0,[],False,False
wseg_000869,,,,,6122,6128,7,7,0,1973.32,1974.9,1.5800000000001546,,0.0,0.0,0,0,7,0,[],False,False
wseg_000870,,,,,6129,6136,8,8,0,1974.9,1977.26,2.3599999999999,,0.01999999999998181,0.01999999999998181,1,0,8,0,[],False,False
wseg_000871,,,,,6137,6143,7,7,0,1977.26,1978.7,1.4400000000000546,,0.5,0.5,1,0,7,0,[],False,False
wseg_000872,,,,,6144,6147,4,4,0,1979.2,1981.22,2.019999999999982,,0.0,0.0,0,0,4,0,[],False,False
wseg_000873,,,,,6148,6155,8,8,0,1981.22,1983.1,1.8799999999998818,,0.060000000000172804,0.060000000000172804,1,0,8,0,[],False,False
wseg_000874,,,,,6156,6167,12,12,0,1983.1,1985.08,1.9800000000000182,,0.0,0.0,0,0,12,0,[],False,False
wseg_000875,,,,,6168,6172,5,5,0,1985.08,1987.32,2.240000000000009,,0.0,0.0,0,0,5,0,[],False,False
wseg_000876,,,,,6173,6177,5,5,0,1987.32,1988.54,1.2200000000000273,,0.0,0.0,0,0,5,0,[],False,False
wseg_000877,,,,,6178,6187,10,10,0,1988.54,1991.52,2.980000000000018,,0.42000000000007276,0.4600000000000364,2,0,10,0,[],False,False
wseg_000878,,,,,6188,6194,7,7,0,1991.94,1993.2,1.259999999999991,,0.05999999999994543,0.05999999999994543,1,0,7,0,[],False,False
wseg_000879,,,,,6195,6202,8,8,0,1993.2,1995.04,1.8399999999999181,,0.0,0.0,0,0,8,0,[],False,False
wseg_000880,,,,,6203,6208,6,6,0,1995.04,1996.6,1.5599999999999454,,0.0,0.0,0,0,6,0,[],False,False
wseg_000881,,,,,6209,6218,10,10,0,1996.6,1998.3,1.7000000000000455,,0.0,0.0,0,0,10,0,[],False,False
wseg_000882,,,,,6219,6227,9,9,0,1998.3,2001.18,2.880000000000109,,0.0,0.0,0,0,9,0,[],False,False
wseg_000883,,,,,6228,6239,12,12,0,2001.18,2002.54,1.3599999999999,,0.40000000000009095,0.40000000000009095,1,0,12,0,[],False,False
wseg_000884,,,,,6240,6246,7,7,0,2002.94,2005.1,2.1599999999998545,,0.0,0.0,0,0,7,0,[],False,False
wseg_000885,,,,,6247,6255,9,9,0,2005.1,2007.06,1.9600000000000364,,0.8600000000001273,0.9400000000000546,2,0,9,0,[],False,False
wseg_000886,,,,,6256,6261,6,6,0,2007.92,2009.02,1.099999999999909,,0.18000000000006366,0.18000000000006366,1,0,6,0,[],False,False
wseg_000887,,,,,6262,6267,6,6,0,2009.2,2011.12,1.9199999999998454,,0.20000000000004547,0.20000000000004547,1,0,6,0,[],False,False
wseg_000888,,,,,6268,6274,7,7,0,2011.12,2013.04,1.9200000000000728,,0.0,0.0,0,0,7,0,[],False,False
wseg_000889,,,,,6275,6281,7,7,0,2013.04,2015.12,2.0799999999999272,,0.0,0.0,0,0,7,0,[],False,False
wseg_000890,,,,,6282,6289,8,8,0,2015.12,2016.96,1.8400000000001455,,0.0,0.0,0,0,8,0,[],False,False
wseg_000891,,,,,6290,6295,6,6,0,2016.96,2019.12,2.1599999999998545,,0.0,0.0,0,0,6,0,[],False,False
wseg_000892,,,,,6296,6304,9,9,0,2019.12,2021.42,2.300000000000182,,0.37999999999988177,0.37999999999988177,1,0,9,0,[],False,False
wseg_000893,,,,,6305,6310,6,6,0,2021.42,2023.14,1.7200000000000273,,0.0,0.0,0,0,6,0,[],False,False
wseg_000894,,,,,6311,6317,7,7,0,2023.14,2024.62,1.4799999999997908,,0.0,0.0,0,0,7,0,[],False,False
wseg_000895,,,,,6318,6324,7,7,0,2024.62,2026.72,2.1000000000001364,,0.10000000000013642,0.10000000000013642,1,0,7,0,[],False,False
wseg_000896,,,,,6325,6326,2,2,0,2026.72,2027.52,0.7999999999999545,,0.7799999999999727,0.7799999999999727,1,0,2,0,[],False,False
wseg_000897,,,,,6327,6331,5,5,0,2028.3,2030.68,2.380000000000109,,0.6999999999998181,0.6999999999998181,1,0,5,0,[],False,False
wseg_000898,,,,,6332,6338,7,7,0,2031.3799999999999,2033.06,1.6800000000000637,,0.0,0.0,0,0,7,0,[],False,False
wseg_000899,,,,,6339,6346,8,8,0,2033.06,2035.62,2.5599999999999454,,0.0,0.0,0,0,8,0,[],False,False
wseg_000900,,,,,6347,6350,4,4,0,2035.62,2037.52,1.900000000000091,,0.0,0.0,0,0,4,0,[],False,False
wseg_000901,,,,,6351,6355,5,5,0,2037.52,2039.18,1.6600000000000819,,0.01999999999998181,0.01999999999998181,1,0,5,0,[],False,False
wseg_000902,,,,,6356,6359,4,4,0,2039.2,2040.44,1.240000000000009,,0.0,0.0,0,0,4,0,[],False,False
wseg_000903,,,,,6360,6367,8,8,0,2040.44,2042.84,2.3999999999998636,,0.0,0.0,0,0,8,0,[],False,False
wseg_000904,,,,,6368,6375,8,8,0,2042.84,2045.32,2.480000000000018,,0.0,0.0,0,0,8,0,[],False,False
wseg_000905,,,,,6376,6379,4,4,0,2045.32,2047.16,1.8400000000001455,,0.0,0.0,0,0,4,0,[],False,False
wseg_000906,,,,,6380,6384,5,5,0,2047.16,2049.5,2.339999999999918,,0.0,0.0,0,0,5,0,[],False,False
wseg_000907,,,,,6385,6388,4,4,0,2049.5,2050.8,1.300000000000182,,0.0,0.0,0,0,4,0,[],False,False
wseg_000908,,,,,6389,6391,3,3,0,2050.8,2051.98,1.1799999999998363,,0.0,0.0,0,0,3,0,[],False,False
wseg_000909,,,,,6392,6399,8,8,0,2051.98,2054.78,2.800000000000182,,0.0,0.0,0,0,8,0,[],False,False
wseg_000910,,,,,6400,6401,2,2,0,2054.78,2056.78,2.0,,0.0,0.0,0,0,2,0,[],False,False
wseg_000911,,,,,6402,6406,5,5,0,2056.78,2058.94,2.1599999999998545,,0.0,0.0,0,0,5,0,[],False,False
wseg_000912,,,,,6407,6412,6,6,0,2058.94,2060.98,2.0399999999999636,,0.0,0.0,0,0,6,0,[],False,False
wseg_000913,,,,,6413,6415,3,3,0,2060.98,2062.92,1.9400000000000546,,0.0,0.0,0,0,3,0,[],False,False
wseg_000914,,,,,6416,6420,5,5,0,2062.92,2064.64,1.7199999999998,,0.680000000000291,0.680000000000291,1,0,5,0,[],False,False
wseg_000915,,,,,6421,6423,3,3,0,2065.32,2066.52,1.199999999999818,,0.6799999999998363,0.6799999999998363,1,0,3,0,[],False,False
wseg_000916,,,,,6424,6427,4,4,0,2067.2,2068.52,1.3200000000001637,,0.6799999999998363,0.6799999999998363,1,0,4,0,[],False,False
wseg_000917,,,,,6428,6430,3,3,0,2069.2,2069.88,0.680000000000291,,0.0,0.0,0,0,3,0,[],False,False
wseg_000918,,,,,6431,6435,5,5,0,2069.88,2072.18,2.299999999999727,,0.9800000000000182,0.9800000000000182,1,0,5,0,[],False,False
wseg_000919,,,,,6436,6439,4,4,0,2073.16,2075.02,1.8600000000001273,,0.0,0.0,0,0,4,0,[],False,False
wseg_000920,,,,,6440,6445,6,6,0,2075.02,2077.02,2.0,,0.09999999999990905,0.09999999999990905,1,0,6,0,[],False,False
wseg_000921,,,,,6446,6448,3,3,0,2077.02,2078.18,1.1599999999998545,,0.6599999999998545,0.6599999999998545,1,0,3,0,[],False,False
wseg_000922,,,,,6449,6451,3,3,0,2078.8399999999997,2079.8,0.9600000000004911,,0.0,0.0,0,0,3,0,[],False,False
wseg_000923,,,,,6452,6454,3,3,0,2079.8,2081.72,1.919999999999618,,0.0,0.0,0,0,3,0,[],False,False
wseg_000924,,,,,6455,6459,5,5,0,2081.72,2084.04,2.3200000000001637,,0.0,0.0,0,0,5,0,[],False,False
wseg_000925,,,,,6460,6464,5,5,0,2084.04,2085.54,1.5,,0.0,0.0,0,0,5,0,[],False,False
wseg_000926,,,,,6465,6467,3,3,0,2085.54,2087.74,2.199999999999818,,0.0,0.0,0,0,3,0,[],False,False
wseg_000927,,,,,6468,6473,6,6,0,2087.74,2089.94,2.200000000000273,,0.0,0.0,0,0,6,0,[],False,False
wseg_000928,,,,,6474,6479,6,6,0,2089.94,2091.7,1.7599999999997635,,0.0,0.0,0,0,6,0,[],False,False
wseg_000929,,,,,6480,6486,7,7,0,2091.7,2094.64,2.9400000000000546,,0.5599999999999454,0.5599999999999454,1,0,7,0,[],False,False
wseg_000930,,,,,6487,6488,2,2,0,2095.2,2096.8,1.6000000000003638,,0.0,0.0,0,0,2,0,[],False,False
wseg_000931,,,,,6489,6491,3,3,0,2096.8,2098.02,1.2199999999998,,0.0,0.0,0,0,3,0,[],False,False
wseg_000932,,,,,6492,6493,2,2,0,2098.02,2099.12,1.099999999999909,,0.8200000000001637,0.8200000000001637,1,0,2,0,[],False,False
wseg_000933,,,,,6494,6497,4,4,0,2099.94,2101.62,1.6799999999998363,,0.0,0.0,0,0,4,0,[],False,False
wseg_000934,,,,,6498,6502,5,5,0,2101.62,2104.16,2.5399999999999636,,0.0,0.0,0,0,5,0,[],False,False
wseg_000935,,,,,6503,6505,3,3,0,2104.16,2105.9,1.7400000000002365,,0.6799999999998363,0.6799999999998363,1,0,3,0,[],False,False
wseg_000936,,,,,6506,6510,5,5,0,2106.58,2108.18,1.599999999999909,,0.3200000000001637,0.3200000000001637,1,0,5,0,[],False,False
wseg_000937,,,,,6511,6513,3,3,0,2108.5,2109.44,0.9400000000000546,,0.0,0.0,0,0,3,0,[],False,False
wseg_000938,,,,,6514,6517,4,4,0,2109.44,2110.96,1.5199999999999818,,0.0,0.0,0,0,4,0,[],False,False
wseg_000939,,,,,6518,6522,5,5,0,2110.96,2113.54,2.5799999999999272,,0.0,0.0,0,0,5,0,[],False,False
wseg_000940,,,,,6523,6524,2,2,0,2113.54,2114.6,1.0599999999999454,,0.0,0.0,0,0,2,0,[],False,False
wseg_000941,,,,,6525,6529,5,5,0,2114.6,2117.14,2.5399999999999636,,0.0,0.0,0,0,5,0,[],False,False
wseg_000942,,,,,6530,6534,5,5,0,2117.14,2118.38,1.2400000000002365,,0.0,0.0,0,0,5,0,[],False,False
wseg_000943,,,,,6535,6539,5,5,0,2118.38,2119.98,1.599999999999909,,0.0,0.0,0,0,5,0,[],False,False
wseg_000944,,,,,6540,6546,7,7,0,2119.98,2122.92,2.9400000000000546,,0.0,0.0,0,0,7,0,[],False,False
wseg_000945,,,,,6547,6549,3,3,0,2122.92,2125.96,3.0399999999999636,,0.8400000000001455,0.8400000000001455,1,0,3,0,[],False,False
wseg_000946,,,,,6550,6555,6,6,0,2126.8,2128.62,1.819999999999709,,0.0,0.0,0,0,6,0,[],False,False
wseg_000947,,,,,6556,6558,3,3,0,2128.62,2130.74,2.119999999999891,,0.0,0.0,0,0,3,0,[],False,False
wseg_000948,,,,,6559,6561,3,3,0,2130.74,2131.76,1.0200000000004366,,0.0,0.0,0,0,3,0,[],False,False
wseg_000949,,,,,6562,6566,5,5,0,2131.76,2133.48,1.7199999999998,,0.0,0.0,0,0,5,0,[],False,False
wseg_000950,,,,,6567,6570,4,4,0,2133.48,2135.74,2.2599999999997635,,0.0,0.0,0,0,4,0,[],False,False
wseg_000951,,,,,6571,6578,8,8,0,2135.74,2138.64,2.900000000000091,,0.0,0.0,0,0,8,0,[],False,False
wseg_000952,,,,,6579,6581,3,3,0,2138.64,2140.32,1.680000000000291,,0.0,0.0,0,0,3,0,[],False,False
wseg_000953,,,,,6582,6587,6,6,0,2140.32,2142.46,2.1399999999998727,,0.0,0.0,0,0,6,0,[],False,False
wseg_000954,,,,,6588,6590,3,3,0,2142.46,2144.22,1.7599999999997635,,0.0,0.0,0,0,3,0,[],False,False
wseg_000955,,,,,6591,6592,2,2,0,2144.22,2145.34,1.1200000000003456,,0.0,0.0,0,0,2,0,[],False,False
wseg_000956,,,,,6593,6595,3,3,0,2145.34,2147.0,1.6599999999998545,,0.0,0.0,0,0,3,0,[],False,False
wseg_000957,,,,,6596,6602,7,7,0,2147.0,2150.46,3.4600000000000364,,0.0,0.0,0,0,7,0,[],False,False
wseg_000958,,,,,6603,6605,3,3,0,2150.46,2151.98,1.5199999999999818,,0.0,0.0,0,0,3,0,[],False,False
wseg_000959,,,,,6606,6607,2,2,0,2151.98,2153.3,1.3200000000001637,,0.0,0.0,0,0,2,0,[],False,False
wseg_000960,,,,,6608,6610,3,3,0,2153.3,2154.64,1.3399999999996908,,2.1600000000003092,2.1600000000003092,1,0,3,0,[],False,False
wseg_000961,,,,,6611,6617,7,7,0,2156.8,2158.7,1.8999999999996362,,0.0,0.0,0,0,7,0,[],False,False
wseg_000962,,,,,6618,6623,6,6,0,2158.7,2160.4,1.7000000000002728,,0.0,0.0,0,0,6,0,[],False,False
wseg_000963,,,,,6624,6627,4,4,0,2160.4,2162.14,1.7399999999997817,,0.0,0.0,0,0,4,0,[],False,False
wseg_000964,,,,,6628,6632,5,5,0,2162.14,2163.7,1.5599999999999454,,0.0,0.0,0,0,5,0,[],False,False
wseg_000965,,,,,6633,6638,6,6,0,2163.7,2166.36,2.6600000000003092,,0.0,0.0,0,0,6,0,[],False,False
wseg_000966,,,,,6639,6645,7,7,0,2166.36,2168.7,2.3399999999996908,,0.0,0.0,0,0,7,0,[],False,False
wseg_000967,,,,,6646,6652,7,7,0,2168.7,2170.76,2.0600000000004,,0.0,0.0,0,0,7,0,[],False,False
wseg_000968,,,,,6653,6658,6,6,0,2170.76,2173.54,2.7799999999997453,,0.0,0.0,0,0,6,0,[],False,False
wseg_000969,,,,,6659,6661,3,3,0,2173.54,2174.56,1.0199999999999818,,0.0,0.0,0,0,3,0,[],False,False
wseg_000970,,,,,6662,6665,4,4,0,2174.56,2176.2,1.6399999999998727,,0.0,0.0,0,0,4,0,[],False,False
wseg_000971,,,,,6666,6669,4,4,0,2176.2,2178.98,2.7800000000002,,0.0,0.0,0,0,4,0,[],False,False
wseg_000972,,,,,6670,6672,3,3,0,2178.98,2180.44,1.4600000000000364,,0.0,0.0,0,0,3,0,[],False,False
wseg_000973,,,,,6673,6678,6,6,0,2180.44,2182.74,2.299999999999727,,0.0,0.0,0,0,6,0,[],False,False
wseg_000974,,,,,6679,6682,4,4,0,2182.74,2184.72,1.9800000000000182,,0.0,0.0,0,0,4,0,[],False,False
wseg_000975,,,,,6683,6685,3,3,0,2184.72,2186.02,1.300000000000182,,0.7800000000002001,0.7800000000002001,1,0,3,0,[],False,False
wseg_000976,,,,,6686,6691,6,6,0,2186.8,2188.54,1.7399999999997817,,0.0,0.0,0,0,6,0,[],False,False
wseg_000977,,,,,6692,6697,6,6,0,2188.54,2190.32,1.7800000000002,,0.0,0.0,0,0,6,0,[],False,False
wseg_000978,,,,,6698,6702,5,5,0,2190.32,2191.72,1.3999999999996362,,0.0,0.0,0,0,5,0,[],False,False
wseg_000979,,,,,6703,6706,4,4,0,2191.72,2193.02,1.300000000000182,,0.0,0.0,0,0,4,0,[],False,False
wseg_000980,,,,,6707,6714,8,8,0,2193.02,2195.58,2.5599999999999454,,0.0,0.0,0,0,8,0,[],False,False
wseg_000981,,,,,6715,6718,4,4,0,2195.58,2196.86,1.2800000000002,,0.0,0.0,0,0,4,0,[],False,False
wseg_000982,,,,,6719,6724,6,6,0,2196.86,2199.76,2.900000000000091,,0.0,0.0,0,0,6,0,[],False,False
wseg_000983,,,,,6725,6732,8,8,0,2199.76,2202.82,3.0599999999999454,,0.0,0.0,0,0,8,0,[],False,False
wseg_000984,,,,,6733,6736,4,4,0,2202.82,2204.82,2.0,,0.0,0.0,0,0,4,0,[],False,False
wseg_000985,,,,,6737,6740,4,4,0,2204.82,2206.12,1.2999999999997272,,0.0,0.0,0,0,4,0,[],False,False
wseg_000986,,,,,6741,6745,5,5,0,2206.12,2208.32,2.200000000000273,,0.0,0.0,0,0,5,0,[],False,False
wseg_000987,,,,,6746,6749,4,4,0,2208.32,2209.84,1.5199999999999818,,0.0,0.0,0,0,4,0,[],False,False
wseg_000988,,,,,6750,6758,9,9,0,2209.84,2213.2,3.3599999999996726,,0.0,0.0,0,0,9,0,[],False,False
wseg_000989,,,,,6759,6764,6,6,0,2213.2,2214.8,1.6000000000003638,,0.0,0.0,0,0,6,0,[],False,False
wseg_000990,,,,,6765,6767,3,3,0,2214.8,2216.56,1.7599999999997635,,0.24000000000023647,0.24000000000023647,1,0,3,0,[],False,False
wseg_000991,,,,,6768,6772,5,5,0,2216.8,2219.16,2.3599999999996726,,0.0,0.0,0,0,5,0,[],False,False
wseg_000992,,,,,6773,6776,4,4,0,2219.16,2220.54,1.3800000000001091,,0.0,0.0,0,0,4,0,[],False,False
wseg_000993,,,,,6777,6780,4,4,0,2220.54,2222.08,1.5399999999999636,,0.0,0.0,0,0,4,0,[],False,False
wseg_000994,,,,,6781,6787,7,7,0,2222.08,2224.64,2.5599999999999454,,0.0,0.0,0,0,7,0,[],False,False
wseg_000995,,,,,6788,6791,4,4,0,2224.64,2225.86,1.2200000000002547,,0.0,0.0,0,0,4,0,[],False,False
wseg_000996,,,,,6792,6796,5,5,0,2225.86,2228.48,2.619999999999891,,0.0,0.0,0,0,5,0,[],False,False
wseg_000997,,,,,6797,6804,8,8,0,2228.48,2231.12,2.6399999999998727,,0.0,0.0,0,0,8,0,[],False,False
wseg_000998,,,,,6805,6807,3,3,0,2231.12,2232.22,1.099999999999909,,0.0,0.0,0,0,3,0,[],False,False
wseg_000999,,,,,6808,6811,4,4,0,2232.22,2235.1,2.880000000000109,,0.0,0.0,0,0,4,0,[],False,False
wseg_001000,,,,,6812,6814,3,3,0,2235.1,2236.06,0.9600000000000364,,0.0,0.0,0,0,3,0,[],False,False
wseg_001001,,,,,6815,6818,4,4,0,2236.06,2238.3,2.2400000000002365,,0.0,0.0,0,0,4,0,[],False,False
wseg_001002,,,,,6819,6824,6,6,0,2238.3,2241.04,2.7399999999997817,,0.0,0.0,0,0,6,0,[],False,False
wseg_001003,,,,,6825,6830,6,6,0,2241.04,2242.82,1.7800000000002,,0.0,0.0,0,0,6,0,[],False,False
wseg_001004,,,,,6831,6836,6,6,0,2242.82,2244.58,1.7599999999997635,,0.0,0.0,0,0,6,0,[],False,False
wseg_001005,,,,,6837,6841,5,5,0,2244.58,2245.88,1.300000000000182,,0.9200000000000728,0.9200000000000728,1,0,5,0,[],False,False
wseg_001006,,,,,6842,6849,8,8,0,2246.8,2250.16,3.3599999999996726,,0.0,0.0,0,0,8,0,[],False,False
wseg_001007,,,,,6850,6852,3,3,0,2250.16,2251.7,1.5399999999999636,,0.0,0.0,0,0,3,0,[],False,False
wseg_001008,,,,,6853,6856,4,4,0,2251.7,2253.1,1.400000000000091,,0.0,0.0,0,0,4,0,[],False,False
wseg_001009,,,,,6857,6859,3,3,0,2253.1,2254.4,1.300000000000182,,0.0,0.0,0,0,3,0,[],False,False
wseg_001010,,,,,6860,6862,3,3,0,2254.4,2255.3,0.900000000000091,,0.0,0.0,0,0,3,0,[],False,False
wseg_001011,,,,,6863,6867,5,5,0,2255.3,2257.34,2.0399999999999636,,0.0,0.0,0,0,5,0,[],False,False
wseg_001012,,,,,6868,6873,6,6,0,2257.34,2259.56,2.2199999999998,,0.0,0.0,0,0,6,0,[],False,False
wseg_001013,,,,,6874,6878,5,5,0,2259.56,2261.58,2.019999999999982,,0.0,0.0,0,0,5,0,[],False,False
wseg_001014,,,,,6879,6884,6,6,0,2261.58,2263.7,2.119999999999891,,0.0,0.0,0,0,6,0,[],False,False
wseg_001015,,,,,6885,6889,5,5,0,2263.7,2264.98,1.2800000000002,,0.0,0.0,0,0,5,0,[],False,False
wseg_001016,,,,,6890,6897,8,8,0,2264.98,2267.14,2.1599999999998545,,0.0,0.0,0,0,8,0,[],False,False
wseg_001017,,,,,6898,6903,6,6,0,2267.14,2268.32,1.180000000000291,,0.0,0.0,0,0,6,0,[],False,False
wseg_001018,,,,,6904,6906,3,3,0,2268.32,2268.96,0.6399999999998727,,0.0,0.0,0,0,3,0,[],False,False
wseg_001019,,,,,6907,6911,5,5,0,2268.96,2272.18,3.2199999999998,,0.4800000000000182,0.4800000000000182,1,0,5,0,[],False,False
wseg_001020,,,,,6912,6916,5,5,0,2272.66,2274.12,1.4600000000000364,,0.0,0.0,0,0,5,0,[],False,False
wseg_001021,,,,,6917,6920,4,4,0,2274.12,2275.94,1.8200000000001637,,0.0,0.0,0,0,4,0,[],False,False
wseg_001022,,,,,6921,6926,6,6,0,2275.94,2277.42,1.4800000000000182,,0.6999999999998181,0.6999999999998181,1,0,6,0,[],False,False
wseg_001023,,,,,6927,6932,6,6,0,2278.12,2279.9,1.7800000000002,,0.0,0.0,0,0,6,0,[],False,False
wseg_001024,,,,,6933,6938,6,6,0,2279.9,2281.94,2.0399999999999636,,0.0,0.0,0,0,6,0,[],False,False
wseg_001025,,,,,6939,6941,3,3,0,2281.94,2283.46,1.5199999999999818,,0.0,0.0,0,0,3,0,[],False,False
wseg_001026,,,,,6942,6950,9,9,0,2283.46,2285.36,1.900000000000091,,0.0,0.0,0,0,9,0,[],False,False
wseg_001027,,,,,6951,6959,9,9,0,2285.36,2287.86,2.5,,0.0,0.0,0,0,9,0,[],False,False
wseg_001028,,,,,6960,6963,4,4,0,2287.86,2289.16,1.2999999999997272,,0.0,0.0,0,0,4,0,[],False,False
wseg_001029,,,,,6964,6968,5,5,0,2289.16,2291.62,2.4600000000000364,,0.4000000000005457,0.4000000000005457,1,0,5,0,[],False,False
wseg_001030,,,,,6969,6978,10,10,0,2292.0200000000004,2294.16,2.139999999999418,,0.0,0.0,0,0,10,0,[],False,False
wseg_001031,,,,,6979,6983,5,5,0,2294.16,2296.44,2.2800000000002,,0.0,0.0,0,0,5,0,[],False,False
wseg_001032,,,,,6984,6989,6,6,0,2296.44,2298.38,1.9400000000000546,,0.0,0.0,0,0,6,0,[],False,False
wseg_001033,,,,,6990,6994,5,5,0,2298.38,2300.24,1.8599999999996726,,0.0,0.0,0,0,5,0,[],False,False
wseg_001034,,,,,6995,7000,6,6,0,2300.24,2302.1,1.8600000000001273,,0.07999999999992724,0.07999999999992724,1,0,6,0,[],False,False
wseg_001035,,,,,7001,7005,5,5,0,2302.18,2302.32,0.14000000000032742,,0.0,0.0,0,0,5,0,[],False,False
wseg_001036,,,,,7006,7009,4,4,0,2302.32,2305.0,2.6799999999998363,,0.0,0.0,0,0,4,0,[],False,False
wseg_001037,,,,,7010,7018,9,9,0,2305.0,2307.38,2.380000000000109,,0.0,0.0,0,0,9,0,[],False,False
wseg_001038,,,,,7019,7024,6,6,0,2307.38,2309.12,1.7399999999997817,,0.0,0.0,0,0,6,0,[],False,False
wseg_001039,,,,,7025,7032,8,8,0,2309.12,2311.68,2.5599999999999454,,0.0,0.0,0,0,8,0,[],False,False
wseg_001040,,,,,7033,7037,5,5,0,2311.68,2313.78,2.100000000000364,,0.0,0.0,0,0,5,0,[],False,False
wseg_001041,,,,,7038,7040,3,3,0,2313.78,2314.36,0.5799999999999272,,0.0,0.0,0,0,3,0,[],False,False
wseg_001042,,,,,7041,7049,9,9,0,2314.36,2317.2,2.8399999999996908,,0.0,0.0,0,0,9,0,[],False,False
wseg_001043,,,,,7050,7056,7,7,0,2317.2,2319.52,2.3200000000001637,,0.0,0.0,0,0,7,0,[],False,False
wseg_001044,,,,,7057,7061,5,5,0,2319.52,2320.82,1.300000000000182,,0.0,0.0,0,0,5,0,[],False,False
wseg_001045,,,,,7062,7069,8,8,0,2320.82,2324.68,3.8599999999996726,,0.0,0.0,0,0,8,0,[],False,False
wseg_001046,,,,,7070,7074,5,5,0,2324.68,2326.1,1.4200000000000728,,0.0,0.0,0,0,5,0,[],False,False
wseg_001047,,,,,7075,7079,5,5,0,2326.1,2327.62,1.5199999999999818,,0.0,0.0,0,0,5,0,[],False,False
wseg_001048,,,,,7080,7087,8,8,0,2327.62,2330.14,2.519999999999982,,0.0,0.0,0,0,8,0,[],False,False
wseg_001049,,,,,7088,7090,3,3,0,2330.14,2330.94,0.8000000000001819,,1.2399999999997817,1.2399999999997817,1,0,3,0,[],False,False
wseg_001050,,,,,7091,7094,4,4,0,2332.18,2333.18,1.0,,0.0,0.0,0,0,4,0,[],False,False
wseg_001051,,,,,7095,7099,5,5,0,2333.18,2334.84,1.6600000000003092,,0.0,0.0,0,0,5,0,[],False,False
wseg_001052,,,,,7100,7103,4,4,0,2334.84,2336.06,1.2199999999998,,0.0,0.0,0,0,4,0,[],False,False
wseg_001053,,,,,7104,7111,8,8,0,2336.06,2338.72,2.6599999999998545,,0.0,0.0,0,0,8,0,[],False,False
wseg_001054,,,,,7112,7117,6,6,0,2338.72,2341.0,2.2800000000002,,0.0,0.0,0,0,6,0,[],False,False
wseg_001055,,,,,7118,7123,6,6,0,2341.0,2344.02,3.019999999999982,,0.0,0.0,0,0,6,0,[],False,False
wseg_001056,,,,,7124,7128,5,5,0,2344.02,2345.74,1.7199999999998,,0.0,0.0,0,0,5,0,[],False,False
wseg_001057,,,,,7129,7133,5,5,0,2345.74,2347.38,1.6400000000003274,,0.0,0.0,0,0,5,0,[],False,False
wseg_001058,,,,,7134,7138,5,5,0,2347.38,2348.76,1.3800000000001091,,0.0,0.0,0,0,5,0,[],False,False
wseg_001059,,,,,7139,7143,5,5,0,2348.76,2350.84,2.0799999999999272,,0.0,0.0,0,0,5,0,[],False,False
wseg_001060,,,,,7144,7148,5,5,0,2350.84,2352.96,2.119999999999891,,0.0,0.0,0,0,5,0,[],False,False
wseg_001061,,,,,7149,7151,3,3,0,2352.96,2354.32,1.3600000000001273,,0.0,0.0,0,0,3,0,[],False,False
wseg_001062,,,,,7152,7157,6,6,0,2354.32,2356.76,2.4400000000000546,,0.0,0.0,0,0,6,0,[],False,False
wseg_001063,,,,,7158,7161,4,4,0,2356.76,2358.82,2.0599999999999454,,0.0,0.0,0,0,4,0,[],False,False
wseg_001064,,,,,7162,7168,7,7,0,2358.82,2360.68,1.8599999999996726,,1.5,1.5,1,0,7,0,[],False,False
wseg_001065,,,,,7169,7174,6,6,0,2362.18,2363.24,1.0599999999999454,,0.0,0.0,0,0,6,0,[],False,False
wseg_001066,,,,,7175,7183,9,9,0,2363.24,2365.74,2.5,,0.0,0.0,0,0,9,0,[],False,False
wseg_001067,,,,,7184,7189,6,6,0,2365.74,2367.86,2.1200000000003456,,0.0,0.0,0,0,6,0,[],False,False
wseg_001068,,,,,7190,7192,3,3,0,2367.86,2369.06,1.199999999999818,,0.0,0.0,0,0,3,0,[],False,False
wseg_001069,,,,,7193,7200,8,8,0,2369.06,2371.04,1.9800000000000182,,0.0,0.0,0,0,8,0,[],False,False
wseg_001070,,,,,7201,7207,7,7,0,2371.04,2373.08,2.0399999999999636,,0.0,0.0,0,0,7,0,[],False,False
wseg_001071,,,,,7208,7214,7,7,0,2373.08,2375.26,2.180000000000291,,0.23999999999978172,0.23999999999978172,1,0,7,0,[],False,False
wseg_001072,,,,,7215,7217,3,3,0,2375.26,2376.56,1.2999999999997272,,0.0,0.0,0,0,3,0,[],False,False
wseg_001073,,,,,7218,7227,10,10,0,2376.56,2378.94,2.380000000000109,,0.0,0.0,0,0,10,0,[],False,False
wseg_001074,,,,,7228,7237,10,10,0,2378.94,2381.64,2.699999999999818,,0.0,0.0,0,0,10,0,[],False,False
wseg_001075,,,,,7238,7244,7,7,0,2381.64,2383.48,1.8400000000001455,,0.47999999999956344,0.47999999999956344,1,0,7,0,[],False,False
wseg_001076,,,,,7245,7250,6,6,0,2383.9599999999996,2385.36,1.4000000000005457,,0.0,0.0,0,0,6,0,[],False,False
wseg_001077,,,,,7251,7255,5,5,0,2385.36,2387.14,1.7799999999997453,,0.0,0.0,0,0,5,0,[],False,False
wseg_001078,,,,,7256,7258,3,3,0,2387.14,2388.3,1.1600000000003092,,0.0,0.0,0,0,3,0,[],False,False
wseg_001079,,,,,7259,7266,8,8,0,2388.3,2390.28,1.9800000000000182,,0.0,0.0,0,0,8,0,[],False,False
wseg_001080,,,,,7267,7272,6,6,0,2390.28,2391.82,1.5399999999999636,,0.0,0.0,0,0,6,0,[],False,False
wseg_001081,,,,,7273,7276,4,4,0,2391.82,2394.26,2.4400000000000546,,0.0,0.0,0,0,4,0,[],False,False
wseg_001082,,,,,7277,7280,4,4,0,2394.26,2395.72,1.4599999999995816,,0.0,0.0,0,0,4,0,[],False,False
wseg_001083,,,,,7281,7287,7,7,0,2395.72,2398.02,2.300000000000182,,0.0,0.0,0,0,7,0,[],False,False
wseg_001084,,,,,7288,7292,5,5,0,2398.02,2399.64,1.6199999999998909,,0.0,0.0,0,0,5,0,[],False,False
wseg_001085,,,,,7293,7301,9,9,0,2399.64,2401.96,2.3200000000001637,,0.0,0.0,0,0,9,0,[],False,False
wseg_001086,,,,,7302,7304,3,3,0,2401.96,2403.54,1.5799999999999272,,0.0,0.0,0,0,3,0,[],False,False
wseg_001087,,,,,7305,7306,2,2,0,2403.54,2404.56,1.0199999999999818,,0.0,0.0,0,0,2,0,[],False,False
wseg_001088,,,,,7307,7313,7,7,0,2404.56,2407.46,2.900000000000091,,0.0,0.0,0,0,7,0,[],False,False
wseg_001089,,,,,7314,7318,5,5,0,2407.46,2409.32,1.8600000000001273,,4.239999999999782,4.239999999999782,1,0,5,0,[],False,False
wseg_001090,,,,,7319,7324,6,6,0,2413.56,2415.96,2.400000000000091,,0.0,0.0,0,0,6,0,[],False,False
wseg_001091,,,,,7325,7330,6,6,0,2415.96,2418.04,2.0799999999999272,,0.2600000000002183,0.2600000000002183,1,0,6,0,[],False,False
wseg_001092,,,,,7331,7334,4,4,0,2418.3,2420.34,2.0399999999999636,,0.0,0.0,0,0,4,0,[],False,False
wseg_001093,,,,,7335,7344,10,10,0,2420.34,2422.2,1.8599999999996726,,0.0,0.0,0,0,10,0,[],False,False
wseg_001094,,,,,7345,7351,7,7,0,2422.2,2424.86,2.6600000000003092,,0.0,0.0,0,0,7,0,[],False,False
wseg_001095,,,,,7352,7356,5,5,0,2424.86,2426.64,1.7799999999997453,,0.0,0.0,0,0,5,0,[],False,False
wseg_001096,,,,,7357,7361,5,5,0,2426.64,2428.5,1.8600000000001273,,0.42000000000007276,0.42000000000007276,1,0,5,0,[],False,False
wseg_001097,,,,,7362,7366,5,5,0,2428.92,2430.42,1.5,,0.0,0.0,0,0,5,0,[],False,False
wseg_001098,,,,,7367,7370,4,4,0,2430.42,2431.92,1.5,,0.0,0.0,0,0,4,0,[],False,False
wseg_001099,,,,,7371,7374,4,4,0,2431.92,2433.54,1.6199999999998909,,0.5,0.5,1,0,4,0,[],False,False
wseg_001100,,,,,7375,7380,6,6,0,2434.04,2436.26,2.2200000000002547,,0.0,0.0,0,0,6,0,[],False,False
wseg_001101,,,,,7381,7385,5,5,0,2436.26,2437.94,1.6799999999998363,,0.0,0.0,0,0,5,0,[],False,False
wseg_001102,,,,,7386,7391,6,6,0,2437.94,2439.8,1.8600000000001273,,0.0,0.0,0,0,6,0,[],False,False
wseg_001103,,,,,7392,7395,4,4,0,2439.8,2441.68,1.8799999999996544,,0.3200000000001637,0.3200000000001637,1,1,4,0,[],False,False
wseg_001104,,,,,7396,7398,3,3,0,2442.0,2442.84,0.8400000000001455,,0.0,0.0,0,0,3,0,[],False,False
wseg_001105,,,,,7399,7402,4,4,0,2442.84,2445.38,2.5399999999999636,,0.0,0.0,0,0,4,0,[],False,False
wseg_001106,,,,,7403,7405,3,3,0,2445.38,2446.98,1.599999999999909,,1.3200000000001637,1.3200000000001637,1,0,3,0,[],False,False
wseg_001107,,,,,7406,7407,2,2,0,2448.3,2449.98,1.6799999999998363,,0.0,0.0,0,0,2,0,[],False,False
wseg_001108,,,,,7408,7409,2,2,0,2449.98,2451.5,1.5199999999999818,,0.8000000000001819,0.8000000000001819,1,0,2,0,[],False,False
wseg_001109,,,,,7410,7411,2,2,0,2452.3,2453.54,1.2399999999997817,,0.0,0.0,0,0,2,0,[],False,False
wseg_001110,,,,,7412,7415,4,4,0,2453.54,2457.06,3.519999999999982,,0.0,0.0,0,0,4,0,[],False,False
wseg_001111,,,,,7416,7417,2,2,0,2457.06,2458.58,1.5199999999999818,,0.0,0.0,0,0,2,0,[],False,False
wseg_001112,,,,,7418,7420,3,3,0,2458.58,2460.96,2.380000000000109,,0.0,0.0,0,0,3,0,[],False,False
wseg_001113,,,,,7421,7424,4,4,0,2460.96,2462.76,1.800000000000182,,0.0,0.0,0,0,4,0,[],False,False
wseg_001114,,,,,7425,7429,5,5,0,2462.76,2465.04,2.2799999999997453,,0.0,0.0,0,0,5,0,[],False,False
wseg_001115,,,,,7430,7431,2,2,0,2465.04,2466.02,0.9800000000000182,,0.0,0.0,0,0,2,0,[],False,False
wseg_001116,,,,,7432,7434,3,3,0,2466.02,2467.38,1.3600000000001273,,0.0,0.0,0,0,3,0,[],False,False
wseg_001117,,,,,7435,7440,6,6,0,2467.38,2468.66,1.2799999999997453,,0.0,0.0,0,0,6,0,[],False,False
wseg_001118,,,,,7441,7445,5,5,0,2468.66,2470.02,1.3600000000001273,,0.0,0.0,0,0,5,0,[],False,False
wseg_001119,,,,,7446,7450,5,5,0,2470.02,2471.48,1.4600000000000364,,0.0,0.0,0,0,5,0,[],False,False
wseg_001120,,,,,7451,7453,3,3,0,2471.48,2472.98,1.5,,0.0,0.0,0,0,3,0,[],False,False
wseg_001121,,,,,7454,7459,6,6,0,2472.98,2477.0,4.019999999999982,,1.300000000000182,1.300000000000182,1,0,6,0,[],False,False
wseg_001122,,,,,7460,7466,7,7,0,2478.3,2479.82,1.5199999999999818,,0.0,0.0,0,0,7,0,[],False,False
wseg_001123,,,,,7467,7471,5,5,0,2479.82,2480.92,1.099999999999909,,0.0,0.0,0,0,5,0,[],False,False
wseg_001124,,,,,7472,7477,6,6,0,2480.92,2482.46,1.5399999999999636,,0.0,0.0,0,0,6,0,[],False,False
wseg_001125,,,,,7478,7480,3,3,0,2482.46,2484.5,2.0399999999999636,,0.0,0.0,0,0,3,0,[],False,False
wseg_001126,,,,,7481,7486,6,6,0,2484.5,2486.56,2.0599999999999454,,0.0,0.0,0,0,6,0,[],False,False
wseg_001127,,,,,7487,7489,3,3,0,2486.56,2487.66,1.099999999999909,,0.0,0.0,0,0,3,0,[],False,False
wseg_001128,,,,,7490,7490,1,1,0,2487.66,2488.22,0.5599999999999454,,4.140000000000327,4.140000000000327,1,0,1,0,[],False,False
wseg_001129,,,,,7491,7493,3,3,0,2492.36,2493.88,1.5199999999999818,,0.0,0.0,0,0,3,0,[],False,False
wseg_001130,,,,,7494,7495,2,2,0,2493.88,2494.58,0.6999999999998181,,0.6400000000003274,0.6400000000003274,1,0,2,0,[],False,False
wseg_001131,,,,,7496,7500,5,5,0,2495.2200000000003,2497.22,1.9999999999995453,,0.0,0.0,0,0,5,0,[],False,False
wseg_001132,,,,,7501,7502,2,2,0,2497.22,2498.18,0.9600000000000364,,0.0,0.0,0,0,2,0,[],False,False
wseg_001133,,,,,7503,7507,5,5,0,2498.18,2499.98,1.800000000000182,,0.0,0.0,0,0,5,0,[],False,False
wseg_001134,,,,,7508,7512,5,5,0,2499.98,2501.46,1.4800000000000182,,0.0,0.0,0,0,5,0,[],False,False
wseg_001135,,,,,7513,7517,5,5,0,2501.46,2503.98,2.519999999999982,,0.0,0.0,0,0,5,0,[],False,False
wseg_001136,,,,,7518,7521,4,4,0,2503.98,2505.82,1.8400000000001455,,0.0,0.0,0,0,4,0,[],False,False
wseg_001137,,,,,7522,7524,3,3,0,2505.82,2507.5,1.6799999999998363,,0.0,0.0,0,0,3,0,[],False,False
wseg_001138,,,,,7525,7527,3,3,0,2507.5,2509.6,2.099999999999909,,0.0,0.0,0,0,3,0,[],False,False
wseg_001139,,,,,7528,7534,7,7,0,2509.6,2511.06,1.4600000000000364,,0.0,0.0,0,0,7,0,[],False,False
wseg_001140,,,,,7535,7539,5,5,0,2511.06,2513.0,1.9400000000000546,,0.0,0.0,0,0,5,0,[],False,False
wseg_001141,,,,,7540,7541,2,2,0,2513.0,2513.76,0.7600000000002183,,0.0,0.0,0,0,2,0,[],False,False
wseg_001142,,,,,7542,7547,6,6,0,2513.76,2515.3,1.5399999999999636,,0.0,0.0,0,0,6,0,[],False,False
wseg_001143,,,,,7548,7551,4,4,0,2515.3,2516.66,1.3599999999996726,,0.0,0.0,0,0,4,0,[],False,False
wseg_001144,,,,,7552,7556,5,5,0,2516.66,2520.34,3.680000000000291,,0.0,0.0,0,0,5,0,[],False,False
wseg_001145,,,,,7557,7560,4,4,0,2520.34,2522.52,2.1799999999998363,,0.0,0.0,0,0,4,0,[],False,False
wseg_001146,,,,,7561,7563,3,3,0,2522.52,2524.36,1.8400000000001455,,0.0,0.0,0,0,3,0,[],False,False
wseg_001147,,,,,7564,7567,4,4,0,2524.36,2526.64,2.2799999999997453,,0.0,0.0,0,0,4,0,[],False,False
wseg_001148,,,,,7568,7569,2,2,0,2526.64,2527.9,1.2600000000002183,,0.0,0.0,0,0,2,0,[],False,False
wseg_001149,,,,,7570,7576,7,7,0,2527.9,2530.08,2.1799999999998363,,0.0,0.0,0,0,7,0,[],False,False
wseg_001150,,,,,7577,7580,4,4,0,2530.08,2531.88,1.800000000000182,,2.099999999999909,2.099999999999909,1,0,4,0,[],False,False
wseg_001151,,,,,7581,7584,4,4,0,2533.98,2535.86,1.8800000000001091,,0.0,0.0,0,0,4,0,[],False,False
wseg_001152,,,,,7585,7586,2,2,0,2535.86,2537.08,1.2199999999998,,0.0,0.0,0,0,2,0,[],False,False
wseg_001153,,,,,7587,7591,5,5,0,2537.08,2540.28,3.200000000000273,,0.0,0.0,0,0,5,0,[],False,False
wseg_001154,,,,,7592,7593,2,2,0,2540.28,2541.34,1.0599999999999454,,0.0,0.0,0,0,2,0,[],False,False
wseg_001155,,,,,7594,7596,3,3,0,2541.34,2542.46,1.1199999999998909,,1.300000000000182,1.300000000000182,1,0,3,0,[],False,False
wseg_001156,,,,,7597,7603,7,7,0,2543.76,2546.38,2.619999999999891,,0.0,0.0,0,0,7,0,[],False,False
wseg_001157,,,,,7604,7607,4,4,0,2546.38,2547.64,1.2599999999997635,,3.019999999999982,3.019999999999982,1,0,4,0,[],False,False
wseg_001158,,,,,7608,7610,3,3,0,2550.66,2551.8,1.1400000000003274,,0.0,0.0,0,0,3,0,[],False,False
wseg_001159,,,,,7611,7621,11,11,0,2551.8,2554.02,2.2199999999998,,0.0,0.0,0,0,11,0,[],False,False
wseg_001160,,,,,7622,7623,2,2,0,2554.02,2554.76,0.7400000000002365,,0.0,0.0,0,0,2,0,[],False,False
wseg_001161,,,,,7624,7632,9,9,0,2554.76,2557.8,3.0399999999999636,,0.0,0.0,0,0,9,0,[],False,False
wseg_001162,,,,,7633,7639,7,7,0,2557.8,2559.64,1.8399999999996908,,0.0,0.0,0,0,7,0,[],False,False
wseg_001163,,,,,7640,7644,5,5,0,2559.64,2560.24,0.599999999999909,,0.0,0.0,0,0,5,0,[],False,False
wseg_001164,,,,,7645,7651,7,7,0,2560.24,2563.08,2.8400000000001455,,0.900000000000091,0.900000000000091,1,0,7,0,[],False,False
wseg_001165,,,,,7652,7656,5,5,0,2563.98,2564.94,0.9600000000000364,,0.0,0.0,0,0,5,0,[],False,False
wseg_001166,,,,,7657,7661,5,5,0,2564.94,2566.28,1.3400000000001455,,0.0,0.0,0,0,5,0,[],False,False
wseg_001167,,,,,7662,7665,4,4,0,2566.28,2567.5,1.2199999999998,,0.0,0.0,0,0,4,0,[],False,False
wseg_001168,,,,,7666,7670,5,5,0,2567.5,2569.76,2.2600000000002183,,0.22000000000025466,0.22000000000025466,1,0,5,0,[],False,False
wseg_001169,,,,,7671,7677,7,7,0,2569.76,2572.32,2.5599999999999454,,0.0,0.0,0,0,7,0,[],False,False
wseg_001170,,,,,7678,7681,4,4,0,2572.32,2574.34,2.019999999999982,,0.07999999999992724,0.15999999999985448,2,0,4,0,[],False,False
wseg_001171,,,,,7682,7688,7,7,0,2574.34,2575.68,1.3399999999996908,,0.0,0.0,0,0,7,0,[],False,False
wseg_001172,,,,,7689,7692,4,4,0,2575.68,2577.76,2.080000000000382,,0.0,0.0,0,0,4,0,[],False,False
wseg_001173,,,,,7693,7698,6,6,0,2577.76,2579.82,2.0599999999999454,,0.0,0.0,0,0,6,0,[],False,False
wseg_001174,,,,,7699,7703,5,5,0,2579.82,2581.12,1.2999999999997272,,0.0,0.0,0,0,5,0,[],False,False
wseg_001175,,,,,7704,7706,3,3,0,2581.12,2582.88,1.7600000000002183,,0.0,0.0,0,0,3,0,[],False,False
wseg_001176,,,,,7707,7712,6,6,0,2582.88,2584.82,1.9400000000000546,,0.0,0.0,0,0,6,0,[],False,False
wseg_001177,,,,,7713,7715,3,3,0,2584.82,2586.82,2.0,,0.03999999999996362,0.03999999999996362,1,0,3,0,[],False,False
wseg_001178,,,,,7716,7723,8,8,0,2586.82,2589.32,2.5,,0.6199999999998909,0.6199999999998909,1,0,8,0,[],False,False
wseg_001179,,,,,7724,7726,3,3,0,2589.94,2591.0,1.0599999999999454,,0.0,0.0,0,0,3,0,[],False,False
wseg_001180,,,,,7727,7732,6,6,0,2591.0,2592.8,1.800000000000182,,0.38000000000010914,0.38000000000010914,1,0,6,0,[],False,False
wseg_001181,,,,,7733,7739,7,7,0,2593.1800000000003,2594.94,1.7599999999997635,,0.0,0.0,0,0,7,0,[],False,False
wseg_001182,,,,,7740,7744,5,5,0,2594.94,2596.44,1.5,,0.5,0.5,1,0,5,0,[],False,False
wseg_001183,,,,,7745,7748,4,4,0,2596.94,2598.54,1.599999999999909,,0.0,0.0,0,0,4,0,[],False,False
wseg_001184,,,,,7749,7759,11,11,0,2598.54,2600.6,2.0599999999999454,,0.0,0.0,0,0,11,0,[],False,False
wseg_001185,,,,,7760,7767,8,8,0,2600.6,2603.74,3.1399999999998727,,0.0,0.0,0,0,8,0,[],False,False
wseg_001186,,,,,7768,7772,5,5,0,2603.74,2605.46,1.7200000000002547,,0.0,0.0,0,0,5,0,[],False,False
wseg_001187,,,,,7773,7781,9,9,0,2605.46,2607.48,2.019999999999982,,1.2399999999997817,1.2399999999997817,1,0,9,0,[],False,False
wseg_001188,,,,,7782,7783,2,2,0,2608.72,2609.56,0.8400000000001455,,0.0,0.0,0,0,2,0,[],False,False
wseg_001189,,,,,7784,7787,4,4,0,2609.56,2610.6,1.0399999999999636,,0.0,0.0,0,0,4,0,[],False,False
wseg_001190,,,,,7788,7791,4,4,0,2610.6,2612.18,1.5799999999999272,,0.0,0.0,0,0,4,0,[],False,False
wseg_001191,,,,,7792,7800,9,9,0,2612.18,2614.58,2.400000000000091,,0.680000000000291,0.680000000000291,1,0,9,0,[],False,False
wseg_001192,,,,,7801,7812,12,12,0,2615.26,2617.3,2.0399999999999636,,0.0,0.0,0,0,12,0,[],False,False
wseg_001193,,,,,7813,7820,8,8,0,2617.3,2619.06,1.7599999999997635,,0.7800000000002001,0.7800000000002001,1,0,8,0,[],False,False
wseg_001194,,,,,7821,7822,2,2,0,2619.84,2620.8,0.9600000000000364,,0.0,0.0,0,0,2,0,[],False,False
wseg_001195,,,,,7823,7829,7,7,0,2620.8,2623.22,2.419999999999618,,0.07999999999992724,0.07999999999992724,1,0,7,0,[],False,False
wseg_001196,,,,,7830,7837,8,8,0,2623.22,2624.9,1.680000000000291,,0.0,0.0,0,0,8,0,[],False,False
wseg_001197,,,,,7838,7842,5,5,0,2624.9,2626.2,1.2999999999997272,,0.0,0.0,0,0,5,0,[],False,False
wseg_001198,,,,,7843,7853,11,11,0,2626.2,2628.8,2.600000000000364,,0.0,0.0,0,0,11,0,[],False,False
wseg_001199,,,,,7854,7855,2,2,0,2628.8,2630.14,1.3399999999996908,,0.0,0.0,0,0,2,0,[],False,False
wseg_001200,,,,,7856,7860,5,5,0,2630.14,2632.28,2.1400000000003274,,0.0,0.0,0,0,5,0,[],False,False
wseg_001201,,,,,7861,7867,7,7,0,2632.28,2634.36,2.0799999999999272,,0.0,0.0,0,0,7,0,[],False,False
wseg_001202,,,,,7868,7872,5,5,0,2634.36,2635.32,0.9600000000000364,,0.0,0.0,0,0,5,0,[],False,False
wseg_001203,,,,,7873,7880,8,8,0,2635.32,2636.8,1.4800000000000182,,0.0,0.0,0,0,8,0,[],False,False
wseg_001204,,,,,7881,7885,5,5,0,2636.8,2638.9,2.099999999999909,,0.0,0.0,0,0,5,0,[],False,False
wseg_001205,,,,,7886,7893,8,8,0,2638.9,2641.42,2.519999999999982,,0.09999999999990905,0.09999999999990905,1,0,8,0,[],False,False
wseg_001206,,,,,7894,7900,7,7,0,2641.42,2642.9,1.4800000000000182,,0.0,0.0,0,0,7,0,[],False,False
wseg_001207,,,,,7901,7912,12,12,0,2642.9,2645.9,3.0,,1.400000000000091,1.400000000000091,1,0,12,0,[],False,False
wseg_001208,,,,,7913,7919,7,7,0,2647.3,2648.48,1.1799999999998363,,0.0,0.0,0,0,7,0,[],False,False
wseg_001209,,,,,7920,7927,8,8,0,2648.48,2650.62,2.1399999999998727,,0.1799999999998363,0.1799999999998363,1,0,8,0,[],False,False
wseg_001210,,,,,7928,7936,9,9,0,2650.62,2652.8,2.180000000000291,,0.0,0.0,0,0,9,0,[],False,False
wseg_001211,,,,,7937,7940,4,4,0,2652.8,2654.0,1.199999999999818,,0.0,0.0,0,0,4,0,[],False,False
wseg_001212,,,,,7941,7945,5,5,0,2654.0,2656.86,2.8600000000001273,,0.0,0.0,0,0,5,0,[],False,False
wseg_001213,,,,,7946,7951,6,6,0,2656.86,2658.16,1.2999999999997272,,0.0,0.0,0,0,6,0,[],False,False
wseg_001214,,,,,7952,7960,9,9,0,2658.16,2660.3,2.1400000000003274,,0.9999999999995453,0.9999999999995453,1,0,9,0,[],False,False
wseg_001215,,,,,7961,7964,4,4,0,2661.2999999999997,2662.52,1.2200000000002547,,0.0,0.0,0,0,4,0,[],False,False
wseg_001216,,,,,7965,7968,4,4,0,2662.52,2663.38,0.8600000000001273,,0.0,0.0,0,0,4,0,[],False,False
wseg_001217,,,,,7969,7976,8,8,0,2663.38,2665.38,2.0,,0.07999999999992724,0.07999999999992724,1,0,8,0,[],False,False
wseg_001218,,,,,7977,7991,15,15,0,2665.38,2668.02,2.6399999999998727,,0.0,0.0,0,0,15,0,[],False,False
wseg_001219,,,,,7992,8000,9,9,0,2668.02,2670.84,2.8200000000001637,,0.0,0.0,0,0,9,0,[],False,False
wseg_001220,,,,,8001,8003,3,3,0,2670.84,2671.5,0.6599999999998545,,0.0,0.0,0,0,3,0,[],False,False
wseg_001221,,,,,8004,8011,8,8,0,2671.5,2673.6,2.099999999999909,,0.0,0.0,0,0,8,0,[],False,False
wseg_001222,,,,,8012,8018,7,7,0,2673.6,2676.06,2.4600000000000364,,1.2400000000002365,1.2800000000002,2,0,7,0,[],False,False
wseg_001223,,,,,8019,8022,4,4,0,2677.3,2678.3,1.0,,0.0,0.0,0,0,4,0,[],False,False
wseg_001224,,,,,8023,8031,9,9,0,2678.3,2681.08,2.7799999999997453,,0.2600000000002183,0.2600000000002183,1,0,9,0,[],False,False
wseg_001225,,,,,8032,8041,10,10,0,2681.08,2682.82,1.7400000000002365,,0.0,0.0,0,0,10,0,[],False,False
wseg_001226,,,,,8042,8053,12,12,0,2682.82,2685.32,2.5,,0.0,0.0,0,0,12,0,[],False,False
wseg_001227,,,,,8054,8063,10,10,0,2685.32,2687.24,1.919999999999618,,0.0,0.0,0,0,10,0,[],False,False
wseg_001228,,,,,8064,8072,9,9,0,2687.24,2689.14,1.900000000000091,,0.01999999999998181,0.01999999999998181,1,0,9,0,[],False,False
wseg_001229,,,,,8073,8079,7,7,0,2689.14,2690.82,1.680000000000291,,0.0,0.0,0,0,7,0,[],False,False
wseg_001230,,,,,8080,8093,14,14,0,2690.82,2693.34,2.519999999999982,,0.1799999999998363,0.23999999999978172,2,0,14,0,[],False,False
wseg_001231,,,,,8094,8096,3,3,0,2693.34,2695.3,1.9600000000000364,,0.0,0.0,0,0,3,0,[],False,False
wseg_001232,,,,,8097,8104,8,8,0,2695.3,2697.12,1.819999999999709,,0.13999999999987267,0.13999999999987267,1,0,8,0,[],False,False
wseg_001233,,,,,8105,8115,11,11,0,2697.12,2699.48,2.3600000000001273,,0.0,0.0,0,0,11,0,[],False,False
wseg_001234,,,,,8116,8119,4,4,0,2699.48,2701.3,1.8200000000001637,,0.0,0.0,0,0,4,0,[],False,False
wseg_001235,,,,,8120,8128,9,9,0,2701.3,2703.0,1.699999999999818,,0.07999999999992724,0.12000000000034561,2,0,9,0,[],False,False
wseg_001236,,,,,8129,8134,6,6,0,2703.0,2704.9,1.900000000000091,,0.0,0.0,0,0,6,0,[],False,False
wseg_001237,,,,,8135,8142,8,8,0,2704.9,2706.68,1.7799999999997453,,0.6200000000003456,0.6200000000003456,1,0,8,0,[],False,False
wseg_001238,,,,,8143,8149,7,7,0,2707.3,2707.84,0.5399999999999636,,0.9599999999995816,0.9599999999995816,1,0,7,0,[],False,False
wseg_001239,,,,,8150,8153,4,4,0,2708.7999999999997,2710.1,1.300000000000182,,0.8800000000001091,0.9200000000000728,2,0,4,0,[],False,False
wseg_001240,,,,,8154,8160,7,7,0,2710.98,2713.1,2.119999999999891,,0.0,0.0,0,0,7,0,[],False,False
wseg_001241,,,,,8161,8164,4,4,0,2713.1,2715.36,2.2600000000002183,,0.0,0.0,0,0,4,0,[],False,False
wseg_001242,,,,,8165,8171,7,7,0,2715.36,2716.64,1.2799999999997453,,0.0,0.0,0,0,7,0,[],False,False
wseg_001243,,,,,8172,8182,11,11,0,2716.64,2718.76,2.1200000000003456,,0.0,0.0,0,0,11,0,[],False,False
wseg_001244,,,,,8183,8189,7,7,0,2718.76,2720.74,1.9799999999995634,,0.4000000000005457,0.4000000000005457,1,0,7,0,[],False,False
wseg_001245,,,,,8190,8199,10,10,0,2721.1400000000003,2723.16,2.019999999999527,,0.0,0.0,0,0,10,0,[],False,False
wseg_001246,,,,,8200,8207,8,8,0,2723.16,2725.26,2.100000000000364,,0.0,0.0,0,0,8,0,[],False,False
wseg_001247,,,,,8208,8216,9,9,0,2725.26,2727.18,1.919999999999618,,0.01999999999998181,0.01999999999998181,1,0,9,0,[],False,False
wseg_001248,,,,,8217,8222,6,6,0,2727.18,2729.18,2.0,,0.0,0.0,0,0,6,0,[],False,False
wseg_001249,,,,,8223,8228,6,6,0,2729.18,2731.34,2.1600000000003092,,0.3000000000001819,0.3000000000001819,1,0,6,0,[],False,False
wseg_001250,,,,,8229,8235,7,7,0,2731.34,2733.18,1.8399999999996908,,0.0,0.0,0,0,7,0,[],False,False
wseg_001251,,,,,8236,8243,8,8,0,2733.18,2734.9,1.7200000000002547,,0.0,0.0,0,0,8,0,[],False,False
wseg_001252,,,,,8244,8249,6,6,0,2734.9,2736.94,2.0399999999999636,,0.36000000000012733,0.36000000000012733,1,0,6,0,[],False,False
wseg_001253,,,,,8250,8254,5,5,0,2737.3,2738.34,1.0399999999999636,,0.0,0.0,0,0,5,0,[],False,False
wseg_001254,,,,,8255,8262,8,8,0,2738.34,2740.9,2.5599999999999454,,0.0,0.0,0,0,8,0,[],False,False
wseg_001255,,,,,8263,8266,4,4,0,2740.9,2743.5,2.599999999999909,,0.05999999999994543,0.05999999999994543,1,0,4,0,[],False,False
wseg_001256,,,,,8267,8270,4,4,0,2743.5,2744.9,1.400000000000091,,0.0,0.0,0,0,4,0,[],False,False
wseg_001257,,,,,8271,8279,9,9,0,2744.9,2747.04,2.1399999999998727,,0.0,0.0,0,0,9,0,[],False,False
wseg_001258,,,,,8280,8284,5,5,0,2747.04,2748.46,1.4200000000000728,,0.0,0.0,0,0,5,0,[],False,False
wseg_001259,,,,,8285,8295,11,11,0,2748.46,2751.3,2.8400000000001455,,0.0,0.0,0,0,11,0,[],False,False
wseg_001260,,,,,8296,8301,6,6,0,2751.3,2752.68,1.3799999999996544,,0.0,0.0,0,0,6,0,[],False,False
wseg_001261,,,,,8302,8306,5,5,0,2752.68,2755.74,3.0599999999999454,,0.07999999999992724,0.07999999999992724,1,0,5,0,[],False,False
wseg_001262,,,,,8307,8309,3,3,0,2755.74,2757.32,1.580000000000382,,0.0,0.0,0,0,3,0,[],False,False
wseg_001263,,,,,8310,8315,6,6,0,2757.32,2758.9,1.5799999999999272,,0.0,0.0,0,0,6,0,[],False,False
wseg_001264,,,,,8316,8325,10,10,0,2758.9,2761.66,2.7599999999997635,,0.0,0.0,0,0,10,0,[],False,False
wseg_001265,,,,,8326,8329,4,4,0,2761.66,2763.3,1.6400000000003274,,0.0,0.0,0,0,4,0,[],False,False
wseg_001266,,,,,8330,8331,2,2,0,2763.3,2764.6,1.2999999999997272,,0.0,0.0,0,0,2,0,[],False,False
wseg_001267,,,,,8332,8338,7,7,0,2764.6,2766.5,1.900000000000091,,0.8000000000001819,0.8000000000001819,1,0,7,0,[],False,False
wseg_001268,,,,,8339,8350,12,12,0,2767.3,2769.48,2.1799999999998363,,0.0,0.0,0,0,12,0,[],False,False
wseg_001269,,,,,8351,8355,5,5,0,2769.48,2770.52,1.0399999999999636,,0.0,0.0,0,0,5,0,[],False,False
wseg_001270,,,,,8356,8360,5,5,0,2770.52,2772.96,2.4400000000000546,,0.01999999999998181,0.01999999999998181,1,0,5,0,[],False,False
wseg_001271,,,,,8361,8364,4,4,0,2772.96,2774.8,1.8400000000001455,,0.0,0.0,0,1,4,0,[],False,False
wseg_001272,,,,,8365,8367,3,3,0,2774.8,2775.66,0.8599999999996726,,0.7200000000002547,0.7200000000002547,1,0,3,0,[],False,False
wseg_001273,,,,,8368,8378,11,11,0,2776.38,2779.06,2.6799999999998363,,0.04000000000041837,0.04000000000041837,1,0,11,0,[],False,False
wseg_001274,,,,,8379,8385,7,7,0,2779.06,2781.32,2.2600000000002183,,0.0,0.0,0,0,7,0,[],False,False
wseg_001275,,,,,8386,8391,6,6,0,2781.32,2782.74,1.419999999999618,,0.4000000000005457,0.4000000000005457,1,0,6,0,[],False,False
wseg_001276,,,,,8392,8394,3,3,0,2783.1400000000003,2784.72,1.5799999999994725,,0.0,0.0,0,0,3,0,[],False,False
wseg_001277,,,,,8395,8404,10,10,0,2784.72,2787.96,3.2400000000002365,,0.0,0.0,0,0,10,0,[],False,False
wseg_001278,,,,,8405,8408,4,4,0,2787.96,2788.74,0.7799999999997453,,0.5600000000004002,0.5600000000004002,1,0,4,0,[],False,False
wseg_001279,,,,,8409,8412,4,4,0,2789.3,2790.98,1.6799999999998363,,0.0,0.0,0,0,4,0,[],False,False
wseg_001280,,,,,8413,8418,6,6,0,2790.98,2792.72,1.7399999999997817,,0.0,0.0,0,0,6,0,[],False,False
wseg_001281,,,,,8419,8428,10,10,0,2792.72,2795.84,3.1200000000003456,,0.0,0.0,0,0,10,0,[],False,False
wseg_001282,,,,,8429,8431,3,3,0,2795.84,2796.98,1.1399999999998727,,0.3200000000001637,0.3200000000001637,1,0,3,0,[],False,False
wseg_001283,,,,,8432,8432,1,1,0,2797.3,2798.18,0.8799999999996544,,0.0,0.0,0,0,1,0,[],False,False
wseg_001284,,,,,8433,8438,6,6,0,2798.18,2800.36,2.180000000000291,,0.0,0.0,0,0,6,0,[],False,False
wseg_001285,,,,,8439,8444,6,6,0,2800.36,2801.74,1.3799999999996544,,0.0,0.0,0,0,6,0,[],False,False
wseg_001286,,,,,8445,8447,3,3,0,2801.74,2803.6,1.8600000000001273,,0.0,0.0,0,0,3,0,[],False,False
wseg_001287,,,,,8448,8454,7,7,0,2803.6,2806.24,2.6399999999998727,,0.0,0.0,0,0,7,0,[],False,False
wseg_001288,,,,,8455,8459,5,5,0,2806.24,2807.96,1.7200000000002547,,0.0,0.0,0,0,5,0,[],False,False
wseg_001289,,,,,8460,8466,7,7,0,2807.96,2810.86,2.900000000000091,,0.0,0.0,0,0,7,0,[],False,False
wseg_001290,,,,,8467,8471,5,5,0,2810.86,2813.24,2.3799999999996544,,0.05999999999994543,0.05999999999994543,1,0,5,0,[],False,False
wseg_001291,,,,,8472,8474,3,3,0,2813.24,2814.32,1.080000000000382,,0.0,0.0,0,0,3,0,[],False,False
wseg_001292,,,,,8475,8481,7,7,0,2814.32,2816.64,2.319999999999709,,0.0,0.0,0,0,7,0,[],False,False
wseg_001293,,,,,8482,8487,6,6,0,2816.64,2818.78,2.1400000000003274,,0.32999999999992724,0.32999999999992724,1,0,6,0,[],False,False
wseg_001294,,,,,8488,8493,6,6,0,2819.11,2820.58,1.4699999999998,,0.6300000000001091,0.6300000000001091,1,0,6,0,[],False,False
wseg_001295,,,,,8494,8495,2,2,0,2821.21,2822.08,0.8699999999998909,,0.05999999999994543,0.05999999999994543,1,0,2,0,[],False,False
wseg_001296,,,,,8496,8500,5,5,0,2822.08,2824.98,2.900000000000091,,0.13999999999987267,0.13999999999987267,1,0,5,0,[],False,False
wseg_001297,,,,,8501,8507,7,7,0,2824.98,2826.96,1.9800000000000182,,0.3400000000001455,0.44000000000005457,2,0,7,0,[],False,False
wseg_001298,,,,,8508,8514,7,7,0,2827.3,2829.42,2.119999999999891,,0.0,0.0,0,0,7,0,[],False,False
wseg_001299,,,,,8515,8515,1,1,0,2829.42,2829.86,0.44000000000005457,,0.0,0.0,0,0,1,0,[],False,False
wseg_001300,,,,,8516,8520,5,5,0,2829.86,2832.26,2.400000000000091,,0.0,0.0,0,0,5,0,[],False,False
wseg_001301,,,,,8521,8526,6,6,0,2832.26,2834.6,2.3399999999996908,,0.0,0.0,0,0,6,0,[],False,False
wseg_001302,,,,,8527,8531,5,5,0,2834.6,2836.22,1.6199999999998909,,0.0,0.0,0,0,5,0,[],False,False
wseg_001303,,,,,8532,8541,10,10,0,2836.22,2839.58,3.3600000000001273,,0.2199999999997999,0.2199999999997999,1,0,10,0,[],False,False
wseg_001304,,,,,8542,8545,4,4,0,2839.58,2841.28,1.7000000000002728,,0.0,0.0,0,0,4,0,[],False,False
wseg_001305,,,,,8546,8551,6,6,0,2841.28,2843.6,2.319999999999709,,0.0,0.0,0,0,6,0,[],False,False
wseg_001306,,,,,8552,8553,2,2,0,2843.6,2844.72,1.1199999999998909,,0.0,0.0,0,0,2,0,[],False,False
wseg_001307,,,,,8554,8558,5,5,0,2844.72,2846.74,2.019999999999982,,0.0,0.0,0,0,5,0,[],False,False
wseg_001308,,,,,8559,8565,7,7,0,2846.74,2849.0,2.2600000000002183,,0.0,0.0,0,0,7,0,[],False,False
wseg_001309,,,,,8566,8569,4,4,0,2849.0,2851.02,2.019999999999982,,0.0,0.0,0,0,4,0,[],False,False
wseg_001310,,,,,8570,8572,3,3,0,2851.02,2852.54,1.5199999999999818,,0.8400000000001455,0.8400000000001455,1,0,3,0,[],False,False
wseg_001311,,,,,8573,8578,6,6,0,2853.38,2855.38,2.0,,0.0,0.0,0,0,6,0,[],False,False
wseg_001312,,,,,8579,8582,4,4,0,2855.38,2857.28,1.900000000000091,,0.03999999999996362,0.05999999999994543,2,0,4,0,[],False,False
wseg_001313,,,,,8583,8586,4,4,0,2857.3,2859.48,2.1799999999998363,,0.0,0.0,0,0,4,0,[],False,False
wseg_001314,,,,,8587,8592,6,6,0,2859.48,2861.14,1.6599999999998545,,0.0,0.0,0,0,6,0,[],False,False
wseg_001315,,,,,8593,8600,8,8,0,2861.14,2862.9,1.7600000000002183,,0.0,0.0,0,0,8,0,[],False,False
wseg_001316,,,,,8601,8606,6,6,0,2862.9,2865.32,2.4200000000000728,,0.0,0.0,0,0,6,0,[],False,False
wseg_001317,,,,,8607,8608,2,2,0,2865.32,2866.32,1.0,,0.0,0.0,0,0,2,0,[],False,False
wseg_001318,,,,,8609,8615,7,7,0,2866.32,2869.24,2.919999999999618,,0.0,0.0,0,0,7,0,[],False,False
wseg_001319,,,,,8616,8620,5,5,0,2869.24,2870.8,1.5600000000004002,,0.0,0.0,0,0,5,0,[],False,False
wseg_001320,,,,,8621,8626,6,6,0,2870.8,2873.1,2.299999999999727,,0.0,0.0,0,0,6,0,[],False,False
wseg_001321,,,,,8627,8632,6,6,0,2873.1,2874.92,1.8200000000001637,,0.0,0.0,0,0,6,0,[],False,False
wseg_001322,,,,,8633,8638,6,6,0,2874.92,2877.2,2.2799999999997453,,0.07999999999992724,0.07999999999992724,1,0,6,0,[],False,False
wseg_001323,,,,,8639,8641,3,3,0,2877.2,2878.16,0.9600000000000364,,0.0,0.0,0,0,3,0,[],False,False
wseg_001324,,,,,8642,8649,8,8,0,2878.16,2881.28,3.1200000000003456,,0.0,0.0,0,0,8,0,[],False,False
wseg_001325,,,,,8650,8654,5,5,0,2881.28,2883.74,2.4599999999995816,,0.0,0.0,0,0,5,0,[],False,False
wseg_001326,,,,,8655,8659,5,5,0,2883.74,2885.56,1.8200000000001637,,0.0,0.0,0,0,5,0,[],False,False
wseg_001327,,,,,8660,8666,7,7,0,2885.56,2887.0,1.4400000000000546,,0.3000000000001819,0.3000000000001819,1,0,7,0,[],False,False
wseg_001328,,,,,8667,8672,6,6,0,2887.3,2888.62,1.319999999999709,,0.0,0.0,0,0,6,0,[],False,False
wseg_001329,,,,,8673,8678,6,6,0,2888.62,2891.02,2.400000000000091,,0.0,0.0,0,0,6,0,[],False,False
wseg_001330,,,,,8679,8681,3,3,0,2891.02,2892.3,1.2800000000002,,0.7599999999997635,0.7599999999997635,1,0,3,0,[],False,False
wseg_001331,,,,,8682,8687,6,6,0,2893.06,2895.76,2.700000000000273,,0.0,0.0,0,0,6,0,[],False,False
wseg_001332,,,,,8688,8688,1,1,0,2895.76,2896.48,0.7199999999997999,,1.1199999999998909,1.1199999999998909,1,0,1,0,[],False,False
wseg_001333,,,,,8689,8692,4,4,0,2897.6,2899.32,1.7200000000002547,,0.0,0.0,0,0,4,0,[],False,False
wseg_001334,,,,,8693,8696,4,4,0,2899.32,2901.36,2.0399999999999636,,0.0,0.0,0,0,4,0,[],False,False
wseg_001335,,,,,8697,8701,5,5,0,2901.36,2902.96,1.599999999999909,,0.0,0.0,0,0,5,0,[],False,False
wseg_001336,,,,,8702,8704,3,3,0,2902.96,2903.9,0.9400000000000546,,1.5,1.5,1,0,3,0,[],False,False
wseg_001337,,,,,8705,8708,4,4,0,2905.4,2907.72,2.319999999999709,,0.0,0.0,0,0,4,0,[],False,False
wseg_001338,,,,,8709,8714,6,6,0,2907.72,2909.22,1.5,,0.0,0.0,0,0,6,0,[],False,False
wseg_001339,,,,,8715,8723,9,9,0,2909.22,2911.36,2.1400000000003274,,0.0,0.0,0,0,9,0,[],False,False
wseg_001340,,,,,8724,8730,7,7,0,2911.36,2913.02,1.6599999999998545,,0.0,0.0,0,0,7,0,[],False,False
wseg_001341,,,,,8731,8736,6,6,0,2913.02,2915.34,2.3200000000001637,,0.0,0.0,0,0,6,0,[],False,False
wseg_001342,,,,,8737,8741,5,5,0,2915.34,2917.28,1.9400000000000546,,0.01999999999998181,0.03999999999996362,2,0,5,0,[],False,False
wseg_001343,,,,,8742,8747,6,6,0,2917.3,2919.28,1.9800000000000182,,0.0,0.0,0,0,6,0,[],False,False
wseg_001344,,,,,8748,8755,8,8,0,2919.28,2920.98,1.699999999999818,,0.0,0.0,0,0,8,0,[],False,False
wseg_001345,,,,,8756,8760,5,5,0,2920.98,2922.8,1.8200000000001637,,0.0,0.0,0,0,5,0,[],False,False
wseg_001346,,,,,8761,8766,6,6,0,2922.8,2924.72,1.919999999999618,,0.0,0.0,0,0,6,0,[],False,False
wseg_001347,,,,,8767,8771,5,5,0,2924.72,2925.98,1.2600000000002183,,0.0,0.0,0,0,5,0,[],False,False
wseg_001348,,,,,8772,8783,12,12,0,2925.98,2928.52,2.5399999999999636,,0.0,0.0,0,0,12,0,[],False,False
wseg_001349,,,,,8784,8793,10,10,0,2928.52,2930.68,2.1599999999998545,,0.0,0.0,0,0,10,0,[],False,False
wseg_001350,,,,,8794,8803,10,10,0,2930.68,2933.18,2.5,,0.5600000000004002,0.5600000000004002,1,0,10,0,[],False,False
wseg_001351,,,,,8804,8807,4,4,0,2933.7400000000002,2935.04,1.2999999999997272,,0.0,0.0,0,0,4,0,[],False,False
wseg_001352,,,,,8808,8811,4,4,0,2935.04,2937.0,1.9600000000000364,,0.0,0.0,0,0,4,0,[],False,False
wseg_001353,,,,,8812,8814,3,3,0,2937.0,2939.06,2.0599999999999454,,0.0,0.0,0,0,3,0,[],False,False
wseg_001354,,,,,8815,8819,5,5,0,2939.06,2941.0,1.9400000000000546,,0.0,0.0,0,0,5,0,[],False,False
wseg_001355,,,,,8820,8823,4,4,0,2941.0,2943.04,2.0399999999999636,,0.3000000000001819,0.3000000000001819,1,0,4,0,[],False,False
wseg_001356,,,,,8824,8830,7,7,0,2943.04,2944.74,1.699999999999818,,0.0,0.0,0,0,7,0,[],False,False
wseg_001357,,,,,8831,8840,10,10,0,2944.74,2947.06,2.3200000000001637,,0.24000000000023647,0.24000000000023647,1,0,10,0,[],False,False
wseg_001358,,,,,8841,8846,6,6,0,2947.3,2948.8,1.5,,0.0,0.0,0,0,6,0,[],False,False
wseg_001359,,,,,8847,8853,7,7,0,2948.8,2951.18,2.3799999999996544,,0.0,0.0,0,0,7,0,[],False,False
wseg_001360,,,,,8854,8860,7,7,0,2951.18,2953.4,2.2200000000002547,,0.0,0.0,0,0,7,0,[],False,False
wseg_001361,,,,,8861,8864,4,4,0,2953.4,2955.28,1.8800000000001091,,0.0,0.0,0,0,4,0,[],False,False
wseg_001362,,,,,8865,8868,4,4,0,2955.28,2957.08,1.7999999999997272,,0.18000000000029104,0.18000000000029104,1,0,4,0,[],False,False
wseg_001363,,,,,8869,8872,4,4,0,2957.08,2959.28,2.200000000000273,,0.0,0.0,0,0,4,0,[],False,False
wseg_001364,,,,,8873,8878,6,6,0,2959.28,2961.1,1.819999999999709,,0.0,0.0,0,0,6,0,[],False,False
wseg_001365,,,,,8879,8883,5,5,0,2961.1,2962.88,1.7800000000002,,0.0,0.0,0,0,5,0,[],False,False
wseg_001366,,,,,8884,8888,5,5,0,2962.88,2964.94,2.0599999999999454,,0.0,0.0,0,0,5,0,[],False,False
wseg_001367,,,,,8889,8897,9,9,0,2964.94,2966.64,1.699999999999818,,0.6600000000003092,0.6600000000003092,1,0,9,0,[],False,False
wseg_001368,,,,,8898,8901,4,4,0,2967.3,2968.8,1.5,,0.0,0.0,0,0,4,0,[],False,False
wseg_001369,,,,,8902,8912,11,11,0,2968.8,2971.12,2.319999999999709,,0.0,0.0,0,0,11,0,[],False,False
wseg_001370,,,,,8913,8918,6,6,0,2971.12,2972.66,1.5399999999999636,,0.07999999999992724,0.07999999999992724,1,0,6,0,[],False,False
wseg_001371,,,,,8919,8925,7,7,0,2972.66,2975.0,2.3400000000001455,,0.0,0.0,0,0,7,0,[],False,False
wseg_001372,,,,,8926,8928,3,3,0,2975.0,2975.76,0.7600000000002183,,2.199999999999818,2.199999999999818,1,0,3,0,[],False,False
wseg_001373,,,,,8929,8933,5,5,0,2977.96,2979.18,1.2199999999998,,0.0,0.0,0,0,5,0,[],False,False
wseg_001374,,,,,8934,8941,8,8,0,2979.18,2980.74,1.5599999999999454,,0.0,0.0,0,0,8,0,[],False,False
wseg_001375,,,,,8942,8948,7,7,0,2980.74,2981.82,1.080000000000382,,0.0,0.0,0,0,7,0,[],False,False
wseg_001376,,,,,8949,8965,17,17,0,2981.82,2985.26,3.4400000000000546,,0.0,0.0,0,0,17,0,[],False,False
wseg_001377,,,,,8966,8979,14,14,0,2985.26,2987.76,2.5,,0.0,0.0,0,0,14,0,[],False,False
wseg_001378,,,,,8980,8983,4,4,0,2987.76,2989.44,1.6799999999998363,,0.0,0.0,0,0,4,0,[],False,False
wseg_001379,,,,,8984,8992,9,9,0,2989.44,2991.68,2.2399999999997817,,0.0,0.0,0,0,9,0,[],False,False
wseg_001380,,,,,8993,8998,6,6,0,2991.68,2993.14,1.4600000000000364,,0.0,0.0,0,0,6,0,[],False,False
wseg_001381,,,,,8999,9004,6,6,0,2993.14,2994.22,1.0799999999999272,,0.11999999999989086,0.11999999999989086,1,0,6,0,[],False,False
wseg_001382,,,,,9005,9019,15,15,0,2994.22,2997.22,3.0,,0.0,0.0,0,0,15,0,[],False,False
wseg_001383,,,,,9020,9025,6,6,0,2997.22,2998.74,1.5199999999999818,,0.0,0.0,0,0,6,0,[],False,False
wseg_001384,,,,,9026,9032,7,7,0,2998.74,3000.54,1.800000000000182,,0.0,0.0,0,0,7,0,[],False,False
wseg_001385,,,,,9033,9041,9,9,0,3000.54,3003.54,3.0,,0.03999999999996362,0.03999999999996362,1,0,9,0,[],False,False
wseg_001386,,,,,9042,9045,4,4,0,3003.54,3004.64,1.099999999999909,,0.0,0.0,0,0,4,0,[],False,False
wseg_001387,,,,,9046,9056,11,11,0,3004.64,3007.22,2.5799999999999272,,0.08000000000038199,0.08000000000038199,1,0,11,0,[],False,False
wseg_001388,,,,,9057,9062,6,6,0,3007.3,3009.12,1.819999999999709,,0.0,0.0,0,0,6,0,[],False,False
wseg_001389,,,,,9063,9068,6,6,0,3009.12,3011.24,2.119999999999891,,0.0,0.0,0,0,6,0,[],False,False
wseg_001390,,,,,9069,9078,10,10,0,3011.24,3013.18,1.9400000000000546,,0.0,0.0,0,0,10,0,[],False,False
wseg_001391,,,,,9079,9090,12,12,0,3013.18,3015.38,2.200000000000273,,0.0,0.0,0,0,12,0,[],False,False
wseg_001392,,,,,9091,9095,5,5,0,3015.38,3016.74,1.3599999999996726,,0.0,0.0,0,0,5,0,[],False,False
wseg_001393,,,,,9096,9105,10,10,0,3016.74,3019.3,2.5600000000004,,0.0,0.0,0,0,10,0,[],False,False
wseg_001394,,,,,9106,9109,4,4,0,3019.3,3020.74,1.4399999999995998,,0.34000000000060027,0.34000000000060027,1,0,4,0,[],False,False
wseg_001395,,,,,9110,9116,7,7,0,3021.0800000000004,3022.98,1.8999999999996362,,0.0,0.0,0,0,7,0,[],False,False
wseg_001396,,,,,9117,9121,5,5,0,3022.98,3024.16,1.1799999999998363,,0.0,0.0,0,0,5,0,[],False,False
wseg_001397,,,,,9122,9128,7,7,0,3024.16,3026.26,2.100000000000364,,0.05999999999994543,0.05999999999994543,1,0,7,0,[],False,False
wseg_001398,,,,,9129,9135,7,7,0,3026.26,3028.46,2.199999999999818,,0.0,0.0,0,0,7,0,[],False,False
wseg_001399,,,,,9136,9140,5,5,0,3028.46,3031.08,2.619999999999891,,0.0,0.0,0,0,5,0,[],False,False
wseg_001400,,,,,9141,9142,2,2,0,3031.08,3032.44,1.3600000000001273,,0.0,0.0,0,0,2,0,[],False,False
wseg_001401,,,,,9143,9148,6,6,0,3032.44,3034.94,2.5,,0.0,0.0,0,0,6,0,[],False,False
wseg_001402,,,,,9149,9153,5,5,0,3034.94,3037.28,2.3400000000001455,,0.01999999999998181,0.01999999999998181,1,0,5,0,[],False,False
wseg_001403,,,,,9154,9154,1,1,0,3037.3,3037.52,0.2199999999997999,,0.0,0.0,0,0,1,0,[],False,False
wseg_001404,,,,,9155,9161,7,7,0,3037.52,3040.56,3.0399999999999636,,0.0,0.0,0,0,7,0,[],False,False
wseg_001405,,,,,9162,9167,6,6,0,3040.56,3042.82,2.2600000000002183,,0.0,0.0,0,0,6,0,[],False,False
wseg_001406,,,,,9168,9172,5,5,0,3042.82,3043.96,1.1399999999998727,,0.0,0.0,0,0,5,0,[],False,False
wseg_001407,,,,,9173,9175,3,3,0,3043.96,3045.62,1.6599999999998545,,0.0,0.0,0,0,3,0,[],False,False
wseg_001408,,,,,9176,9182,7,7,0,3045.62,3048.68,3.0599999999999454,,18.620000000000346,18.640000000000327,2,0,7,0,[],False,False
wseg_001409,,,,,9183,9185,3,3,0,3067.3,3097.28,29.980000000000018,,0.01999999999998181,0.01999999999998181,1,0,3,0,[],False,False
wseg_001410,,,,,9186,9188,3,3,0,3097.3,3127.28,29.980000000000018,,0.01999999999998181,0.01999999999998181,1,0,3,0,[],False,False
wseg_001411,,,,,9189,9191,3,3,0,3127.3,3157.28,29.980000000000018,,0.01999999999998181,0.01999999999998181,1,0,3,0,[],False,False
wseg_001412,,,,,9192,9194,3,3,0,3157.3,3187.28,29.980000000000018,,0.01999999999998181,0.01999999999998181,1,0,3,0,[],False,False
wseg_001413,,,,,9195,9197,3,3,0,3187.3,3217.28,29.980000000000018,,0.01999999999998181,0.01999999999998181,1,0,3,0,[],False,False
wseg_001414,,,,,9198,9200,3,3,0,3217.3,3247.28,29.980000000000018,,0.01999999999998181,0.01999999999998181,1,0,3,0,[],False,False
wseg_001415,,,,,9201,9203,3,3,0,3247.3,3277.28,29.980000000000018,,0.01999999999998181,0.01999999999998181,1,0,3,0,[],False,False
wseg_001416,,,,,9204,9206,3,3,0,3277.3,3307.28,29.980000000000018,,0.01999999999998181,0.01999999999998181,1,0,3,0,[],False,False
wseg_001417,,,,,9207,9209,3,3,0,3307.3,3311.3,4.0,,26.0,26.0,1,0,3,0,[],False,False
wseg_001418,,,,,9210,9212,3,3,0,3337.3,3367.28,29.980000000000018,,0.01999999999998181,0.01999999999998181,1,0,3,0,[],False,False
wseg_001419,,,,,9213,9215,3,3,0,3367.3,3397.28,29.980000000000018,,0.01999999999998181,0.01999999999998181,1,0,3,0,[],False,False
wseg_001420,,,,,9216,9218,3,3,0,3397.3,3401.3,4.0,,26.0,26.0,1,0,3,0,[],False,False
wseg_001421,,,,,9219,9221,3,3,0,3427.3,3431.3,4.0,,26.0,26.0,1,0,3,0,[],False,False
wseg_001422,,,,,9222,9224,3,3,0,3457.3,3463.3,6.0,,24.0,24.0,1,0,3,0,[],False,False
wseg_001423,,,,,9225,9227,3,3,0,3487.3,3493.3,6.0,,24.0,24.0,1,0,3,0,[],False,False
wseg_001424,,,,,9228,9230,3,3,0,3517.3,3525.3,8.0,,22.0,22.0,1,0,3,0,[],False,False
wseg_001425,,,,,9231,9233,3,3,0,3547.3,3557.3,10.0,,20.0,20.0,1,0,3,0,[],False,False
wseg_001426,,,,,9234,9236,3,3,0,3577.3,3587.3,10.0,,20.0,20.0,1,0,3,0,[],False,False
wseg_001427,,,,,9237,9239,3,3,0,3607.3,3619.3,12.0,,19.7199999999998,19.7199999999998,1,0,3,0,[],False,False
wseg_001428,,,,,9240,9242,3,3,0,3639.02,3640.06,1.0399999999999636,,5.700000000000273,5.700000000000273,1,0,3,0,[],False,False
wseg_001429,,,,,9243,9245,3,3,0,3645.76,3646.28,0.5199999999999818,,0.0,0.0,0,0,3,0,[],False,False
wseg_001430,,,,,9246,9248,3,3,0,3646.28,3646.54,0.25999999999976353,,3.599999999999909,3.599999999999909,1,0,3,0,[],False,False
wseg_001431,,,,,9249,9251,3,3,0,3650.14,3655.3,5.160000000000309,,1.919999999999618,1.919999999999618,1,0,3,0,[],False,False
wseg_001432,,,,,9252,9254,3,3,0,3657.22,3658.62,1.400000000000091,,1.0,1.0,1,0,3,0,[],False,False
wseg_001433,,,,,9255,9258,4,4,0,3659.62,3660.7,1.0799999999999272,,0.0,0.0,0,0,4,0,[],False,False
wseg_001434,,,,,9259,9265,7,7,0,3660.7,3662.76,2.0600000000004,,0.0,0.0,0,0,7,0,[],False,False
wseg_001435,,,,,9266,9271,6,6,0,3662.76,3664.54,1.7799999999997453,,0.0,0.0,0,0,6,0,[],False,False
wseg_001436,,,,,9272,9279,8,8,0,3664.54,3666.26,1.7200000000002547,,0.0,0.0,0,0,8,0,[],False,False
wseg_001437,,,,,9280,9286,7,7,0,3666.26,3667.82,1.5599999999999454,,0.0,0.0,0,0,7,0,[],False,False
wseg_001438,,,,,9287,9294,8,8,0,3667.82,3670.04,2.2199999999998,,0.4600000000000364,0.4600000000000364,1,0,8,0,[],False,False
wseg_001439,,,,,9295,9302,8,8,0,3670.5,3672.38,1.8800000000001091,,0.0,0.0,0,0,8,0,[],False,False
wseg_001440,,,,,9303,9310,8,8,0,3672.38,3674.04,1.6599999999998545,,0.0,0.0,0,0,8,0,[],False,False
wseg_001441,,,,,9311,9316,6,6,0,3674.04,3675.68,1.6399999999998727,,0.0,0.0,0,0,6,0,[],False,False
wseg_001442,,,,,9317,9324,8,8,0,3675.68,3677.94,2.2600000000002183,,0.0,0.0,0,0,8,0,[],False,False
wseg_001443,,,,,9325,9330,6,6,0,3677.94,3679.32,1.3800000000001091,,0.0,0.0,0,0,6,0,[],False,False
wseg_001444,,,,,9331,9341,11,11,0,3679.32,3682.28,2.9600000000000364,,1.1599999999993997,1.1599999999993997,1,0,11,0,[],False,False
wseg_001445,,,,,9342,9345,4,4,0,3683.4399999999996,3684.4,0.9600000000004911,,0.0,0.0,0,0,4,0,[],False,False
wseg_001446,,,,,9346,9351,6,6,0,3684.4,3686.22,1.819999999999709,,0.07999999999992724,0.07999999999992724,1,0,6,0,[],False,False
wseg_001447,,,,,9352,9357,6,6,0,3686.22,3687.32,1.1000000000003638,,0.0,0.0,0,0,6,0,[],False,False
wseg_001448,,,,,9358,9363,6,6,0,3687.32,3688.84,1.5199999999999818,,14.739999999999782,14.739999999999782,1,0,6,0,[],False,False
wseg_001449,,,,,9364,9371,8,8,0,3703.58,3706.7,3.119999999999891,,0.24000000000023647,0.2600000000002183,2,0,8,0,[],False,False
wseg_001450,,,,,9372,9377,6,6,0,3706.7,3708.94,2.2400000000002365,,0.0,0.0,0,0,6,0,[],False,False
wseg_001451,,,,,9378,9382,5,5,0,3708.94,3710.74,1.7999999999997272,,0.0,0.0,0,1,5,0,[],False,False
wseg_001452,,,,,9383,9390,8,8,0,3710.74,3712.9,2.1600000000003092,,0.0,0.0,0,0,8,0,[],False,False
wseg_001453,,,,,9391,9393,3,3,0,3712.9,3713.42,0.5199999999999818,,0.680000000000291,0.680000000000291,1,0,3,0,[],False,False
wseg_001454,,,,,9394,9399,6,6,0,3714.1000000000004,3716.48,2.3799999999996544,,0.38000000000010914,0.38000000000010914,1,0,6,0,[],False,False
wseg_001455,,,,,9400,9404,5,5,0,3716.48,3717.88,1.400000000000091,,0.0,0.0,0,0,5,0,[],False,False
wseg_001456,,,,,9405,9410,6,6,0,3717.88,3720.12,2.2399999999997817,,0.0,0.0,0,0,6,0,[],False,False
wseg_001457,,,,,9411,9415,5,5,0,3720.12,3721.24,1.1199999999998909,,0.0,0.0,0,0,5,0,[],False,False
wseg_001458,,,,,9416,9426,11,11,0,3721.24,3723.96,2.7200000000002547,,0.0,0.0,0,0,11,0,[],False,False
wseg_001459,,,,,9427,9431,5,5,0,3723.96,3726.16,2.199999999999818,,0.0,0.0,0,0,5,0,[],False,False
wseg_001460,,,,,9432,9434,3,3,0,3726.16,3726.7,0.5399999999999636,,0.0,0.0,0,0,3,0,[],False,False
wseg_001461,,,,,9435,9439,5,5,0,3726.7,3728.22,1.5199999999999818,,0.0,0.0,0,0,5,0,[],False,False
wseg_001462,,,,,9440,9443,4,4,0,3728.22,3730.22,2.0,,0.0,0.0,0,0,4,0,[],False,False
wseg_001463,,,,,9444,9449,6,6,0,3730.22,3732.7,2.480000000000018,,0.2800000000002001,0.2800000000002001,1,0,6,0,[],False,False
wseg_001464,,,,,9450,9457,8,8,0,3732.7,3734.28,1.580000000000382,,0.0,0.0,0,0,8,0,[],False,False
wseg_001465,,,,,9458,9463,6,6,0,3734.28,3736.6,2.319999999999709,,0.0,0.0,0,0,6,0,[],False,False
wseg_001466,,,,,9464,9469,6,6,0,3736.6,3738.82,2.2200000000002547,,0.0,0.0,0,0,6,0,[],False,False
wseg_001467,,,,,9470,9479,10,10,0,3738.82,3741.9,3.0799999999999272,,0.0,0.0,0,0,10,0,[],False,False
wseg_001468,,,,,9480,9489,10,10,0,3741.9,3744.64,2.7399999999997817,,0.0,0.0,0,0,10,0,[],False,False
wseg_001469,,,,,9490,9491,2,2,0,3744.64,3745.76,1.1200000000003456,,0.0,0.0,0,0,2,0,[],False,False
wseg_001470,,,,,9492,9499,8,8,0,3745.76,3748.38,2.619999999999891,,0.0,0.0,0,0,8,0,[],False,False
wseg_001471,,,,,9500,9506,7,7,0,3748.38,3750.82,2.4400000000000546,,0.0,0.0,0,0,7,0,[],False,False
wseg_001472,,,,,9507,9514,8,8,0,3750.82,3752.5,1.6799999999998363,,0.0,0.0,0,0,8,0,[],False,False
wseg_001473,,,,,9515,9518,4,4,0,3752.5,3753.82,1.3200000000001637,,0.13999999999987267,0.13999999999987267,1,0,4,0,[],False,False
wseg_001474,,,,,9519,9524,6,6,0,3753.96,3755.54,1.5799999999999272,,0.0,0.0,0,0,6,0,[],False,False
wseg_001475,,,,,9525,9531,7,7,0,3755.54,3757.64,2.099999999999909,,0.0,0.0,0,0,7,0,[],False,False
wseg_001476,,,,,9532,9538,7,7,0,3757.64,3759.84,2.200000000000273,,0.0,0.0,0,0,7,0,[],False,False
wseg_001477,,,,,9539,9542,4,4,0,3759.84,3762.14,2.299999999999727,,0.0,0.0,0,0,4,0,[],False,False
wseg_001478,,,,,9543,9545,3,3,0,3762.14,3763.0,0.8600000000001273,,0.0,0.0,0,0,3,0,[],False,False
wseg_001479,,,,,9546,9552,7,7,0,3763.0,3765.48,2.480000000000018,,0.01999999999998181,0.01999999999998181,1,0,7,0,[],False,False
wseg_001480,,,,,9553,9557,5,5,0,3765.48,3766.86,1.3800000000001091,,0.0,0.0,0,0,5,0,[],False,False
wseg_001481,,,,,9558,9565,8,8,0,3766.86,3769.22,2.3599999999996726,,0.0,0.0,0,0,8,0,[],False,False
wseg_001482,,,,,9566,9570,5,5,0,3769.22,3770.46,1.2400000000002365,,0.0,0.0,0,0,5,0,[],False,False
wseg_001483,,,,,9571,9579,9,9,0,3770.46,3773.18,2.7199999999998,,0.18000000000029104,0.18000000000029104,1,0,9,0,[],False,False
wseg_001484,,,,,9580,9586,7,7,0,3773.18,3775.4,2.2200000000002547,,0.0,0.0,0,0,7,0,[],False,False
wseg_001485,,,,,9587,9592,6,6,0,3775.4,3777.04,1.6399999999998727,,0.0,0.0,0,0,6,0,[],False,False
wseg_001486,,,,,9593,9595,3,3,0,3777.04,3778.4,1.3600000000001273,,0.0,0.0,0,0,3,0,[],False,False
wseg_001487,,,,,9596,9603,8,8,0,3778.4,3781.74,3.3399999999996908,,0.0,0.0,0,0,8,0,[],False,False
wseg_001488,,,,,9604,9608,5,5,0,3781.74,3783.76,2.0200000000004366,,0.1999999999998181,0.1999999999998181,1,0,5,0,[],False,False
wseg_001489,,,,,9609,9614,6,6,0,3783.96,3785.64,1.6799999999998363,,0.18000000000029104,0.18000000000029104,1,0,6,0,[],False,False
wseg_001490,,,,,9615,9620,6,6,0,3785.64,3787.22,1.5799999999999272,,0.0,0.0,0,0,6,0,[],False,False
wseg_001491,,,,,9621,9629,9,9,0,3787.22,3789.92,2.700000000000273,,0.0,0.0,0,0,9,0,[],False,False
wseg_001492,,,,,9630,9634,5,5,0,3789.92,3791.64,1.7199999999998,,0.0,0.0,0,0,5,0,[],False,False
wseg_001493,,,,,9635,9642,8,8,0,3791.64,3793.68,2.0399999999999636,,0.0,0.0,0,0,8,0,[],False,False
wseg_001494,,,,,9643,9648,6,6,0,3793.68,3796.38,2.700000000000273,,0.0,0.0,0,0,6,0,[],False,False
wseg_001495,,,,,9649,9650,2,2,0,3796.38,3797.9,1.5199999999999818,,0.0,0.0,0,0,2,0,[],False,False
wseg_001496,,,,,9651,9659,9,9,0,3797.9,3799.92,2.019999999999982,,0.0,0.0,0,0,9,0,[],False,False
wseg_001497,,,,,9660,9665,6,6,0,3799.92,3802.42,2.5,,0.0,0.0,0,0,6,0,[],False,False
wseg_001498,,,,,9666,9667,2,2,0,3802.42,3803.38,0.9600000000000364,,0.5799999999999272,0.5799999999999272,1,0,2,0,[],False,False
wseg_001499,,,,,9668,9671,4,4,0,3803.96,3805.24,1.2799999999997453,,0.0,0.0,0,0,4,0,[],False,False
wseg_001500,,,,,9672,9679,8,8,0,3805.24,3807.76,2.5200000000004366,,0.0,0.0,0,0,8,0,[],False,False
wseg_001501,,,,,9680,9684,5,5,0,3807.76,3809.02,1.2599999999997635,,0.0,0.0,0,0,5,0,[],False,False
wseg_001502,,,,,9685,9690,6,6,0,3809.02,3811.4,2.380000000000109,,0.5599999999999454,0.5599999999999454,1,0,6,0,[],False,False
wseg_001503,,,,,9691,9697,7,7,0,3811.96,3813.62,1.6599999999998545,,0.3400000000001455,0.3400000000001455,1,0,7,0,[],False,False
wseg_001504,,,,,9698,9702,5,5,0,3813.96,3815.56,1.599999999999909,,0.0,0.0,0,0,5,0,[],False,False
wseg_001505,,,,,9703,9709,7,7,0,3815.56,3817.72,2.1599999999998545,,0.0,0.0,0,0,7,0,[],False,False
wseg_001506,,,,,9710,9716,7,7,0,3817.72,3819.74,2.019999999999982,,0.0,0.0,0,0,7,0,[],False,False
wseg_001507,,,,,9717,9721,5,5,0,3819.74,3821.74,2.0,,0.0,0.0,0,0,5,0,[],False,False
wseg_001508,,,,,9722,9725,4,4,0,3821.74,3823.1,1.3600000000001273,,0.0,0.0,0,0,4,0,[],False,False
wseg_001509,,,,,9726,9733,8,8,0,3823.1,3826.16,3.0599999999999454,,0.0,0.0,0,0,8,0,[],False,False
wseg_001510,,,,,9734,9741,8,8,0,3826.16,3828.38,2.2200000000002547,,0.0,0.0,0,0,8,0,[],False,False
wseg_001511,,,,,9742,9747,6,6,0,3828.38,3830.7,2.319999999999709,,0.0,0.0,0,0,6,0,[],False,False
wseg_001512,,,,,9748,9751,4,4,0,3830.7,3832.0,1.300000000000182,,0.0,0.0,0,0,4,0,[],False,False
wseg_001513,,,,,9752,9757,6,6,0,3832.0,3833.94,1.9400000000000546,,0.0,0.0,0,0,6,0,[],False,False
wseg_001514,,,,,9758,9762,5,5,0,3833.94,3834.92,0.9800000000000182,,0.0,0.0,0,0,5,0,[],False,False
wseg_001515,,,,,9763,9771,9,9,0,3834.92,3837.12,2.199999999999818,,0.0,0.0,0,0,9,0,[],False,False
wseg_001516,,,,,9772,9778,7,7,0,3837.12,3838.8,1.680000000000291,,0.0,0.0,0,0,7,0,[],False,False
wseg_001517,,,,,9779,9787,9,9,0,3838.8,3841.2,2.399999999999636,,0.08000000000038199,0.08000000000038199,1,0,9,0,[],False,False
wseg_001518,,,,,9788,9799,12,12,0,3841.2,3843.92,2.7200000000002547,,0.03999999999996362,0.07999999999992724,2,0,12,0,[],False,False
wseg_001519,,,,,9800,9806,7,7,0,3843.96,3845.74,1.7799999999997453,,0.09999999999990905,0.09999999999990905,1,0,7,0,[],False,False
wseg_001520,,,,,9807,9810,4,4,0,3845.74,3847.24,1.5,,0.0,0.0,0,0,4,0,[],False,False
wseg_001521,,,,,9811,9815,5,5,0,3847.24,3848.8,1.5600000000004002,,0.0,0.0,0,0,5,0,[],False,False
wseg_001522,,,,,9816,9820,5,5,0,3848.8,3851.5,2.699999999999818,,0.5399999999999636,0.5399999999999636,1,0,5,0,[],False,False
wseg_001523,,,,,9821,9826,6,6,0,3852.04,3854.38,2.3400000000001455,,0.11999999999989086,0.11999999999989086,1,0,6,0,[],False,False
wseg_001524,,,,,9827,9832,6,6,0,3854.38,3856.0,1.6199999999998909,,0.5399999999999636,0.5399999999999636,1,0,6,0,[],False,False
wseg_001525,,,,,9833,9836,4,4,0,3856.54,3857.98,1.4400000000000546,,0.0,0.0,0,0,4,0,[],False,False
wseg_001526,,,,,9837,9841,5,5,0,3857.98,3860.12,2.1399999999998727,,0.0,0.0,0,0,5,0,[],False,False
wseg_001527,,,,,9842,9848,7,7,0,3860.12,3862.0,1.8800000000001091,,0.0,0.0,0,0,7,0,[],False,False
wseg_001528,,,,,9849,9854,6,6,0,3862.0,3863.82,1.8200000000001637,,0.0,0.0,0,0,6,0,[],False,False
wseg_001529,,,,,9855,9860,6,6,0,3863.82,3865.84,2.019999999999982,,0.0,0.0,0,0,6,0,[],False,False
wseg_001530,,,,,9861,9866,6,6,0,3865.84,3867.78,1.9400000000000546,,0.0,0.0,0,0,6,0,[],False,False
wseg_001531,,,,,9867,9869,3,3,0,3867.78,3868.58,0.7999999999997272,,0.0,0.0,0,0,3,0,[],False,False
wseg_001532,,,,,9870,9879,10,10,0,3868.58,3871.74,3.1599999999998545,,0.0,0.0,0,0,10,0,[],False,False
wseg_001533,,,,,9880,9887,8,8,0,3871.74,3873.9,2.1600000000003092,,0.05999999999994543,0.05999999999994543,1,0,8,0,[],False,False
wseg_001534,,,,,9888,9896,9,9,0,3873.96,3876.42,2.4600000000000364,,0.24000000000023647,0.24000000000023647,1,0,9,0,[],False,False
wseg_001535,,,,,9897,9905,9,9,0,3876.42,3878.32,1.900000000000091,,0.8999999999996362,0.8999999999996362,1,0,9,0,[],False,False
wseg_001536,,,,,9906,9906,1,1,0,3879.22,3879.7,0.4800000000000182,,0.0,0.0,0,0,1,0,[],False,False
wseg_001537,,,,,9907,9915,9,9,0,3879.7,3881.98,2.2800000000002,,0.0,0.0,0,0,9,0,[],False,False
wseg_001538,,,,,9916,9923,8,8,0,3881.98,3883.88,1.900000000000091,,0.20000000000027285,0.20000000000027285,1,0,8,0,[],False,False
wseg_001539,,,,,9924,9931,8,8,0,3883.88,3886.04,2.1599999999998545,,0.0,0.0,0,0,8,0,[],False,False
wseg_001540,,,,,9932,9937,6,6,0,3886.04,3887.7,1.6599999999998545,,0.13999999999987267,0.13999999999987267,1,0,6,0,[],False,False
wseg_001541,,,,,9938,9942,5,5,0,3887.7,3889.96,2.2600000000002183,,0.8800000000001091,0.8800000000001091,1,0,5,0,[],False,False
wseg_001542,,,,,9943,9946,4,4,0,3890.84,3892.36,1.5199999999999818,,0.0,0.0,0,0,4,0,[],False,False
wseg_001543,,,,,9947,9951,5,5,0,3892.36,3894.1,1.7399999999997817,,0.0,0.0,0,0,5,0,[],False,False
wseg_001544,,,,,9952,9955,4,4,0,3894.1,3895.58,1.4800000000000182,,0.0,0.0,0,0,4,0,[],False,False
wseg_001545,,,,,9956,9959,4,4,0,3895.58,3896.88,1.300000000000182,,0.0,0.0,0,0,4,0,[],False,False
wseg_001546,,,,,9960,9965,6,6,0,3896.88,3898.76,1.8800000000001091,,0.0,0.0,0,0,6,0,[],False,False
wseg_001547,,,,,9966,9974,9,9,0,3898.76,3901.4,2.6399999999998727,,0.4800000000000182,0.4800000000000182,1,0,9,0,[],False,False
wseg_001548,,,,,9975,9983,9,9,0,3901.88,3903.94,2.0599999999999454,,0.05999999999994543,0.07999999999992724,2,0,9,0,[],False,False
wseg_001549,,,,,9984,9987,4,4,0,3903.96,3905.76,1.800000000000182,,0.0,0.0,0,0,4,0,[],False,False
wseg_001550,,,,,9988,9993,6,6,0,3905.76,3907.22,1.4599999999995816,,0.0,0.0,0,0,6,0,[],False,False
wseg_001551,,,,,9994,9999,6,6,0,3907.22,3908.56,1.3400000000001455,,0.7400000000002365,0.7400000000002365,1,0,6,0,[],False,False
wseg_001552,,,,,10000,10005,6,6,0,3909.3,3910.58,1.2799999999997453,,0.0,0.0,0,0,6,0,[],False,False
wseg_001553,,,,,10006,10014,9,9,0,3910.58,3913.0,2.4200000000000728,,0.0,0.0,0,0,9,0,[],False,False
wseg_001554,,,,,10015,10020,6,6,0,3913.0,3914.8,1.800000000000182,,0.0,0.0,0,0,6,0,[],False,False
wseg_001555,,,,,10021,10029,9,9,0,3914.8,3916.84,2.0399999999999636,,0.8399999999996908,0.8399999999996908,1,0,9,0,[],False,False
wseg_001556,,,,,10030,10034,5,5,0,3917.68,3919.48,1.800000000000182,,0.0,0.0,0,0,5,0,[],False,False
wseg_001557,,,,,10035,10040,6,6,0,3919.48,3921.78,2.300000000000182,,0.0,0.0,0,0,6,0,[],False,False
wseg_001558,,,,,10041,10043,3,3,0,3921.78,3922.18,0.3999999999996362,,0.0,0.0,0,0,3,0,[],False,False
wseg_001559,,,,,10044,10049,6,6,0,3922.18,3924.66,2.480000000000018,,0.2199999999997999,0.2199999999997999,1,0,6,0,[],False,False
wseg_001560,,,,,10050,10055,6,6,0,3924.66,3926.88,2.2200000000002547,,0.0,0.0,0,0,6,0,[],False,False
wseg_001561,,,,,10056,10060,5,5,0,3926.88,3928.36,1.4800000000000182,,0.0,0.0,0,0,5,0,[],False,False
wseg_001562,,,,,10061,10066,6,6,0,3928.36,3930.02,1.6599999999998545,,0.0,0.0,0,0,6,0,[],False,False
wseg_001563,,,,,10067,10075,9,9,0,3930.02,3932.98,2.9600000000000364,,0.9800000000000182,0.9800000000000182,1,0,9,0,[],False,False
wseg_001564,,,,,10076,10081,6,6,0,3933.96,3935.96,2.0,,0.0,0.0,0,0,6,0,[],False,False
wseg_001565,,,,,10082,10088,7,7,0,3935.96,3938.6,2.6399999999998727,,0.0,0.0,0,0,7,0,[],False,False
wseg_001566,,,,,10089,10094,6,6,0,3938.6,3940.26,1.6600000000003092,,0.09999999999990905,0.09999999999990905,1,0,6,0,[],False,False
wseg_001567,,,,,10095,10097,3,3,0,3940.26,3941.46,1.199999999999818,,0.0,0.0,0,0,3,0,[],False,False
wseg_001568,,,,,10098,10103,6,6,0,3941.46,3943.3,1.8400000000001455,,0.0,0.0,0,0,6,0,[],False,False
wseg_001569,,,,,10104,10108,5,5,0,3943.3,3945.58,2.2799999999997453,,0.0,0.0,0,0,5,0,[],False,False
wseg_001570,,,,,10109,10113,5,5,0,3945.58,3946.84,1.2600000000002183,,0.0,0.0,0,0,5,0,[],False,False
wseg_001571,,,,,10114,10119,6,6,0,3946.84,3949.42,2.5799999999999272,,0.0,0.0,0,0,6,0,[],False,False
wseg_001572,,,,,10120,10130,11,11,0,3949.42,3951.58,2.1599999999998545,,0.0,0.0,0,0,11,0,[],False,False
wseg_001573,,,,,10131,10136,6,6,0,3951.58,3953.92,2.3400000000001455,,0.0,0.0,0,0,6,0,[],False,False
wseg_001574,,,,,10137,10141,5,5,0,3953.92,3955.06,1.1399999999998727,,0.6599999999998545,0.6599999999998545,1,0,5,0,[],False,False
wseg_001575,,,,,10142,10150,9,9,0,3955.72,3957.66,1.9400000000000546,,0.01999999999998181,0.01999999999998181,1,0,9,0,[],False,False
wseg_001576,,,,,10151,10159,9,9,0,3957.66,3960.0,2.3400000000001455,,0.0,0.0,0,0,9,0,[],False,False
wseg_001577,,,,,10160,10165,6,6,0,3960.0,3962.13,2.130000000000109,,0.38999999999987267,0.38999999999987267,1,0,6,0,[],False,False
wseg_001578,,,,,10166,10169,4,4,0,3962.52,3963.4,0.8800000000001091,,0.5599999999999454,0.5599999999999454,1,0,4,0,[],False,False
wseg_001579,,,,,10170,10175,6,6,0,3963.96,3965.86,1.900000000000091,,0.0,0.0,0,0,6,0,[],False,False
wseg_001580,,,,,10176,10179,4,4,0,3965.86,3966.7,0.8399999999996908,,0.0,0.0,0,0,4,0,[],False,False
wseg_001581,,,,,10180,10184,5,5,0,3966.7,3969.02,2.3200000000001637,,0.0,0.0,0,0,5,0,[],False,False
wseg_001582,,,,,10185,10190,6,6,0,3969.02,3971.76,2.7400000000002365,,0.0,0.0,0,0,6,0,[],False,False
wseg_001583,,,,,10191,10193,3,3,0,3971.76,3972.8,1.0399999999999636,,0.0,0.0,0,0,3,0,[],False,False
wseg_001584,,,,,10194,10198,5,5,0,3972.8,3974.92,2.119999999999891,,0.0,0.0,0,0,5,0,[],False,False
wseg_001585,,,,,10199,10209,11,11,0,3974.92,3977.26,2.3400000000001455,,0.0,0.0,0,0,11,0,[],False,False
wseg_001586,,,,,10210,10217,8,8,0,3977.26,3979.94,2.6799999999998363,,0.0,0.0,0,0,8,0,[],False,False
wseg_001587,,,,,10218,10223,6,6,0,3979.94,3982.04,2.099999999999909,,0.0,0.0,0,0,6,0,[],False,False
wseg_001588,,,,,10224,10228,5,5,0,3982.04,3983.22,1.1799999999998363,,0.0,0.0,0,0,5,0,[],False,False
wseg_001589,,,,,10229,10235,7,7,0,3983.22,3985.62,2.400000000000091,,0.680000000000291,0.680000000000291,1,0,7,0,[],False,False
wseg_001590,,,,,10236,10241,6,6,0,3986.3,3988.2,1.8999999999996362,,0.0,0.0,0,0,6,0,[],False,False
wseg_001591,,,,,10242,10248,7,7,0,3988.2,3989.8,1.6000000000003638,,0.0,0.0,0,0,7,0,[],False,False
wseg_001592,,,,,10249,10255,7,7,0,3989.8,3991.88,2.0799999999999272,,0.0,0.0,0,0,7,0,[],False,False
wseg_001593,,,,,10256,10259,4,4,0,3991.88,3994.36,2.480000000000018,,0.0,0.0,0,0,4,0,[],False,False
wseg_001594,,,,,10260,10264,5,5,0,3994.36,3996.72,2.3599999999996726,,0.0,0.0,0,0,5,0,[],False,False
wseg_001595,,,,,10265,10268,4,4,0,3996.72,3998.98,2.2600000000002183,,0.0,0.0,0,0,4,0,[],False,False
wseg_001596,,,,,10269,10273,5,5,0,3998.98,4000.36,1.3800000000001091,,0.0,0.0,0,0,5,0,[],False,False
wseg_001597,,,,,10274,10278,5,5,0,4000.36,4002.26,1.900000000000091,,0.7599999999997635,0.7599999999997635,1,0,5,0,[],False,False
wseg_001598,,,,,10279,10280,2,2,0,4003.02,4004.22,1.199999999999818,,0.0,0.0,0,0,2,0,[],False,False
wseg_001599,,,,,10281,10283,3,3,0,4004.22,4005.52,1.300000000000182,,0.0,0.0,0,0,3,0,[],False,False
wseg_001600,,,,,10284,10287,4,4,0,4005.52,4006.54,1.0199999999999818,,0.0,0.0,0,0,4,0,[],False,False
wseg_001601,,,,,10288,10291,4,4,0,4006.54,4008.3,1.7600000000002183,,0.0,0.0,0,0,4,0,[],False,False
wseg_001602,,,,,10292,10295,4,4,0,4008.3,4009.64,1.3399999999996908,,0.0,0.0,0,0,4,0,[],False,False
wseg_001603,,,,,10296,10301,6,6,0,4009.64,4011.9,2.2600000000002183,,0.05999999999994543,0.05999999999994543,1,0,6,0,[],False,False
wseg_001604,,,,,10302,10309,8,8,0,4011.9,4014.6,2.699999999999818,,0.0,0.0,0,0,8,0,[],False,False
wseg_001605,,,,,10310,10317,8,8,0,4014.6,4017.16,2.5599999999999454,,0.0,0.0,0,0,8,0,[],False,False
wseg_001606,,,,,10318,10326,9,9,0,4017.16,4020.26,3.100000000000364,,0.0,0.0,0,0,9,0,[],False,False
wseg_001607,,,,,10327,10334,8,8,0,4020.26,4021.86,1.599999999999909,,0.01999999999998181,0.01999999999998181,1,0,8,0,[],False,False
wseg_001608,,,,,10335,10336,2,2,0,4021.88,4022.54,0.6599999999998545,,0.0,0.0,0,0,2,0,[],False,False
wseg_001609,,,,,10337,10345,9,9,0,4022.54,4025.42,2.880000000000109,,0.0,0.0,0,0,9,0,[],False,False
wseg_001610,,,,,10346,10354,9,9,0,4025.42,4028.1,2.6799999999998363,,0.0,0.0,0,0,9,0,[],False,False
wseg_001611,,,,,10355,10362,8,8,0,4028.1,4030.1200000000003,2.0200000000004366,,0.5399999999995089,0.5399999999995089,1,0,8,0,[],False,False
wseg_001612,,,,,10363,10367,5,5,0,4030.66,4032.0,1.3400000000001455,,0.0,0.0,0,0,5,0,[],False,False
wseg_001613,,,,,10368,10369,2,2,0,4032.0,4033.24,1.2399999999997817,,0.0,0.0,0,0,2,0,[],False,False
wseg_001614,,,,,10370,10376,7,7,0,4033.24,4035.78,2.5400000000004184,,0.0,0.0,0,0,7,0,[],False,False
wseg_001615,,,,,10377,10381,5,5,0,4035.78,4036.66,0.8799999999996544,,0.0,0.0,0,0,5,0,[],False,False
wseg_001616,,,,,10382,10386,5,5,0,4036.66,4038.94,2.2800000000002,,0.0,0.0,0,0,5,0,[],False,False
wseg_001617,,,,,10387,10392,6,6,0,4038.94,4041.12,2.1799999999998363,,0.7400000000002365,0.7400000000002365,1,0,6,0,[],False,False
wseg_001618,,,,,10393,10398,6,6,0,4041.86,4043.76,1.900000000000091,,0.9600000000000364,0.9600000000000364,1,0,6,0,[],False,False
wseg_001619,,,,,10399,10400,2,2,0,4044.7200000000003,4045.76,1.0399999999999636,,0.0,0.0,0,0,2,0,[],False,False
wseg_001620,,,,,10401,10406,6,6,0,4045.76,4047.32,1.5599999999999454,,0.0,0.0,0,0,6,0,[],False,False
wseg_001621,,,,,10407,10413,7,7,0,4047.32,4048.94,1.6199999999998909,,0.0,0.0,0,0,7,0,[],False,False
wseg_001622,,,,,10414,10419,6,6,0,4048.94,4050.8,1.8600000000001273,,1.0799999999999272,1.0799999999999272,1,0,6,0,[],False,False
wseg_001623,,,,,10420,10425,6,6,0,4051.88,4052.82,0.9400000000000546,,0.11999999999989086,0.11999999999989086,1,0,6,0,[],False,False
wseg_001624,,,,,10426,10433,8,8,0,4052.82,4055.36,2.5399999999999636,,0.36000000000012733,0.36000000000012733,1,0,8,0,[],False,False
wseg_001625,,,,,10434,10441,8,8,0,4055.7200000000003,4058.28,2.5599999999999454,,0.0,0.0,0,0,8,0,[],False,False
wseg_001626,,,,,10442,10443,2,2,0,4058.28,4059.82,1.5399999999999636,,0.0,0.0,0,0,2,0,[],False,False
wseg_001627,,,,,10444,10452,9,9,0,4059.82,4061.88,2.0599999999999454,,0.0,0.0,0,0,9,0,[],False,False
wseg_001628,,,,,10453,10457,5,5,0,4061.88,4064.28,2.400000000000091,,0.0,0.0,0,0,5,0,[],False,False
wseg_001629,,,,,10458,10462,5,5,0,4064.28,4066.38,2.099999999999909,,0.5199999999999818,0.5199999999999818,1,0,5,0,[],False,False
wseg_001630,,,,,10463,10468,6,6,0,4066.9,4067.88,0.9800000000000182,,0.05999999999994543,0.05999999999994543,1,0,6,0,[],False,False
wseg_001631,,,,,10469,10475,7,7,0,4067.88,4069.84,1.9600000000000364,,0.0,0.0,0,0,7,0,[],False,False
wseg_001632,,,,,10476,10481,6,6,0,4069.84,4071.76,1.9200000000000728,,0.0,0.0,0,0,6,0,[],False,False
wseg_001633,,,,,10482,10487,6,6,0,4071.76,4072.98,1.2199999999998,,0.0,0.0,0,0,6,0,[],False,False
wseg_001634,,,,,10488,10495,8,8,0,4072.98,4075.8,2.8200000000001637,,0.11999999999989086,0.11999999999989086,1,0,8,0,[],False,False
wseg_001635,,,,,10496,10505,10,10,0,4075.8,4077.66,1.8599999999996726,,0.0,0.0,0,0,10,0,[],False,False
wseg_001636,,,,,10506,10513,8,8,0,4077.66,4079.98,2.3200000000001637,,0.3200000000001637,0.3200000000001637,1,0,8,0,[],False,False
wseg_001637,,,,,10514,10517,4,4,0,4079.98,4080.66,0.6799999999998363,,1.2800000000002,1.2800000000002,1,0,4,0,[],False,False
wseg_001638,,,,,10518,10523,6,6,0,4081.94,4083.56,1.6199999999998909,,0.0,0.0,0,0,6,0,[],False,False
wseg_001639,,,,,10524,10528,5,5,0,4083.56,4085.64,2.0799999999999272,,0.0,0.0,0,0,5,0,[],False,False
wseg_001640,,,,,10529,10533,5,5,0,4085.64,4087.34,1.7000000000002728,,0.7800000000002001,0.7800000000002001,1,0,5,0,[],False,False
wseg_001641,,,,,10534,10535,2,2,0,4088.1200000000003,4089.18,1.0599999999994907,,0.01999999999998181,0.01999999999998181,1,0,2,0,[],False,False
wseg_001642,,,,,10536,10540,5,5,0,4089.18,4091.2,2.019999999999982,,0.0,0.0,0,0,5,0,[],False,False
wseg_001643,,,,,10541,10546,6,6,0,4091.2,4092.58,1.3800000000001091,,0.0,0.0,0,0,6,0,[],False,False
wseg_001644,,,,,10547,10552,6,6,0,4092.58,4094.16,1.5799999999999272,,0.0,0.0,0,0,6,0,[],False,False
wseg_001645,,,,,10553,10559,7,7,0,4094.16,4095.86,1.7000000000002728,,0.0,0.0,0,0,7,0,[],False,False
wseg_001646,,,,,10560,10566,7,7,0,4095.86,4097.74,1.8799999999996544,,0.0,0.0,0,0,7,0,[],False,False
wseg_001647,,,,,10567,10572,6,6,0,4097.74,4101.28,3.5399999999999636,,0.6000000000003638,0.6000000000003638,1,0,6,0,[],False,False
wseg_001648,,,,,10573,10575,3,3,0,4101.88,4103.14,1.2600000000002183,,0.7100000000000364,0.7100000000000364,1,0,3,0,[],False,False
wseg_001649,,,,,10576,10580,5,5,0,4103.85,4105.56,1.7100000000000364,,0.0,0.0,0,0,5,0,[],False,False
wseg_001650,,,,,10581,10583,3,3,0,4105.56,4106.62,1.0599999999994907,,0.0,0.0,0,0,3,0,[],False,False
wseg_001651,,,,,10584,10588,5,5,0,4106.62,4109.52,2.9000000000005457,,0.0,0.0,0,0,5,0,[],False,False
wseg_001652,,,,,10589,10592,4,4,0,4109.52,4110.58,1.0599999999994907,,0.0,0.0,0,0,4,0,[],False,False
wseg_001653,,,,,10593,10597,5,5,0,4110.58,4112.02,1.4400000000005093,,0.0,0.0,0,0,5,0,[],False,False
wseg_001654,,,,,10598,10604,7,7,0,4112.02,4114.66,2.639999999999418,,0.0,0.0,0,0,7,0,[],False,False
wseg_001655,,,,,10605,10612,8,8,0,4114.66,4116.62,1.9600000000000364,,0.0,0.0,0,0,8,0,[],False,False
wseg_001656,,,,,10613,10621,9,9,0,4116.62,4119.46,2.8400000000001455,,0.0,0.0,0,0,9,0,[],False,False
wseg_001657,,,,,10622,10628,7,7,0,4119.46,4121.56,2.100000000000364,,0.040000000000873115,0.040000000000873115,1,0,7,0,[],False,False
wseg_001658,,,,,10629,10636,8,8,0,4121.56,4123.36,1.7999999999992724,,0.0,0.0,0,0,8,0,[],False,False
wseg_001659,,,,,10637,10641,5,5,0,4123.36,4124.8,1.4400000000005093,,0.0,0.0,0,0,5,0,[],False,False
wseg_001660,,,,,10642,10647,6,6,0,4124.8,4126.24,1.4399999999995998,,0.0,0.0,0,0,6,0,[],False,False
wseg_001661,,,,,10648,10657,10,10,0,4126.24,4129.18,2.9400000000005093,,0.03999999999996362,0.03999999999996362,1,0,10,0,[],False,False
wseg_001662,,,,,10658,10663,6,6,0,4129.18,4131.48,2.2999999999992724,,0.0,0.0,0,0,6,0,[],False,False
wseg_001663,,,,,10664,10665,2,2,0,4131.48,4132.48,1.0,,0.040000000000873115,0.040000000000873115,1,0,2,0,[],False,False
wseg_001664,,,,,10666,10670,5,5,0,4132.52,4134.08,1.5599999999994907,,0.0,0.0,0,0,5,0,[],False,False
wseg_001665,,,,,10671,10678,8,8,0,4134.08,4136.28,2.199999999999818,,0.0,0.0,0,0,8,0,[],False,False
wseg_001666,,,,,10679,10684,6,6,0,4136.28,4137.98,1.699999999999818,,1.5400000000008731,1.5400000000008731,1,0,6,0,[],False,False
wseg_001667,,,,,10685,10689,5,5,0,4139.52,4141.24,1.7199999999993452,,0.0,0.0,0,0,5,0,[],False,False
wseg_001668,,,,,10690,10695,6,6,0,4141.24,4143.44,2.199999999999818,,0.0,0.0,0,0,6,0,[],False,False
wseg_001669,,,,,10696,10700,5,5,0,4143.44,4144.34,0.9000000000005457,,0.0,0.0,0,0,5,0,[],False,False
wseg_001670,,,,,10701,10705,5,5,0,4144.34,4146.28,1.9399999999995998,,0.0,0.0,0,0,5,0,[],False,False
wseg_001671,,,,,10706,10710,5,5,0,4146.28,4149.62,3.3400000000001455,,0.0,0.0,0,0,5,0,[],False,False
wseg_001672,,,,,10711,10713,3,3,0,4149.62,4150.64,1.0200000000004366,,0.0,0.0,0,0,3,0,[],False,False
wseg_001673,,,,,10714,10720,7,7,0,4150.64,4152.36,1.7199999999993452,,0.0,0.0,0,0,7,0,[],False,False
wseg_001674,,,,,10721,10727,7,7,0,4152.36,4154.5,2.1400000000003274,,0.0,0.0,0,0,7,0,[],False,False
wseg_001675,,,,,10728,10733,6,6,0,4154.5,4157.86,3.3599999999996726,,0.6199999999998909,0.6199999999998909,1,0,6,0,[],False,False
wseg_001676,,,,,10734,10738,5,5,0,4158.48,4159.84,1.360000000000582,,0.0,0.0,0,0,5,0,[],False,False
wseg_001677,,,,,10739,10745,7,7,0,4159.84,4162.02,2.180000000000291,,0.0,0.0,0,0,7,0,[],False,False
wseg_001678,,,,,10746,10752,7,7,0,4162.02,4163.7,1.6799999999993815,,0.0,0.0,0,0,7,0,[],False,False
wseg_001679,,,,,10753,10758,6,6,0,4163.7,4165.28,1.5799999999999272,,0.0,0.0,0,0,6,0,[],False,False
wseg_001680,,,,,10759,10762,4,4,0,4165.28,4167.32,2.0399999999999636,,0.0,0.0,0,0,4,0,[],False,False
wseg_001681,,,,,10763,10766,4,4,0,4167.32,4169.3,1.980000000000473,,0.22000000000025466,0.22000000000025466,1,0,4,0,[],False,False
wseg_001682,,,,,10767,10769,3,3,0,4169.52,4170.26,0.7399999999997817,,0.0,0.0,0,0,3,0,[],False,False
wseg_001683,,,,,10770,10774,5,5,0,4170.26,4172.28,2.019999999999527,,0.0,0.0,0,0,5,0,[],False,False
wseg_001684,,,,,10775,10784,10,10,0,4172.28,4174.48,2.199999999999818,,0.0,0.0,0,0,10,0,[],False,False
wseg_001685,,,,,10785,10789,5,5,0,4174.48,4175.96,1.480000000000473,,0.0,0.0,0,0,5,0,[],False,False
wseg_001686,,,,,10790,10799,10,10,0,4175.96,4178.6,2.6400000000003274,,0.6999999999998181,0.6999999999998181,1,0,10,0,[],False,False
wseg_001687,,,,,10800,10808,9,9,0,4179.3,4181.2,1.8999999999996362,,0.1999999999998181,0.1999999999998181,1,0,9,0,[],False,False
wseg_001688,,,,,10809,10813,5,5,0,4181.2,4182.9,1.699999999999818,,0.4400000000005093,0.4400000000005093,1,0,5,0,[],False,False
wseg_001689,,,,,10814,10820,7,7,0,4183.34,4184.92,1.5799999999999272,,0.0,0.0,0,0,7,0,[],False,False
wseg_001690,,,,,10821,10827,7,7,0,4184.92,4186.66,1.7399999999997817,,0.0,0.0,0,0,7,0,[],False,False
wseg_001691,,,,,10828,10832,5,5,0,4186.66,4188.92,2.2600000000002183,,0.0,0.0,0,0,5,0,[],False,False
wseg_001692,,,,,10833,10839,7,7,0,4188.92,4192.02,3.100000000000364,,0.0,0.0,0,0,7,0,[],False,False
wseg_001693,,,,,10840,10844,5,5,0,4192.02,4193.5,1.4799999999995634,,0.0,0.0,0,0,5,0,[],False,False
wseg_001694,,,,,10845,10851,7,7,0,4193.5,4195.44,1.9399999999995998,,0.0,0.0,0,0,7,0,[],False,False
wseg_001695,,,,,10852,10854,3,3,0,4195.44,4197.22,1.7800000000006548,,0.0,0.0,0,0,3,0,[],False,False
wseg_001696,,,,,10855,10859,5,5,0,4197.22,4198.7,1.4799999999995634,,0.8200000000006185,0.8200000000006185,1,0,5,0,[],False,False
wseg_001697,,,,,10860,10867,8,8,0,4199.52,4202.16,2.639999999999418,,0.03999999999996362,0.03999999999996362,1,0,8,0,[],False,False
wseg_001698,,,,,10868,10871,4,4,0,4202.16,4203.52,1.360000000000582,,0.0,0.0,0,0,4,0,[],False,False
wseg_001699,,,,,10872,10878,7,7,0,4203.52,4205.24,1.7199999999993452,,0.0,0.0,0,0,7,0,[],False,False
wseg_001700,,,,,10879,10888,10,10,0,4205.24,4207.16,1.9200000000000728,,0.0,0.0,0,0,10,0,[],False,False
wseg_001701,,,,,10889,10892,4,4,0,4207.16,4209.2,2.0399999999999636,,0.0,0.0,0,0,4,0,[],False,False
wseg_001702,,,,,10893,10901,9,9,0,4209.2,4211.84,2.6400000000003274,,0.0,0.0,0,0,9,0,[],False,False
wseg_001703,,,,,10902,10908,7,7,0,4211.84,4213.88,2.0399999999999636,,0.0,0.0,0,0,7,0,[],False,False
wseg_001704,,,,,10909,10913,5,5,0,4213.88,4216.44,2.5599999999994907,,0.0,0.0,0,0,5,0,[],False,False
wseg_001705,,,,,10914,10918,5,5,0,4216.44,4217.62,1.180000000000291,,0.5999999999994543,0.5999999999994543,1,0,5,0,[],False,False
wseg_001706,,,,,10919,10922,4,4,0,4218.219999999999,4219.58,1.360000000000582,,0.0,0.0,0,0,4,0,[],False,False
wseg_001707,,,,,10923,10928,6,6,0,4219.58,4221.74,2.1599999999998545,,0.0,0.0,0,0,6,0,[],False,False
wseg_001708,,,,,10929,10932,4,4,0,4221.74,4223.18,1.4400000000005093,,0.0,0.0,0,0,4,0,[],False,False
wseg_001709,,,,,10933,10941,9,9,0,4223.18,4225.26,2.0799999999999272,,0.0,0.0,0,0,9,0,[],False,False
wseg_001710,,,,,10942,10946,5,5,0,4225.26,4226.48,1.2199999999993452,,0.0,0.0,0,0,5,0,[],False,False
wseg_001711,,,,,10947,10951,5,5,0,4226.48,4228.7,2.2200000000002547,,0.8200000000006185,0.8200000000006185,1,0,5,0,[],False,False
wseg_001712,,,,,10952,10957,6,6,0,4229.52,4230.84,1.319999999999709,,0.6399999999994179,0.6399999999994179,1,0,6,0,[],False,False
wseg_001713,,,,,10958,10961,4,4,0,4231.48,4233.2,1.7200000000002547,,0.0,0.0,0,0,4,0,[],False,False
wseg_001714,,,,,10962,10966,5,5,0,4233.2,4234.84,1.6400000000003274,,0.0,0.0,0,0,5,0,[],False,False
wseg_001715,,,,,10967,10973,7,7,0,4234.84,4236.34,1.5,,0.0,0.0,0,0,7,0,[],False,False
wseg_001716,,,,,10974,10978,5,5,0,4236.34,4238.84,2.5,,0.0,0.0,0,0,5,0,[],False,False
wseg_001717,,,,,10979,10984,6,6,0,4238.84,4241.58,2.7399999999997817,,0.0,0.0,0,0,6,0,[],False,False
wseg_001718,,,,,10985,10989,5,5,0,4241.58,4243.24,1.6599999999998545,,0.14000000000032742,0.14000000000032742,1,0,5,0,[],False,False
wseg_001719,,,,,10990,10998,9,9,0,4243.24,4245.18,1.9400000000005093,,0.0,0.0,0,0,9,0,[],False,False
wseg_001720,,,,,10999,11004,6,6,0,4245.18,4247.08,1.8999999999996362,,0.1999999999998181,0.1999999999998181,1,0,6,0,[],False,False
wseg_001721,,,,,11005,11008,4,4,0,4247.08,4249.12,2.0399999999999636,,0.0,0.0,0,0,4,0,[],False,False
wseg_001722,,,,,11009,11012,4,4,0,4249.12,4251.28,2.1599999999998545,,0.0,0.0,0,0,4,0,[],False,False
wseg_001723,,,,,11013,11017,5,5,0,4251.28,4252.78,1.5,,0.0,0.0,0,0,5,0,[],False,False
wseg_001724,,,,,11018,11024,7,7,0,4252.78,4254.36,1.5799999999999272,,0.0,0.0,0,0,7,0,[],False,False
wseg_001725,,,,,11025,11029,5,5,0,4254.36,4258.02,3.660000000000764,,0.0,0.0,0,0,5,0,[],False,False
wseg_001726,,,,,11030,11033,4,4,0,4258.02,4259.5,1.4799999999995634,,0.020000000000436557,0.020000000000436557,1,0,4,0,[],False,False
wseg_001727,,,,,11034,11036,3,3,0,4259.52,4260.22,0.6999999999998181,,0.0,0.0,0,0,3,0,[],False,False
wseg_001728,,,,,11037,11041,5,5,0,4260.22,4263.36,3.139999999999418,,0.0,0.0,0,0,5,0,[],False,False
wseg_001729,,,,,11042,11049,8,8,0,4263.36,4265.74,2.380000000000109,,0.0,0.0,0,0,8,0,[],False,False
wseg_001730,,,,,11050,11052,3,3,0,4265.74,4267.48,1.7399999999997817,,0.0,0.0,0,0,3,0,[],False,False
wseg_001731,,,,,11053,11057,5,5,0,4267.48,4268.86,1.3800000000001091,,0.0,0.0,0,0,5,0,[],False,False
wseg_001732,,,,,11058,11065,8,8,0,4268.86,4271.08,2.2200000000002547,,0.0,0.0,0,0,8,0,[],False,False
wseg_001733,,,,,11066,11069,4,4,0,4271.08,4272.6,1.5200000000004366,,0.0,0.0,0,0,4,0,[],False,False
wseg_001734,,,,,11070,11074,5,5,0,4272.6,4274.58,1.9799999999995634,,0.0,0.0,0,0,5,0,[],False,False
wseg_001735,,,,,11075,11076,2,2,0,4274.58,4276.28,1.699999999999818,,0.0,0.0,0,0,2,0,[],False,False
wseg_001736,,,,,11077,11081,5,5,0,4276.28,4278.28,2.0,,0.0,0.0,0,0,5,0,[],False,False
wseg_001737,,,,,11082,11087,6,6,0,4278.28,4279.78,1.5,,0.0,0.0,0,0,6,0,[],False,False
wseg_001738,,,,,11088,11096,9,9,0,4279.78,4281.92,2.1400000000003274,,0.0,0.0,0,0,9,0,[],False,False
wseg_001739,,,,,11097,11098,2,2,0,4281.92,4282.56,0.6400000000003274,,7.019999999999527,7.019999999999527,1,0,2,0,[],False,False
wseg_001740,,,,,11099,11105,7,7,0,4289.58,4291.72,2.1400000000003274,,0.0,0.0,0,0,7,0,[],False,False
wseg_001741,,,,,11106,11111,6,6,0,4291.72,4293.58,1.8599999999996726,,0.0,0.0,0,0,6,0,[],False,False
wseg_001742,,,,,11112,11114,3,3,0,4293.58,4294.76,1.180000000000291,,0.0,0.0,0,0,3,0,[],False,False
wseg_001743,,,,,11115,11120,6,6,0,4294.76,4295.56,0.8000000000001819,,9.8799999999992,9.8799999999992,1,0,6,0,[],False,False
wseg_001744,,,,,11121,11124,4,4,0,4305.44,4307.24,1.800000000000182,,0.0,0.0,0,0,4,0,[],False,False
wseg_001745,,,,,11125,11127,3,3,0,4307.24,4308.86,1.6199999999998909,,0.0,0.0,0,0,3,0,[],False,False
wseg_001746,,,,,11128,11130,3,3,0,4308.86,4309.78,0.9200000000000728,,0.0,0.0,0,0,3,0,[],False,False
wseg_001747,,,,,11131,11135,5,5,0,4309.78,4311.6,1.8200000000006185,,0.0,0.0,0,0,5,0,[],False,False
wseg_001748,,,,,11136,11142,7,7,0,4311.6,4314.38,2.7799999999997453,,0.0,0.0,0,0,7,0,[],False,False
wseg_001749,,,,,11143,11146,4,4,0,4314.38,4315.56,1.180000000000291,,0.9799999999995634,0.9799999999995634,1,0,4,0,[],False,False
wseg_001750,,,,,11147,11150,4,4,0,4316.54,4317.74,1.199999999999818,,0.48000000000047294,0.48000000000047294,1,0,4,0,[],False,False
wseg_001751,,,,,11151,11153,3,3,0,4318.22,4319.26,1.0399999999999636,,0.0,0.0,0,0,3,0,[],False,False
wseg_001752,,,,,11154,11158,5,5,0,4319.26,4320.46,1.199999999999818,,0.0,0.0,0,0,5,0,[],False,False
wseg_001753,,,,,11159,11167,9,9,0,4320.46,4323.74,3.2799999999997453,,0.0,0.0,0,0,9,0,[],False,False
wseg_001754,,,,,11168,11170,3,3,0,4323.74,4324.14,0.4000000000005457,,0.0,0.0,0,0,3,0,[],False,False
wseg_001755,,,,,11171,11178,8,8,0,4324.14,4326.62,2.4799999999995634,,0.0,0.0,0,0,8,0,[],False,False
wseg_001756,,,,,11179,11184,6,6,0,4326.62,4328.64,2.0200000000004366,,0.6599999999998545,0.6599999999998545,1,0,6,0,[],False,False
wseg_001757,,,,,11185,11188,4,4,0,4329.3,4330.5,1.199999999999818,,0.0,0.0,0,0,4,0,[],False,False
wseg_001758,,,,,11189,11196,8,8,0,4330.5,4333.02,2.5200000000004366,,0.0,0.0,0,0,8,0,[],False,False
wseg_001759,,,,,11197,11201,5,5,0,4333.02,4334.64,1.6199999999998909,,0.0,0.0,0,0,5,0,[],False,False
wseg_001760,,,,,11202,11208,7,7,0,4334.64,4337.28,2.639999999999418,,0.0,0.0,0,0,7,0,[],False,False
wseg_001761,,,,,11209,11214,6,6,0,4337.28,4338.9,1.6199999999998909,,0.0,0.0,0,0,6,0,[],False,False
wseg_001762,,,,,11215,11221,7,7,0,4338.9,4340.9,2.0,,0.8000000000001819,0.8000000000001819,1,0,7,0,[],False,False
wseg_001763,,,,,11222,11225,4,4,0,4341.7,4343.04,1.3400000000001455,,0.0,0.0,0,0,4,0,[],False,False
wseg_001764,,,,,11226,11231,6,6,0,4343.04,4344.94,1.8999999999996362,,0.6200000000008004,0.6200000000008004,1,0,6,0,[],False,False
wseg_001765,,,,,11232,11234,3,3,0,4345.56,4346.62,1.0599999999994907,,0.0,0.0,0,0,3,0,[],False,False
wseg_001766,,,,,11235,11239,5,5,0,4346.62,4348.98,2.3599999999996726,,0.42000000000007276,0.42000000000007276,1,0,5,0,[],False,False
wseg_001767,,,,,11240,11243,4,4,0,4349.4,4352.02,2.6200000000008004,,0.3600000000005821,0.3600000000005821,1,0,4,0,[],False,False
wseg_001768,,,,,11244,11245,2,2,0,4352.02,4353.34,1.319999999999709,,0.0,0.0,0,0,2,0,[],False,False
wseg_001769,,,,,11246,11249,4,4,0,4353.34,4353.86,0.5199999999995271,,0.0,0.0,0,0,4,0,[],False,False
wseg_001770,,,,,11250,11256,7,7,0,4353.86,4355.98,2.119999999999891,,0.03999999999996362,0.03999999999996362,1,0,7,0,[],False,False
wseg_001771,,,,,11257,11261,5,5,0,4355.98,4356.96,0.9800000000004729,,0.0,0.0,0,0,5,0,[],False,False
wseg_001772,,,,,11262,11268,7,7,0,4356.96,4359.7,2.7399999999997817,,0.0,0.0,0,0,7,0,[],False,False
wseg_001773,,,,,11269,11277,9,9,0,4359.7,4362.12,2.4200000000000728,,0.0,0.0,0,0,9,0,[],False,False
wseg_001774,,,,,11278,11282,5,5,0,4362.12,4363.24,1.1199999999998909,,0.0,0.0,0,0,5,0,[],False,False
wseg_001775,,,,,11283,11287,5,5,0,4363.24,4365.4,2.1599999999998545,,0.0,0.0,0,0,5,0,[],False,False
wseg_001776,,,,,11288,11292,5,5,0,4365.4,4368.58,3.180000000000291,,0.0,0.0,0,0,5,0,[],False,False
wseg_001777,,,,,11293,11296,4,4,0,4368.58,4369.86,1.2799999999997453,,0.0,0.0,0,0,4,0,[],False,False
wseg_001778,,,,,11297,11300,4,4,0,4369.86,4371.54,1.680000000000291,,0.0,0.0,0,0,4,0,[],False,False
wseg_001779,,,,,11301,11309,9,9,0,4371.54,4374.36,2.819999999999709,,1.5999999999994543,1.8999999999996362,2,0,9,0,[],False,False
wseg_001780,,,,,11310,11314,5,5,0,4375.959999999999,4377.76,1.8000000000010914,,0.0,0.0,0,0,5,0,[],False,False
wseg_001781,,,,,11315,11319,5,5,0,4377.76,4378.96,1.199999999999818,,0.0,0.0,0,0,5,0,[],False,False
wseg_001782,,,,,11320,11324,5,5,0,4378.96,4380.6,1.6400000000003274,,0.0,0.0,0,0,5,0,[],False,False
wseg_001783,,,,,11325,11328,4,4,0,4380.6,4381.82,1.2199999999993452,,0.0,0.0,0,0,4,0,[],False,False
wseg_001784,,,,,11329,11335,7,7,0,4381.82,4384.14,2.3200000000006185,,0.0,0.0,0,0,7,0,[],False,False
wseg_001785,,,,,11336,11339,4,4,0,4384.14,4387.5,3.3599999999996726,,0.0,0.0,0,0,4,0,[],False,False
wseg_001786,,,,,11340,11343,4,4,0,4387.5,4388.46,0.9600000000000364,,0.0,0.0,0,0,4,0,[],False,False
wseg_001787,,,,,11344,11348,5,5,0,4388.46,4390.06,1.6000000000003638,,0.0,0.0,0,0,5,0,[],False,False
wseg_001788,,,,,11349,11353,5,5,0,4390.06,4392.14,2.0799999999999272,,0.0,0.0,0,0,5,0,[],False,False
wseg_001789,,,,,11354,11360,7,7,0,4392.14,4394.56,2.4200000000000728,,0.0,0.0,0,0,7,0,[],False,False
wseg_001790,,,,,11361,11369,9,9,0,4394.56,4396.86,2.2999999999992724,,0.0,0.0,0,0,9,0,[],False,False
wseg_001791,,,,,11370,11375,6,6,0,4396.86,4398.32,1.4600000000000364,,0.0,0.0,0,0,6,0,[],False,False
wseg_001792,,,,,11376,11383,8,8,0,4398.32,4400.66,2.3400000000001455,,0.0,0.0,0,0,8,0,[],False,False
wseg_001793,,,,,11384,11392,9,9,0,4400.66,4402.3,1.6400000000003274,,0.0,0.0,0,0,9,0,[],False,False
wseg_001794,,,,,11393,11394,2,2,0,4402.3,4402.74,0.4399999999995998,,0.0,0.0,0,0,2,0,[],False,False
wseg_001795,,,,,11395,11401,7,7,0,4402.74,4405.46,2.7200000000002547,,0.8599999999987631,0.8599999999987631,1,0,7,0,[],False,False
wseg_001796,,,,,11402,11406,5,5,0,4406.319999999999,4407.96,1.640000000001237,,0.0,0.0,0,0,5,0,[],False,False
wseg_001797,,,,,11407,11411,5,5,0,4407.96,4409.5,1.5399999999999636,,0.0,0.0,0,0,5,0,[],False,False
wseg_001798,,,,,11412,11419,8,8,0,4409.5,4411.4,1.8999999999996362,,0.0,0.0,0,0,8,0,[],False,False
wseg_001799,,,,,11420,11425,6,6,0,4411.4,4413.86,2.4600000000000364,,0.0,0.0,0,0,6,0,[],False,False
wseg_001800,,,,,11426,11432,7,7,0,4413.86,4416.72,2.860000000000582,,0.0,0.0,0,0,7,0,[],False,False
wseg_001801,,,,,11433,11439,7,7,0,4416.72,4419.34,2.619999999999891,,0.0,0.0,0,0,7,0,[],False,False
wseg_001802,,,,,11440,11444,5,5,0,4419.34,4420.56,1.2200000000002547,,0.0,0.0,0,0,5,0,[],False,False
wseg_001803,,,,,11445,11446,2,2,0,4420.56,4421.24,0.6799999999993815,,0.0,0.0,0,0,2,0,[],False,False
wseg_001804,,,,,11447,11451,5,5,0,4421.24,4422.76,1.5200000000004366,,0.0,0.0,0,0,5,0,[],False,False
wseg_001805,,,,,11452,11458,7,7,0,4422.76,4424.32,1.5599999999994907,,0.0,0.0,0,0,7,0,[],False,False
wseg_001806,,,,,11459,11465,7,7,0,4424.32,4425.96,1.6400000000003274,,0.0,0.0,0,0,7,0,[],False,False
wseg_001807,,,,,11466,11474,9,9,0,4425.96,4429.14,3.180000000000291,,0.0,0.0,0,0,9,0,[],False,False
wseg_001808,,,,,11475,11480,6,6,0,4429.14,4430.8,1.6599999999998545,,1.5,1.5,1,0,6,0,[],False,False
wseg_001809,,,,,11481,11486,6,6,0,4432.3,4433.06,0.7600000000002183,,0.0,0.0,0,0,6,0,[],False,False
wseg_001810,,,,,11487,11492,6,6,0,4433.06,4434.92,1.8599999999996726,,0.0,0.0,0,0,6,0,[],False,False
wseg_001811,,,,,11493,11497,5,5,0,4434.92,4437.04,2.119999999999891,,0.0,0.0,0,0,5,0,[],False,False
wseg_001812,,,,,11498,11502,5,5,0,4437.04,4438.64,1.6000000000003638,,0.21999999999934516,0.21999999999934516,1,0,5,0,[],False,False
wseg_001813,,,,,11503,11509,7,7,0,4438.86,4441.52,2.660000000000764,,0.5199999999995271,0.5199999999995271,1,0,7,0,[],False,False
wseg_001814,,,,,11510,11515,6,6,0,4442.04,4443.58,1.5399999999999636,,0.15999999999985448,0.23999999999978172,2,0,6,0,[],False,False
wseg_001815,,,,,11516,11521,6,6,0,4443.66,4445.3,1.6400000000003274,,0.11999999999989086,0.14000000000032742,2,0,6,0,[],False,False
wseg_001816,,,,,11522,11525,4,4,0,4445.3,4446.7,1.3999999999996362,,0.0,0.0,0,0,4,0,[],False,False
wseg_001817,,,,,11526,11531,6,6,0,4446.7,4448.96,2.2600000000002183,,0.0,0.0,0,0,6,0,[],False,False
wseg_001818,,,,,11532,11537,6,6,0,4448.96,4451.02,2.0600000000004,,0.0,0.0,0,0,6,0,[],False,False
wseg_001819,,,,,11538,11543,6,6,0,4451.02,4453.66,2.639999999999418,,0.0,0.0,0,0,6,0,[],False,False
wseg_001820,,,,,11544,11548,5,5,0,4453.66,4455.46,1.800000000000182,,0.0,0.0,0,0,5,0,[],False,False
wseg_001821,,,,,11549,11553,5,5,0,4455.46,4457.4,1.9399999999995998,,0.6400000000003274,0.6400000000003274,1,0,5,0,[],False,False
wseg_001822,,,,,11554,11557,4,4,0,4458.04,4459.26,1.2200000000002547,,0.0,0.0,0,0,4,0,[],False,False
wseg_001823,,,,,11558,11564,7,7,0,4459.26,4461.02,1.7600000000002183,,1.2799999999997453,1.2799999999997453,1,0,7,0,[],False,False
wseg_001824,,,,,11565,11571,7,7,0,4462.3,4463.78,1.4799999999995634,,0.820000000001528,0.820000000001528,1,0,7,0,[],False,False
wseg_001825,,,,,11572,11578,7,7,0,4464.600000000001,4466.54,1.9399999999986903,,0.019999999999527063,0.019999999999527063,1,0,7,0,[],False,False
wseg_001826,,,,,11579,11582,4,4,0,4466.54,4467.6,1.0600000000004002,,0.0,0.0,0,0,4,0,[],False,False
wseg_001827,,,,,11583,11589,7,7,0,4467.6,4470.18,2.5799999999999272,,0.0,0.0,0,0,7,0,[],False,False
wseg_001828,,,,,11590,11591,2,2,0,4470.18,4470.92,0.7399999999997817,,0.0,0.0,0,0,2,0,[],False,False
wseg_001829,,,,,11592,11599,8,8,0,4470.92,4473.94,3.019999999999527,,0.03999999999996362,0.03999999999996362,1,0,8,0,[],False,False
wseg_001830,,,,,11600,11605,6,6,0,4473.94,4475.3,1.360000000000582,,0.0,0.0,0,0,6,0,[],False,False
wseg_001831,,,,,11606,11616,11,11,0,4475.3,4477.86,2.5599999999994907,,0.0,0.0,0,0,11,0,[],False,False
wseg_001832,,,,,11617,11620,4,4,0,4477.86,4479.38,1.5200000000004366,,0.0,0.0,0,0,4,0,[],False,False
wseg_001833,,,,,11621,11631,11,11,0,4479.38,4482.26,2.880000000000109,,0.6000000000003638,0.6000000000003638,1,0,11,0,[],False,False
wseg_001834,,,,,11632,11637,6,6,0,4482.860000000001,4484.78,1.9199999999991633,,0.0,0.0,0,0,6,0,[],False,False
wseg_001835,,,,,11638,11642,5,5,0,4484.78,4486.48,1.699999999999818,,0.7600000000002183,0.7600000000002183,1,0,5,0,[],False,False
wseg_001836,,,,,11643,11646,4,4,0,4487.24,4488.72,1.480000000000473,,0.7399999999997817,0.7399999999997817,1,0,4,0,[],False,False
wseg_001837,,,,,11647,11653,7,7,0,4489.46,4491.56,2.100000000000364,,0.0,0.0,0,0,7,0,[],False,False
wseg_001838,,,,,11654,11655,2,2,0,4491.56,4492.04,0.47999999999956344,,0.2600000000002183,0.2600000000002183,1,0,2,0,[],False,False
wseg_001839,,,,,11656,11661,6,6,0,4492.3,4494.34,2.0399999999999636,,0.0,0.0,0,0,6,0,[],False,False
wseg_001840,,,,,11662,11666,5,5,0,4494.34,4496.2,1.8599999999996726,,0.0,0.0,0,0,5,0,[],False,False
wseg_001841,,,,,11667,11672,6,6,0,4496.2,4499.08,2.880000000000109,,0.0,0.0,0,0,6,0,[],False,False
wseg_001842,,,,,11673,11679,7,7,0,4499.08,4500.74,1.6599999999998545,,0.0,0.0,0,0,7,0,[],False,False
wseg_001843,,,,,11680,11685,6,6,0,4500.74,4501.86,1.1199999999998909,,0.0,0.0,0,0,6,0,[],False,False
wseg_001844,,,,,11686,11692,7,7,0,4501.86,4504.1,2.240000000000691,,0.0,0.0,0,0,7,0,[],False,False
wseg_001845,,,,,11693,11697,5,5,0,4504.1,4506.4,2.2999999999992724,,0.0,0.0,0,0,5,0,[],False,False
wseg_001846,,,,,11698,11700,3,3,0,4506.4,4507.42,1.0200000000004366,,0.0,0.0,0,0,3,0,[],False,False
wseg_001847,,,,,11701,11706,6,6,0,4507.42,4509.2,1.7799999999997453,,0.0,0.0,0,0,6,0,[],False,False
wseg_001848,,,,,11707,11712,6,6,0,4509.2,4511.4,2.199999999999818,,0.0,0.0,0,0,6,0,[],False,False
wseg_001849,,,,,11713,11718,6,6,0,4511.4,4512.98,1.5799999999999272,,0.0,0.0,0,0,6,0,[],False,False
wseg_001850,,,,,11719,11723,5,5,0,4512.98,4515.28,2.300000000000182,,0.0,0.0,0,0,5,0,[],False,False
wseg_001851,,,,,11724,11729,6,6,0,4515.28,4518.16,2.880000000000109,,0.0,0.0,0,0,6,0,[],False,False
wseg_001852,,,,,11730,11736,7,7,0,4518.16,4520.52,2.360000000000582,,0.0,0.0,0,0,7,0,[],False,False
wseg_001853,,,,,11737,11743,7,7,0,4520.52,4522.14,1.6199999999998909,,0.5799999999990177,0.5799999999990177,1,0,7,0,[],False,False
wseg_001854,,,,,11744,11747,4,4,0,4522.719999999999,4524.2,1.480000000000473,,0.0,0.0,0,0,4,0,[],False,False
wseg_001855,,,,,11748,11752,5,5,0,4524.2,4525.76,1.5600000000004002,,0.0,0.0,0,0,5,0,[],False,False
wseg_001856,,,,,11753,11757,5,5,0,4525.76,4527.28,1.519999999999527,,0.0,0.0,0,0,5,0,[],False,False
wseg_001857,,,,,11758,11762,5,5,0,4527.28,4529.28,2.0,,0.0,0.0,0,0,5,0,[],False,False
wseg_001858,,,,,11763,11770,8,8,0,4529.28,4532.16,2.880000000000109,,0.0,0.0,0,0,8,0,[],False,False
wseg_001859,,,,,11771,11778,8,8,0,4532.16,4534.42,2.2600000000002183,,0.0,0.0,0,0,8,0,[],False,False
wseg_001860,,,,,11779,11781,3,3,0,4534.42,4535.04,0.6199999999998909,,0.0,0.0,0,0,3,0,[],False,False
wseg_001861,,,,,11782,11791,10,10,0,4535.04,4537.08,2.0399999999999636,,0.0,0.0,0,0,10,0,[],False,False
wseg_001862,,,,,11792,11793,2,2,0,4537.08,4538.3,1.2200000000002547,,0.0,0.0,0,0,2,0,[],False,False
wseg_001863,,,,,11794,11801,8,8,0,4538.3,4541.82,3.519999999999527,,0.0,0.0,0,0,8,0,[],False,False
wseg_001864,,,,,11802,11807,6,6,0,4541.82,4544.42,2.600000000000364,,0.0,0.0,0,0,6,0,[],False,False
wseg_001865,,,,,11808,11811,4,4,0,4544.42,4545.88,1.4600000000000364,,0.0,0.0,0,0,4,0,[],False,False
wseg_001866,,,,,11812,11814,3,3,0,4545.88,4546.8,0.9200000000000728,,0.0,0.0,0,0,3,0,[],False,False
wseg_001867,,,,,11815,11821,7,7,0,4546.8,4548.5,1.699999999999818,,0.0,0.0,0,0,7,0,[],False,False
wseg_001868,,,,,11822,11826,5,5,0,4548.5,4549.84,1.3400000000001455,,2.4600000000000364,2.4600000000000364,1,0,5,0,[],False,False
wseg_001869,,,,,11827,11832,6,6,0,4552.3,4553.4,1.0999999999994543,,0.0,0.0,0,0,6,0,[],False,False
wseg_001870,,,,,11833,11838,6,6,0,4553.4,4555.34,1.9400000000005093,,0.0,0.0,0,0,6,0,[],False,False
wseg_001871,,,,,11839,11841,3,3,0,4555.34,4556.32,0.9799999999995634,,0.0,0.0,0,0,3,0,[],False,False
wseg_001872,,,,,11842,11846,5,5,0,4556.32,4557.88,1.5600000000004002,,0.0,0.0,0,0,5,0,[],False,False
wseg_001873,,,,,11847,11850,4,4,0,4557.88,4559.38,1.5,,0.0,0.0,0,0,4,0,[],False,False
wseg_001874,,,,,11851,11853,3,3,0,4559.38,4560.26,0.8800000000001091,,2.639999999999418,2.639999999999418,1,0,3,0,[],False,False
wseg_001875,,,,,11854,11854,1,1,0,4562.9,4563.5,0.6000000000003638,,2.3599999999996726,2.3599999999996726,1,0,1,0,[],False,False
wseg_001876,,,,,11855,11857,3,3,0,4565.86,4567.1,1.2400000000006912,,0.0,0.0,0,0,3,0,[],False,False
wseg_001877,,,,,11858,11860,3,3,0,4567.1,4568.24,1.139999999999418,,0.0,0.0,0,0,3,0,[],False,False
wseg_001878,,,,,11861,11864,4,4,0,4568.24,4569.4,1.1599999999998545,,0.0,0.0,0,0,4,0,[],False,False
wseg_001879,,,,,11865,11869,5,5,0,4569.4,4570.72,1.3200000000006185,,0.0,0.0,0,0,5,0,[],False,False
wseg_001880,,,,,11870,11873,4,4,0,4570.72,4571.46,0.7399999999997817,,0.0,0.0,0,0,4,0,[],False,False
wseg_001881,,,,,11874,11879,6,6,0,4571.46,4572.62,1.1599999999998545,,1.1199999999998909,1.1199999999998909,1,0,6,0,[],False,False
wseg_001882,,,,,11880,11880,1,1,0,4573.74,4574.34,0.6000000000003638,,0.0,0.0,0,0,1,0,[],False,False
wseg_001883,,,,,11881,11881,1,1,0,4574.34,4575.16,0.819999999999709,,0.8400000000001455,0.8400000000001455,1,1,1,0,[],False,False
wseg_001884,,,,,11882,11882,1,1,0,4576.0,4576.66,0.6599999999998545,,1.6400000000003274,1.6400000000003274,1,1,1,0,[],False,False
wseg_001885,,,,,11883,11886,4,4,0,4578.3,4579.98,1.6799999999993815,,0.680000000000291,0.680000000000291,1,0,4,0,[],False,False
wseg_001886,,,,,11887,11889,3,3,0,4580.66,4582.2,1.5399999999999636,,1.0200000000004366,1.0200000000004366,1,0,3,0,[],False,False
wseg_001887,,,,,11890,11892,3,3,0,4583.22,4584.82,1.5999999999994543,,0.0,0.0,0,0,3,0,[],False,False
wseg_001888,,,,,11893,11899,7,7,0,4584.82,4586.96,2.1400000000003274,,0.0,0.0,0,0,7,0,[],False,False
wseg_001889,,,,,11900,11902,3,3,0,4586.96,4587.82,0.8599999999996726,,1.680000000000291,1.680000000000291,1,0,3,0,[],False,False
wseg_001890,,,,,11903,11904,2,2,0,4589.5,4590.48,0.9799999999995634,,0.0,0.0,0,0,2,0,[],False,False
wseg_001891,,,,,11905,11909,5,5,0,4590.48,4592.66,2.180000000000291,,0.0,0.0,0,0,5,0,[],False,False
wseg_001892,,,,,11910,11916,7,7,0,4592.66,4594.62,1.9600000000000364,,0.0,0.0,0,0,7,0,[],False,False
wseg_001893,,,,,11917,11919,3,3,0,4594.62,4595.86,1.2399999999997817,,0.9400000000005093,0.9400000000005093,1,0,3,0,[],False,False
wseg_001894,,,,,11920,11924,5,5,0,4596.8,4598.36,1.5599999999994907,,0.0,0.0,0,0,5,0,[],False,False
wseg_001895,,,,,11925,11928,4,4,0,4598.36,4599.96,1.6000000000003638,,0.0,0.0,0,0,4,0,[],False,False
wseg_001896,,,,,11929,11932,4,4,0,4599.96,4601.44,1.4799999999995634,,0.840000000001055,0.840000000001055,1,0,4,0,[],False,False
wseg_001897,,,,,11933,11936,4,4,0,4602.280000000001,4603.94,1.659999999998945,,0.0,0.0,0,0,4,0,[],False,False
wseg_001898,,,,,11937,11939,3,3,0,4603.94,4605.12,1.180000000000291,,0.0,0.0,0,0,3,0,[],False,False
wseg_001899,,,,,11940,11943,4,4,0,4605.12,4606.64,1.5200000000004366,,0.0,0.0,0,0,4,0,[],False,False
wseg_001900,,,,,11944,11945,2,2,0,4606.64,4608.14,1.5,,0.0,0.0,0,0,2,0,[],False,False
wseg_001901,,,,,11946,11948,3,3,0,4608.14,4609.82,1.6799999999993815,,0.0,0.0,0,0,3,0,[],False,False
wseg_001902,,,,,11949,11954,6,6,0,4609.82,4612.22,2.4000000000005457,,0.0,0.0,0,0,6,0,[],False,False
wseg_001903,,,,,11955,11959,5,5,0,4612.22,4614.6,2.380000000000109,,0.9399999999995998,0.9399999999995998,1,0,5,0,[],False,False
wseg_001904,,,,,11960,11961,2,2,0,4615.54,4616.46,0.9200000000000728,,0.0,0.0,0,0,2,0,[],False,False
wseg_001905,,,,,11962,11968,7,7,0,4616.46,4618.5,2.0399999999999636,,0.0,0.0,0,0,7,0,[],False,False
wseg_001906,,,,,11969,11972,4,4,0,4618.5,4620.22,1.7200000000002547,,0.0,0.0,0,0,4,0,[],False,False
wseg_001907,,,,,11973,11977,5,5,0,4620.22,4621.94,1.7199999999993452,,0.0,0.0,0,0,5,0,[],False,False
wseg_001908,,,,,11978,11980,3,3,0,4621.94,4624.26,2.3200000000006185,,0.0,0.0,0,0,3,0,[],False,False
wseg_001909,,,,,11981,11983,3,3,0,4624.26,4625.72,1.4600000000000364,,0.0,0.0,0,0,3,0,[],False,False
wseg_001910,,,,,11984,11986,3,3,0,4625.72,4626.7,0.9799999999995634,,0.0,0.0,0,0,3,0,[],False,False
wseg_001911,,,,,11987,11992,6,6,0,4626.7,4629.48,2.7799999999997453,,1.9600000000000364,1.9600000000000364,1,0,6,0,[],False,False
wseg_001912,,,,,11993,11996,4,4,0,4631.44,4633.08,1.6400000000003274,,0.0,0.0,0,0,4,0,[],False,False
wseg_001913,,,,,11997,12000,4,4,0,4633.08,4635.42,2.3400000000001455,,0.0,0.0,0,0,4,0,[],False,False
wseg_001914,,,,,12001,12004,4,4,0,4635.42,4636.76,1.3400000000001455,,0.3899999999994179,0.3899999999994179,1,0,4,0,[],False,False
wseg_001915,,,,,12005,12009,5,5,0,4637.15,4639.12,1.9700000000002547,,0.0,0.0,0,0,5,0,[],False,False
wseg_001916,,,,,12010,12013,4,4,0,4639.12,4640.9,1.7799999999997453,,0.0,0.0,0,0,4,0,[],False,False
wseg_001917,,,,,12014,12019,6,6,0,4640.9,4643.4,2.5,,0.8400000000001455,0.8400000000001455,1,0,6,0,[],False,False
wseg_001918,,,,,12020,12022,3,3,0,4644.24,4645.32,1.0799999999999272,,0.0,0.0,0,0,3,0,[],False,False
wseg_001919,,,,,12023,12029,7,7,0,4645.32,4647.36,2.0399999999999636,,0.0,0.0,0,0,7,0,[],False,False
wseg_001920,,,,,12030,12033,4,4,0,4647.36,4648.92,1.5600000000004002,,0.0,0.0,0,0,4,0,[],False,False
wseg_001921,,,,,12034,12035,2,2,0,4648.92,4649.82,0.8999999999996362,,0.0,0.0,0,0,2,0,[],False,False
wseg_001922,,,,,12036,12040,5,5,0,4649.82,4652.64,2.8200000000006185,,0.8000000000001819,0.8000000000001819,1,0,5,0,[],False,False
wseg_001923,,,,,12041,12044,4,4,0,4653.4400000000005,4654.58,1.139999999999418,,0.0,0.0,0,0,4,0,[],False,False
wseg_001924,,,,,12045,12053,9,9,0,4654.58,4657.16,2.5799999999999272,,0.0,0.0,0,0,9,0,[],False,False
wseg_001925,,,,,12054,12055,2,2,0,4657.16,4658.42,1.2600000000002183,,0.0,0.0,0,0,2,0,[],False,False
wseg_001926,,,,,12056,12060,5,5,0,4658.42,4660.84,2.4200000000000728,,0.5999999999994543,0.5999999999994543,1,0,5,0,[],False,False
wseg_001927,,,,,12061,12066,6,6,0,4661.44,4663.52,2.0800000000008367,,0.0,0.0,0,0,6,0,[],False,False
wseg_001928,,,,,12067,12069,3,3,0,4663.52,4665.06,1.5399999999999636,,0.0,0.0,0,0,3,0,[],False,False
wseg_001929,,,,,12070,12074,5,5,0,4665.06,4667.62,2.5599999999994907,,0.0,0.0,0,0,5,0,[],False,False
wseg_001930,,,,,12075,12078,4,4,0,4667.62,4668.86,1.2399999999997817,,0.0,0.0,0,0,4,0,[],False,False
wseg_001931,,,,,12079,12081,3,3,0,4668.86,4669.6,0.7400000000006912,,0.0,0.0,0,0,3,0,[],False,False
wseg_001932,,,,,12082,12085,4,4,0,4669.6,4672.48,2.8799999999991996,,0.0,0.0,0,0,4,0,[],False,False
wseg_001933,,,,,12086,12088,3,3,0,4672.48,4674.04,1.5600000000004002,,0.0,0.0,0,0,3,0,[],False,False
wseg_001934,,,,,12089,12092,4,4,0,4674.04,4675.74,1.699999999999818,,0.0,0.0,0,0,4,0,[],False,False
wseg_001935,,,,,12093,12098,6,6,0,4675.74,4678.76,3.0200000000004366,,0.0,0.0,0,0,6,0,[],False,False
wseg_001936,,,,,12099,12103,5,5,0,4678.76,4680.08,1.319999999999709,,0.0,0.0,0,0,5,0,[],False,False
wseg_001937,,,,,12104,12108,5,5,0,4680.08,4682.5,2.4200000000000728,,0.0,0.0,0,0,5,0,[],False,False
wseg_001938,,,,,12109,12110,2,2,0,4682.5,4683.42,0.9200000000000728,,0.0,0.0,0,0,2,0,[],False,False
wseg_001939,,,,,12111,12113,3,3,0,4683.42,4686.3,2.880000000000109,,0.0,0.0,0,0,3,0,[],False,False
wseg_001940,,,,,12114,12119,6,6,0,4686.3,4688.7,2.399999999999636,,0.42000000000007276,0.42000000000007276,1,0,6,0,[],False,False
wseg_001941,,,,,12120,12125,6,6,0,4689.12,4691.18,2.0600000000004,,0.2599999999993088,0.2599999999993088,1,0,6,0,[],False,False
wseg_001942,,,,,12126,12126,1,1,0,4691.44,4691.74,0.3000000000001819,,0.0,0.0,0,0,1,0,[],False,False
wseg_001943,,,,,12127,12130,4,4,0,4691.74,4693.68,1.9400000000005093,,0.0,0.0,0,0,4,0,[],False,False
wseg_001944,,,,,12131,12132,2,2,0,4693.68,4694.72,1.0399999999999636,,0.0,0.0,0,0,2,0,[],False,False
wseg_001945,,,,,12133,12135,3,3,0,4694.72,4696.68,1.9600000000000364,,0.0,0.0,0,0,3,0,[],False,False
wseg_001946,,,,,12136,12141,6,6,0,4696.68,4698.96,2.2799999999997453,,0.0,0.0,0,0,6,0,[],False,False
wseg_001947,,,,,12142,12146,5,5,0,4698.96,4700.9,1.9399999999995998,,0.0,0.0,0,0,5,0,[],False,False
wseg_001948,,,,,12147,12149,3,3,0,4700.9,4702.38,1.480000000000473,,0.0,0.0,0,0,3,0,[],False,False
wseg_001949,,,,,12150,12154,5,5,0,4702.38,4705.24,2.8599999999996726,,0.0,0.0,0,0,5,0,[],False,False
wseg_001950,,,,,12155,12160,6,6,0,4705.24,4707.62,2.380000000000109,,0.0,0.0,0,0,6,0,[],False,False
wseg_001951,,,,,12161,12167,7,7,0,4707.62,4709.16,1.5399999999999636,,0.0,0.0,0,0,7,0,[],False,False
wseg_001952,,,,,12168,12172,5,5,0,4709.16,4711.16,2.0,,0.0,0.0,0,0,5,0,[],False,False
wseg_001953,,,,,12173,12180,8,8,0,4711.16,4713.54,2.380000000000109,,0.0,0.0,0,0,8,0,[],False,False
wseg_001954,,,,,12181,12186,6,6,0,4713.54,4714.94,1.3999999999996362,,0.0,0.0,0,0,6,0,[],False,False
wseg_001955,,,,,12187,12189,3,3,0,4714.94,4719.4400000000005,4.5000000000009095,,0.0,0.0,0,0,3,0,[],False,False
wseg_001956,,,,,12190,12192,3,3,0,4719.44,4719.52,0.08000000000083674,,0.0,0.0,0,0,3,0,[],False,False
wseg_001957,,,,,12193,12198,6,6,0,4719.52,4721.76,2.2399999999997817,,0.0,0.0,0,0,6,0,[],False,False
wseg_001958,,,,,12199,12201,3,3,0,4721.76,4723.4,1.639999999999418,,0.0,0.0,0,0,3,0,[],False,False
wseg_001959,,,,,12202,12205,4,4,0,4723.4,4724.94,1.5399999999999636,,0.0,0.0,0,0,4,0,[],False,False
wseg_001960,,,,,12206,12210,5,5,0,4724.94,4727.24,2.300000000000182,,0.0,0.0,0,0,5,0,[],False,False
wseg_001961,,,,,12211,12217,7,7,0,4727.24,4728.88,1.6400000000003274,,0.0,0.0,0,0,7,0,[],False,False
wseg_001962,,,,,12218,12221,4,4,0,4728.88,4731.06,2.180000000000291,,0.0,0.0,0,0,4,0,[],False,False
wseg_001963,,,,,12222,12228,7,7,0,4731.06,4732.8,1.7399999999997817,,0.0,0.0,0,0,7,0,[],False,False
wseg_001964,,,,,12229,12233,5,5,0,4732.8,4735.54,2.7399999999997817,,0.0,0.0,0,0,5,0,[],False,False
wseg_001965,,,,,12234,12237,4,4,0,4735.54,4736.56,1.0200000000004366,,0.8599999999996726,0.8599999999996726,1,0,4,0,[],False,False
wseg_001966,,,,,12238,12242,5,5,0,4737.42,4739.5,2.0799999999999272,,0.0,0.0,0,0,5,0,[],False,False
wseg_001967,,,,,12243,12248,6,6,0,4739.5,4741.12,1.6199999999998909,,0.0,0.0,0,0,6,0,[],False,False
wseg_001968,,,,,12249,12255,7,7,0,4741.12,4743.74,2.619999999999891,,0.0,0.0,0,0,7,0,[],False,False
wseg_001969,,,,,12256,12261,6,6,0,4743.74,4746.0,2.2600000000002183,,0.0,0.0,0,0,6,0,[],False,False
wseg_001970,,,,,12262,12267,6,6,0,4746.0,4748.08,2.0799999999999272,,0.0,0.0,0,0,6,0,[],False,False
wseg_001971,,,,,12268,12272,5,5,0,4748.08,4749.2,1.1199999999998909,,0.0,0.0,0,0,5,0,[],False,False
wseg_001972,,,,,12273,12275,3,3,0,4749.2,4750.4,1.199999999999818,,0.0,0.0,0,0,3,0,[],False,False
wseg_001973,,,,,12276,12280,5,5,0,4750.4,4753.7,3.300000000000182,,0.0,0.0,0,0,5,0,[],False,False
wseg_001974,,,,,12281,12284,4,4,0,4753.7,4755.26,1.5600000000004002,,0.0,0.0,0,0,4,0,[],False,False
wseg_001975,,,,,12285,12289,5,5,0,4755.26,4758.38,3.119999999999891,,0.0,0.0,0,0,5,0,[],False,False
wseg_001976,,,,,12290,12293,4,4,0,4758.38,4760.24,1.8599999999996726,,0.0,0.0,0,0,4,0,[],False,False
wseg_001977,,,,,12294,12298,5,5,0,4760.24,4761.76,1.5200000000004366,,0.0,0.0,0,0,5,0,[],False,False
wseg_001978,,,,,12299,12304,6,6,0,4761.76,4762.94,1.1799999999993815,,0.0,0.0,0,0,6,0,[],False,False
wseg_001979,,,,,12305,12310,6,6,0,4762.94,4765.46,2.5200000000004366,,0.0,0.0,0,0,6,0,[],False,False
wseg_001980,,,,,12311,12313,3,3,0,4765.46,4766.28,0.819999999999709,,0.0,0.0,0,0,3,0,[],False,False
wseg_001981,,,,,12314,12318,5,5,0,4766.28,4768.46,2.180000000000291,,0.0,0.0,0,0,5,0,[],False,False
wseg_001982,,,,,12319,12322,4,4,0,4768.46,4769.96,1.5,,0.0,0.0,0,0,4,0,[],False,False
wseg_001983,,,,,12323,12330,8,8,0,4769.96,4773.06,3.100000000000364,,0.05999999999949068,0.0999999999994543,2,0,8,0,[],False,False
wseg_001984,,,,,12331,12334,4,4,0,4773.06,4774.02,0.9600000000000364,,1.9799999999995634,1.9799999999995634,1,0,4,0,[],False,False
wseg_001985,,,,,12335,12341,7,7,0,4776.0,4777.66,1.6599999999998545,,1.4200000000000728,1.4200000000000728,1,0,7,0,[],False,False
wseg_001986,,,,,12342,12342,1,1,0,4779.08,4779.76,0.680000000000291,,0.019999999999527063,0.019999999999527063,1,0,1,0,[],False,False
wseg_001987,,,,,12343,12347,5,5,0,4779.78,4781.12,1.3400000000001455,,0.7600000000002183,0.7600000000002183,1,0,5,0,[],False,False
wseg_001988,,,,,12348,12356,9,9,0,4781.88,4784.16,2.2799999999997453,,0.0,0.0,0,0,9,0,[],False,False
wseg_001989,,,,,12357,12358,2,2,0,4784.16,4785.34,1.180000000000291,,0.0,0.0,0,0,2,0,[],False,False
wseg_001990,,,,,12359,12360,2,2,0,4785.34,4786.8,1.4600000000000364,,0.0,0.0,0,0,2,0,[],False,False
wseg_001991,,,,,12361,12365,5,5,0,4786.8,4789.48,2.6799999999993815,,0.0,0.0,0,0,5,0,[],False,False
wseg_001992,,,,,12366,12374,9,9,0,4789.48,4791.9,2.4200000000000728,,0.0,0.0,0,0,9,0,[],False,False
wseg_001993,,,,,12375,12381,7,7,0,4791.9,4793.82,1.9200000000000728,,0.0,0.0,0,0,7,0,[],False,False
wseg_001994,,,,,12382,12386,5,5,0,4793.82,4795.26,1.4400000000005093,,0.0,0.0,0,0,5,0,[],False,False
wseg_001995,,,,,12387,12391,5,5,0,4795.26,4798.24,2.9799999999995634,,0.0,0.0,0,0,5,0,[],False,False
wseg_001996,,,,,12392,12396,5,5,0,4798.24,4799.5,1.2600000000002183,,0.0,0.0,0,0,5,0,[],False,False
wseg_001997,,,,,12397,12400,4,4,0,4799.5,4801.66,2.1599999999998545,,0.0,0.0,0,0,4,0,[],False,False
wseg_001998,,,,,12401,12404,4,4,0,4801.66,4802.64,0.9800000000004729,,0.0,0.0,0,0,4,0,[],False,False
wseg_001999,,,,,12405,12409,5,5,0,4802.64,4804.8,2.1599999999998545,,1.199999999999818,1.199999999999818,1,0,5,0,[],False,False
wseg_002000,,,,,12410,12417,8,8,0,4806.0,4807.96,1.9600000000000364,,0.0,0.0,0,0,8,0,[],False,False
wseg_002001,,,,,12418,12422,5,5,0,4807.96,4809.92,1.9600000000000364,,0.0,0.0,0,0,5,0,[],False,False
wseg_002002,,,,,12423,12425,3,3,0,4809.92,4810.76,0.8400000000001455,,0.0,0.0,0,0,3,0,[],False,False
wseg_002003,,,,,12426,12433,8,8,0,4810.76,4812.94,2.1799999999993815,,0.0,0.0,0,0,8,0,[],False,False
wseg_002004,,,,,12434,12439,6,6,0,4812.94,4814.46,1.5200000000004366,,0.0,0.0,0,0,6,0,[],False,False
wseg_002005,,,,,12440,12445,6,6,0,4814.46,4816.92,2.4600000000000364,,0.0,0.0,0,0,6,0,[],False,False
wseg_002006,,,,,12446,12451,6,6,0,4816.92,4819.14,2.2200000000002547,,0.0,0.0,0,0,6,0,[],False,False
wseg_002007,,,,,12452,12455,4,4,0,4819.14,4820.48,1.339999999999236,,0.0,0.0,0,0,4,0,[],False,False
wseg_002008,,,,,12456,12461,6,6,0,4820.48,4823.58,3.100000000000364,,0.0,0.0,0,0,6,0,[],False,False
wseg_002009,,,,,12462,12466,5,5,0,4823.58,4825.08,1.5,,0.0,0.0,0,0,5,0,[],False,False
wseg_002010,,,,,12467,12473,7,7,0,4825.08,4827.1,2.0200000000004366,,0.0,0.0,0,0,7,0,[],False,False
wseg_002011,,,,,12474,12479,6,6,0,4827.1,4829.86,2.759999999999309,,0.0,0.0,0,0,6,0,[],False,False
wseg_002012,,,,,12480,12485,6,6,0,4829.86,4831.48,1.6199999999998909,,0.4000000000005457,0.4000000000005457,1,0,6,0,[],False,False
wseg_002013,,,,,12486,12487,2,2,0,4831.88,4832.66,0.7799999999997453,,0.0,0.0,0,0,2,0,[],False,False
wseg_002014,,,,,12488,12492,5,5,0,4832.66,4834.86,2.199999999999818,,0.0,0.0,0,0,5,0,[],False,False
wseg_002015,,,,,12493,12498,6,6,0,4834.86,4836.52,1.660000000000764,,0.0,0.0,0,0,6,0,[],False,False
wseg_002016,,,,,12499,12503,5,5,0,4836.52,4838.5,1.9799999999995634,,0.0,0.0,0,0,5,0,[],False,False
wseg_002017,,,,,12504,12505,2,2,0,4838.5,4839.8,1.300000000000182,,0.0,0.0,0,0,2,0,[],False,False
wseg_002018,,,,,12506,12510,5,5,0,4839.8,4842.62,2.819999999999709,,0.0,0.0,0,0,5,0,[],False,False
wseg_002019,,,,,12511,12514,4,4,0,4842.62,4844.46,1.8400000000001455,,0.0,0.0,0,0,4,0,[],False,False
wseg_002020,,,,,12515,12517,3,3,0,4844.46,4845.76,1.300000000000182,,0.0,0.0,0,0,3,0,[],False,False
wseg_002021,,,,,12518,12524,7,7,0,4845.76,4847.9,2.139999999999418,,0.0,0.0,0,0,7,0,[],False,False
wseg_002022,,,,,12525,12527,3,3,0,4847.9,4848.9,1.0,,0.0,0.0,0,0,3,0,[],False,False
wseg_002023,,,,,12528,12533,6,6,0,4848.9,4851.7,2.800000000000182,,0.6400000000003274,0.6400000000003274,1,0,6,0,[],False,False
wseg_002024,,,,,12534,12537,4,4,0,4852.34,4854.18,1.8400000000001455,,0.0,0.0,0,0,4,0,[],False,False
wseg_002025,,,,,12538,12542,5,5,0,4854.18,4856.58,2.399999999999636,,0.019999999999527063,0.019999999999527063,1,0,5,0,[],False,False
wseg_002026,,,,,12543,12548,6,6,0,4856.58,4858.3,1.7200000000002547,,0.0,0.0,0,0,6,0,[],False,False
wseg_002027,,,,,12549,12554,6,6,0,4858.3,4859.66,1.3599999999996726,,0.0,0.0,0,0,6,0,[],False,False
wseg_002028,,,,,12555,12558,4,4,0,4859.66,4860.64,0.9800000000004729,,0.0,0.0,0,0,4,0,[],False,False
wseg_002029,,,,,12559,12566,8,8,0,4860.64,4863.38,2.7399999999997817,,0.0,0.0,0,0,8,0,[],False,False
wseg_002030,,,,,12567,12569,3,3,0,4863.38,4864.42,1.0399999999999636,,0.0,0.0,0,0,3,0,[],False,False
wseg_002031,,,,,12570,12577,8,8,0,4864.42,4866.78,2.3599999999996726,,0.0,0.0,0,0,8,0,[],False,False
wseg_002032,,,,,12578,12582,5,5,0,4866.78,4867.92,1.1400000000003274,,0.0,0.0,0,0,5,0,[],False,False
wseg_002033,,,,,12583,12590,8,8,0,4867.92,4870.26,2.3400000000001455,,0.0,0.0,0,0,8,0,[],False,False
wseg_002034,,,,,12591,12596,6,6,0,4870.26,4872.02,1.7600000000002183,,0.0,0.0,0,0,6,0,[],False,False
wseg_002035,,,,,12597,12601,5,5,0,4872.02,4873.96,1.9399999999995998,,0.0,0.0,0,0,5,0,[],False,False
wseg_002036,,,,,12602,12611,10,10,0,4873.96,4876.92,2.9600000000000364,,0.0,0.0,0,0,10,0,[],False,False
wseg_002037,,,,,12612,12619,8,8,0,4876.92,4878.94,2.019999999999527,,0.0,0.0,0,0,8,0,[],False,False
wseg_002038,,,,,12620,12625,6,6,0,4878.94,4881.24,2.300000000000182,,0.0,0.0,0,0,6,0,[],False,False
wseg_002039,,,,,12626,12630,5,5,0,4881.24,4882.92,1.680000000000291,,0.5900000000001455,0.5900000000001455,1,0,5,0,[],False,False
wseg_002040,,,,,12631,12635,5,5,0,4883.51,4884.88,1.3699999999998909,,0.0,0.0,0,0,5,0,[],False,False
wseg_002041,,,,,12636,12642,7,7,0,4884.88,4887.72,2.8400000000001455,,0.0,0.0,0,0,7,0,[],False,False
wseg_002042,,,,,12643,12648,6,6,0,4887.72,4889.56,1.8400000000001455,,0.0999999999994543,0.0999999999994543,1,0,6,0,[],False,False
wseg_002043,,,,,12649,12654,6,6,0,4889.66,4892.3,2.6400000000003274,,0.0,0.0,0,0,6,0,[],False,False
wseg_002044,,,,,12655,12657,3,3,0,4892.3,4893.4,1.0999999999994543,,0.0,0.0,0,0,3,0,[],False,False
wseg_002045,,,,,12658,12662,5,5,0,4893.4,4895.04,1.6400000000003274,,0.0,0.0,0,0,5,0,[],False,False
wseg_002046,,,,,12663,12665,3,3,0,4895.04,4895.94,0.8999999999996362,,17.88000000000011,17.88000000000011,1,0,3,0,[],False,False
wseg_002047,,,,,12666,12671,6,6,0,4913.82,4919.48,5.6599999999998545,,0.27999999999974534,0.4600000000000364,2,0,6,0,[],False,False
wseg_002048,,,,,12672,12677,6,6,0,4919.66,4921.0,1.3400000000001455,,0.6599999999998545,0.6599999999998545,1,0,6,0,[],False,False
wseg_002049,,,,,12678,12681,4,4,0,4921.66,4923.2,1.5399999999999636,,0.0,0.0,0,0,4,0,[],False,False
wseg_002050,,,,,12682,12689,8,8,0,4923.2,4925.6,2.4000000000005457,,0.0,0.0,0,0,8,0,[],False,False
wseg_002051,,,,,12690,12695,6,6,0,4925.6,4927.34,1.7399999999997817,,0.0,0.0,0,0,6,0,[],False,False
wseg_002052,,,,,12696,12697,2,2,0,4927.34,4928.12,0.7799999999997453,,0.0,0.0,0,0,2,0,[],False,False
wseg_002053,,,,,12698,12704,7,7,0,4928.12,4930.8,2.680000000000291,,0.7399999999997817,0.7399999999997817,1,0,7,0,[],False,False
wseg_002054,,,,,12705,12709,5,5,0,4931.54,4933.18,1.6400000000003274,,0.0,0.0,0,0,5,0,[],False,False
wseg_002055,,,,,12710,12713,4,4,0,4933.18,4934.68,1.5,,0.0,0.0,0,0,4,0,[],False,False
wseg_002056,,,,,12714,12719,6,6,0,4934.68,4937.3,2.619999999999891,,0.0,0.0,0,0,6,0,[],False,False
wseg_002057,,,,,12720,12722,3,3,0,4937.3,4938.32,1.019999999999527,,0.0,0.0,0,0,3,0,[],False,False
wseg_002058,,,,,12723,12729,7,7,0,4938.32,4940.6,2.280000000000655,,0.11999999999989086,0.11999999999989086,1,0,7,0,[],False,False
wseg_002059,,,,,12730,12737,8,8,0,4940.6,4943.4,2.7999999999992724,,0.0,0.0,0,0,8,0,[],False,False
wseg_002060,,,,,12738,12741,4,4,0,4943.4,4945.38,1.980000000000473,,0.0,0.0,0,0,4,0,[],False,False
wseg_002061,,,,,12742,12744,3,3,0,4945.38,4946.74,1.3599999999996726,,0.0,0.0,0,0,3,0,[],False,False
wseg_002062,,,,,12745,12751,7,7,0,4946.74,4949.34,2.600000000000364,,0.31999999999970896,0.4600000000000364,2,0,7,0,[],False,False
wseg_002063,,,,,12752,12758,7,7,0,4949.66,4951.46,1.800000000000182,,0.0,0.0,0,0,7,0,[],False,False
wseg_002064,,,,,12759,12761,3,3,0,4951.46,4952.92,1.4600000000000364,,0.0,0.0,0,0,3,0,[],False,False
wseg_002065,,,,,12762,12766,5,5,0,4952.92,4954.66,1.7399999999997817,,0.7800000000006548,0.7800000000006548,1,0,5,0,[],False,False
wseg_002066,,,,,12767,12772,6,6,0,4955.4400000000005,4957.72,2.2799999999997453,,0.0,0.0,0,0,6,0,[],False,False
wseg_002067,,,,,12773,12780,8,8,0,4957.72,4960.06,2.3400000000001455,,0.7399999999997817,0.7399999999997817,1,0,8,0,[],False,False
wseg_002068,,,,,12781,12784,4,4,0,4960.8,4962.1,1.300000000000182,,0.0,0.0,0,0,4,0,[],False,False
wseg_002069,,,,,12785,12789,5,5,0,4962.1,4963.48,1.3799999999991996,,0.0,0.0,0,0,5,0,[],False,False
wseg_002070,,,,,12790,12794,5,5,0,4963.48,4964.56,1.0800000000008367,,0.0,0.0,0,0,5,0,[],False,False
wseg_002071,,,,,12795,12801,7,7,0,4964.56,4966.0,1.4399999999995998,,0.0,0.0,0,0,7,0,[],False,False
wseg_002072,,,,,12802,12810,9,9,0,4966.0,4968.66,2.6599999999998545,,0.0,0.0,0,0,9,0,[],False,False
wseg_002073,,,,,12811,12817,7,7,0,4968.66,4971.4,2.7399999999997817,,0.0,0.0,0,0,7,0,[],False,False
wseg_002074,,,,,12818,12824,7,7,0,4971.4,4972.8,1.4000000000005457,,0.0,0.0,0,0,7,0,[],False,False
wseg_002075,,,,,12825,12828,4,4,0,4972.8,4973.74,0.9399999999995998,,0.9200000000009823,0.9200000000009823,1,0,4,0,[],False,False
wseg_002076,,,,,12829,12832,4,4,0,4974.660000000001,4976.4,1.7399999999988722,,0.019999999999527063,0.019999999999527063,1,0,4,0,[],False,False
wseg_002077,,,,,12833,12839,7,7,0,4976.4,4978.9,2.5,,0.7600000000002183,0.7600000000002183,1,0,7,0,[],False,False
wseg_002078,,,,,12840,12845,6,6,0,4979.66,4979.86,0.1999999999998181,,0.0,0.0,0,0,6,0,[],False,False
wseg_002079,,,,,12846,12852,7,7,0,4979.86,4982.12,2.2600000000002183,,0.0,0.0,0,0,7,0,[],False,False
wseg_002080,,,,,12853,12857,5,5,0,4982.12,4984.5,2.380000000000109,,0.0,0.0,0,0,5,0,[],False,False
wseg_002081,,,,,12858,12862,5,5,0,4984.5,4986.52,2.0200000000004366,,0.11999999999989086,0.11999999999989086,1,0,5,0,[],False,False
wseg_002082,,,,,12863,12869,7,7,0,4986.52,4989.04,2.519999999999527,,0.0,0.0,0,0,7,0,[],False,False
wseg_002083,,,,,12870,12876,7,7,0,4989.04,4991.54,2.5,,0.0,0.0,0,0,7,0,[],False,False
wseg_002084,,,,,12877,12880,4,4,0,4991.54,4993.08,1.5399999999999636,,0.5799999999999272,0.5799999999999272,1,0,4,0,[],False,False
wseg_002085,,,,,12881,12882,2,2,0,4993.66,4994.68,1.0200000000004366,,0.0,0.0,0,0,2,0,[],False,False
wseg_002086,,,,,12883,12885,3,3,0,4994.68,4995.6,0.9200000000000728,,0.0,0.0,0,0,3,0,[],False,False
wseg_002087,,,,,12886,12894,9,9,0,4995.6,4998.92,3.319999999999709,,0.11999999999989086,0.11999999999989086,1,0,9,0,[],False,False
wseg_002088,,,,,12895,12902,8,8,0,4998.92,5001.04,2.119999999999891,,0.0,0.0,0,0,8,0,[],False,False
wseg_002089,,,,,12903,12907,5,5,0,5001.04,5002.14,1.1000000000003638,,0.6199999999989814,0.6199999999989814,1,0,5,0,[],False,False
wseg_002090,,,,,12908,12914,7,7,0,5002.759999999999,5005.46,2.7000000000007276,,0.0,0.0,0,0,7,0,[],False,False
wseg_002091,,,,,12915,12918,4,4,0,5005.46,5006.46,1.0,,0.0,0.0,0,0,4,0,[],False,False
wseg_002092,,,,,12919,12924,6,6,0,5006.46,5008.9,2.4399999999996,,0.03999999999996362,0.03999999999996362,1,0,6,0,[],False,False
wseg_002093,,,,,12925,12929,5,5,0,5008.9,5010.14,1.2400000000006912,,0.0,0.0,0,0,5,0,[],False,False
wseg_002094,,,,,12930,12935,6,6,0,5010.14,5012.12,1.9799999999995634,,0.0,0.0,0,0,6,0,[],False,False
wseg_002095,,,,,12936,12937,2,2,0,5012.12,5013.86,1.7399999999997817,,0.6000000000003638,0.6000000000003638,1,0,2,0,[],False,False
wseg_002096,,,,,12938,12940,3,3,0,5014.46,5015.74,1.2799999999997453,,0.0,0.0,0,0,3,0,[],False,False
wseg_002097,,,,,12941,12945,5,5,0,5015.74,5017.5,1.7600000000002183,,0.7400000000006912,0.7400000000006912,1,0,5,0,[],False,False
wseg_002098,,,,,12946,12950,5,5,0,5018.240000000001,5019.96,1.7199999999993452,,0.0,0.0,0,0,5,0,[],False,False
wseg_002099,,,,,12951,12959,9,9,0,5019.96,5021.88,1.9200000000000728,,1.5999999999994543,1.5999999999994543,1,0,9,0,[],False,False
wseg_002100,,,,,12960,12960,1,1,0,5023.48,5024.12,0.6400000000003274,,0.0,0.0,0,0,1,0,[],False,False
wseg_002101,,,,,12961,12965,5,5,0,5024.12,5026.32,2.199999999999818,,0.0,0.0,0,0,5,0,[],False,False
wseg_002102,,,,,12966,12967,2,2,0,5026.32,5026.8,0.48000000000047294,,0.0,0.0,0,0,2,0,[],False,False
wseg_002103,,,,,12968,12974,7,7,0,5026.8,5029.48,2.6799999999993815,,0.0,0.0,0,0,7,0,[],False,False
wseg_002104,,,,,12975,12981,7,7,0,5029.48,5031.76,2.280000000000655,,0.4600000000000364,0.4600000000000364,1,0,7,0,[],False,False
wseg_002105,,,,,12982,12987,6,6,0,5032.22,5034.1,1.8800000000001091,,0.0,0.0,0,0,6,0,[],False,False
wseg_002106,,,,,12988,12990,3,3,0,5034.1,5035.12,1.019999999999527,,1.3400000000001455,1.3400000000001455,1,0,3,0,[],False,False
wseg_002107,,,,,12991,12995,5,5,0,5036.46,5036.96,0.5,,0.0,0.0,0,0,5,0,[],False,False
wseg_002108,,,,,12996,13002,7,7,0,5036.96,5039.1,2.1400000000003274,,0.0,0.0,0,0,7,0,[],False,False
wseg_002109,,,,,13003,13008,6,6,0,5039.1,5042.54,3.4399999999996,,0.0,0.0,0,0,6,0,[],False,False
wseg_002110,,,,,13009,13014,6,6,0,5042.54,5043.92,1.3800000000001091,,0.0,0.0,0,0,6,0,[],False,False
wseg_002111,,,,,13015,13018,4,4,0,5043.92,5045.16,1.2399999999997817,,0.0,0.0,0,0,4,0,[],False,False
wseg_002112,,,,,13019,13026,8,8,0,5045.16,5047.38,2.2200000000002547,,0.0,0.0,0,0,8,0,[],False,False
wseg_002113,,,,,13027,13035,9,9,0,5047.38,5049.94,2.5599999999994907,,0.0,0.0,0,0,9,0,[],False,False
wseg_002114,,,,,13036,13041,6,6,0,5049.94,5051.68,1.7400000000006912,,0.5799999999999272,0.5799999999999272,1,0,6,0,[],False,False
wseg_002115,,,,,13042,13045,4,4,0,5052.26,5054.1,1.8400000000001455,,0.0,0.0,0,0,4,0,[],False,False
wseg_002116,,,,,13046,13053,8,8,0,5054.1,5056.36,2.259999999999309,,0.0,0.0,0,0,8,0,[],False,False
wseg_002117,,,,,13054,13058,5,5,0,5056.36,5058.36,2.0,,0.0,0.0,0,0,5,0,[],False,False
wseg_002118,,,,,13059,13062,4,4,0,5058.36,5059.96,1.6000000000003638,,0.7599999999993088,0.7599999999993088,1,0,4,0,[],False,False
wseg_002119,,,,,13063,13065,3,3,0,5060.719999999999,5061.8,1.0800000000008367,,0.0,0.0,0,0,3,0,[],False,False
wseg_002120,,,,,13066,13070,5,5,0,5061.8,5063.44,1.639999999999418,,0.0,0.0,0,0,5,0,[],False,False
wseg_002121,,,,,13071,13078,8,8,0,5063.44,5066.02,2.5800000000008367,,0.4399999999995998,0.4399999999995998,1,0,8,0,[],False,False
wseg_002122,,,,,13079,13086,8,8,0,5066.46,5068.58,2.119999999999891,,0.0,0.0,0,0,8,0,[],False,False
wseg_002123,,,,,13087,13091,5,5,0,5068.58,5070.2,1.6199999999998909,,0.0,0.0,0,0,5,0,[],False,False
wseg_002124,,,,,13092,13097,6,6,0,5070.2,5072.46,2.2600000000002183,,0.0,0.0,0,0,6,0,[],False,False
wseg_002125,,,,,13098,13104,7,7,0,5072.46,5074.9,2.4399999999996,,0.0,0.0,0,0,7,0,[],False,False
wseg_002126,,,,,13105,13109,5,5,0,5074.9,5076.78,1.8800000000001091,,0.0,0.0,0,0,5,0,[],False,False
wseg_002127,,,,,13110,13111,2,2,0,5076.78,5077.8,1.0200000000004366,,0.0,0.0,0,0,2,0,[],False,False
wseg_002128,,,,,13112,13115,4,4,0,5077.8,5079.5,1.699999999999818,,0.0,0.0,0,0,4,0,[],False,False
wseg_002129,,,,,13116,13120,5,5,0,5079.5,5082.06,2.5600000000004,,1.2199999999993452,1.2199999999993452,1,0,5,0,[],False,False
wseg_002130,,,,,13121,13122,2,2,0,5083.28,5084.56,1.2800000000006548,,0.0,0.0,0,0,2,0,[],False,False
wseg_002131,,,,,13123,13125,3,3,0,5084.56,5085.62,1.0599999999994907,,0.0,0.0,0,0,3,0,[],False,False
wseg_002132,,,,,13126,13129,4,4,0,5085.62,5087.78,2.1599999999998545,,0.42000000000098225,0.6200000000008004,2,0,4,0,[],False,False
wseg_002133,,,,,13130,13138,9,9,0,5088.200000000001,5090.44,2.2399999999988722,,0.0,0.0,0,0,9,0,[],False,False
wseg_002134,,,,,13139,13144,6,6,0,5090.44,5092.86,2.4200000000000728,,0.0,0.0,0,0,6,0,[],False,False
wseg_002135,,,,,13145,13148,4,4,0,5092.86,5094.02,1.160000000000764,,0.0,0.0,0,0,4,0,[],False,False
wseg_002136,,,,,13149,13153,5,5,0,5094.02,5095.12,1.0999999999994543,,1.3400000000001455,1.3400000000001455,1,0,5,0,[],False,False
wseg_002137,,,,,13154,13159,6,6,0,5096.46,5097.9,1.4399999999995998,,0.31999999999970896,0.31999999999970896,1,0,6,0,[],False,False
wseg_002138,,,,,13160,13164,5,5,0,5098.219999999999,5100.46,2.240000000000691,,0.05999999999949068,0.05999999999949068,1,0,5,0,[],False,False
wseg_002139,,,,,13165,13169,5,5,0,5100.46,5102.44,1.9799999999995634,,0.0,0.0,0,0,5,0,[],False,False
wseg_002140,,,,,13170,13173,4,4,0,5102.44,5104.34,1.9000000000005457,,0.06000000000040018,0.06000000000040018,1,0,4,0,[],False,False
wseg_002141,,,,,13174,13179,6,6,0,5104.34,5106.32,1.9799999999995634,,0.020000000000436557,0.020000000000436557,1,0,6,0,[],False,False
wseg_002142,,,,,13180,13187,8,8,0,5106.32,5108.2,1.8800000000001091,,0.0,0.0,0,0,8,0,[],False,False
wseg_002143,,,,,13188,13193,6,6,0,5108.2,5110.22,2.0200000000004366,,0.5599999999994907,0.5599999999994907,1,0,6,0,[],False,False
wseg_002144,,,,,13194,13197,4,4,0,5110.78,5111.92,1.1400000000003274,,0.05999999999949068,0.05999999999949068,1,0,4,0,[],False,False
wseg_002145,,,,,13198,13201,4,4,0,5111.92,5113.22,1.300000000000182,,0.0,0.0,0,0,4,0,[],False,False
wseg_002146,,,,,13202,13208,7,7,0,5113.22,5116.0,2.7799999999997453,,0.0,0.0,0,0,7,0,[],False,False
wseg_002147,,,,,13209,13212,4,4,0,5116.0,5117.16,1.1599999999998545,,0.0,0.0,0,0,4,0,[],False,False
wseg_002148,,,,,13213,13221,9,9,0,5117.16,5119.98,2.819999999999709,,0.020000000000436557,0.020000000000436557,1,0,9,0,[],False,False
wseg_002149,,,,,13222,13226,5,5,0,5119.98,5121.9,1.9200000000000728,,0.0,0.0,0,0,5,0,[],False,False
wseg_002150,,,,,13227,13234,8,8,0,5121.9,5123.84,1.9400000000005093,,0.0,0.0,0,0,8,0,[],False,False
wseg_002151,,,,,13235,13240,6,6,0,5123.84,5126.22,2.380000000000109,,0.23999999999978172,0.23999999999978172,1,0,6,0,[],False,False
wseg_002152,,,,,13241,13241,1,1,0,5126.46,5126.6,0.14000000000032742,,0.0,0.0,0,0,1,0,[],False,False
wseg_002153,,,,,13242,13252,11,11,0,5126.6,5129.6,3.0,,0.0,0.0,0,0,11,0,[],False,False
wseg_002154,,,,,13253,13257,5,5,0,5129.6,5131.38,1.7799999999997453,,0.0,0.0,0,0,5,0,[],False,False
wseg_002155,,,,,13258,13265,8,8,0,5131.38,5133.9,2.519999999999527,,0.0,0.0,0,0,8,0,[],False,False
wseg_002156,,,,,13266,13272,7,7,0,5133.9,5136.5199999999995,2.619999999999891,,0.5200000000004366,0.5200000000004366,1,0,7,0,[],False,False
wseg_002157,,,,,13273,13276,4,4,0,5137.04,5137.86,0.819999999999709,,0.48000000000047294,0.5400000000008731,2,0,4,0,[],False,False
wseg_002158,,,,,13277,13281,5,5,0,5138.34,5140.12,1.7799999999997453,,0.0,0.0,0,0,5,0,[],False,False
wseg_002159,,,,,13282,13288,7,7,0,5140.12,5142.2,2.0799999999999272,,0.0,0.0,0,0,7,0,[],False,False
wseg_002160,,,,,13289,13293,5,5,0,5142.2,5144.36,2.1599999999998545,,0.0,0.0,0,0,5,0,[],False,False
wseg_002161,,,,,13294,13304,11,11,0,5144.36,5146.3,1.9400000000005093,,0.0,0.0,0,0,11,0,[],False,False
wseg_002162,,,,,13305,13307,3,3,0,5146.3,5147.52,1.2200000000002547,,0.13999999999941792,0.13999999999941792,1,0,3,0,[],False,False
wseg_002163,,,,,13308,13314,7,7,0,5147.66,5150.28,2.619999999999891,,0.0,0.0,0,0,7,0,[],False,False
wseg_002164,,,,,13315,13319,5,5,0,5150.28,5152.38,2.100000000000364,,0.0,0.0,0,0,5,0,[],False,False
wseg_002165,,,,,13320,13324,5,5,0,5152.38,5153.76,1.3800000000001091,,0.0,0.0,0,0,5,0,[],False,False
wseg_002166,,,,,13325,13328,4,4,0,5153.76,5155.62,1.8599999999996726,,0.8400000000001455,0.8400000000001455,1,0,4,0,[],False,False
wseg_002167,,,,,13329,13336,8,8,0,5156.46,5158.38,1.9200000000000728,,0.0,0.0,0,0,8,0,[],False,False
wseg_002168,,,,,13337,13340,4,4,0,5158.38,5159.96,1.5799999999999272,,0.0,0.0,0,0,4,0,[],False,False
wseg_002169,,,,,13341,13345,5,5,0,5159.96,5161.0,1.0399999999999636,,0.0,0.0,0,0,5,0,[],False,False
wseg_002170,,,,,13346,13354,9,9,0,5161.0,5163.72,2.7200000000002547,,0.11999999999989086,0.11999999999989086,1,0,9,0,[],False,False
wseg_002171,,,,,13355,13361,7,7,0,5163.72,5166.3,2.5799999999999272,,0.0,0.0,0,0,7,0,[],False,False
wseg_002172,,,,,13362,13368,7,7,0,5166.3,5168.52,2.2200000000002547,,0.07999999999992724,0.07999999999992724,1,0,7,0,[],False,False
wseg_002173,,,,,13369,13371,3,3,0,5168.52,5169.26,0.7399999999997817,,0.0,0.0,0,0,3,0,[],False,False
wseg_002174,,,,,13372,13384,13,13,0,5169.26,5171.78,2.519999999999527,,0.03999999999996362,0.03999999999996362,1,0,13,0,[],False,False
wseg_002175,,,,,13385,13387,3,3,0,5171.78,5172.78,1.0,,0.0,0.0,0,0,3,0,[],False,False
wseg_002176,,,,,13388,13393,6,6,0,5172.78,5174.98,2.199999999999818,,0.0,0.0,0,0,6,0,[],False,False
wseg_002177,,,,,13394,13400,7,7,0,5174.98,5176.56,1.5800000000008367,,0.0,0.0,0,0,7,0,[],False,False
wseg_002178,,,,,13401,13407,7,7,0,5176.56,5179.26,2.699999999999818,,0.07999999999992724,0.07999999999992724,1,0,7,0,[],False,False
wseg_002179,,,,,13408,13416,9,9,0,5179.26,5182.02,2.7600000000002183,,0.019999999999527063,0.019999999999527063,1,0,9,0,[],False,False
wseg_002180,,,,,13417,13421,5,5,0,5182.02,5184.36,2.339999999999236,,0.0,0.0,0,0,5,0,[],False,False
wseg_002181,,,,,13422,13424,3,3,0,5184.36,5186.1,1.7400000000006912,,0.3599999999996726,0.3599999999996726,1,0,3,0,[],False,False
wseg_002182,,,,,13425,13430,6,6,0,5186.46,5187.82,1.3599999999996726,,0.0,0.0,0,0,6,0,[],False,False
wseg_002183,,,,,13431,13438,8,8,0,5187.82,5190.26,2.4400000000005093,,0.0,0.0,0,0,8,0,[],False,False
wseg_002184,,,,,13439,13443,5,5,0,5190.26,5192.12,1.8599999999996726,,0.0,0.0,0,0,5,0,[],False,False
wseg_002185,,,,,13444,13450,7,7,0,5192.12,5193.8,1.680000000000291,,0.0,0.0,0,0,7,0,[],False,False
wseg_002186,,,,,13451,13455,5,5,0,5193.8,5195.74,1.9399999999995998,,0.5500000000001819,0.5500000000001819,1,0,5,0,[],False,False
wseg_002187,,,,,13456,13458,3,3,0,5196.29,5197.78,1.4899999999997817,,0.0,0.0,0,0,3,0,[],False,False
wseg_002188,,,,,13459,13464,6,6,0,5197.78,5198.92,1.1400000000003274,,0.0,0.0,0,0,6,0,[],False,False
wseg_002189,,,,,13465,13472,8,8,0,5198.92,5201.2,2.2799999999997453,,0.0,0.0,0,0,8,0,[],False,False
wseg_002190,,,,,13473,13478,6,6,0,5201.2,5203.44,2.2399999999997817,,0.0,0.0,0,0,6,0,[],False,False
wseg_002191,,,,,13479,13484,6,6,0,5203.44,5205.3,1.860000000000582,,0.0,0.0,0,0,6,0,[],False,False
wseg_002192,,,,,13485,13491,7,7,0,5205.3,5207.38,2.0799999999999272,,0.0,0.0,0,0,7,0,[],False,False
wseg_002193,,,,,13492,13497,6,6,0,5207.38,5209.68,2.300000000000182,,0.6299999999991996,0.6299999999991996,1,0,6,0,[],False,False
wseg_002194,,,,,13498,13503,6,6,0,5210.3099999999995,5212.34,2.030000000000655,,0.0,0.0,0,0,6,0,[],False,False
wseg_002195,,,,,13504,13508,5,5,0,5212.34,5213.9,1.5599999999994907,,0.0,0.0,0,0,5,0,[],False,False
wseg_002196,,,,,13509,13514,6,6,0,5213.9,5216.24,2.3400000000001455,,0.22000000000025466,0.22000000000025466,1,0,6,0,[],False,False
wseg_002197,,,,,13515,13518,4,4,0,5216.46,5218.48,2.019999999999527,,0.15999999999985448,0.15999999999985448,1,0,4,0,[],False,False
wseg_002198,,,,,13519,13525,7,7,0,5218.48,5220.48,2.0,,0.0,0.0,0,0,7,0,[],False,False
wseg_002199,,,,,13526,13533,8,8,0,5220.48,5222.4,1.9200000000000728,,0.0,0.0,0,0,8,0,[],False,False
wseg_002200,,,,,13534,13539,6,6,0,5222.4,5223.96,1.5600000000004002,,0.0,0.0,0,0,6,0,[],False,False
wseg_002201,,,,,13540,13545,6,6,0,5223.96,5225.94,1.9799999999995634,,0.0,0.0,0,0,6,0,[],False,False
wseg_002202,,,,,13546,13554,9,9,0,5225.94,5228.02,2.0800000000008367,,0.0,0.0,0,0,9,0,[],False,False
wseg_002203,,,,,13555,13559,5,5,0,5228.02,5229.08,1.0599999999994907,,0.0,0.0,0,0,5,0,[],False,False
wseg_002204,,,,,13560,13565,6,6,0,5229.08,5232.18,3.100000000000364,,1.0,1.0,1,0,6,0,[],False,False
wseg_002205,,,,,13566,13568,3,3,0,5233.18,5234.32,1.139999999999418,,10.740000000000691,10.740000000000691,1,0,3,0,[],False,False
wseg_002206,,,,,13569,13569,1,1,0,5245.06,5245.46,0.3999999999996362,,0.0,0.0,0,0,1,0,[],False,False
wseg_002207,,,,,13570,13576,7,7,0,5245.46,5247.44,1.9799999999995634,,0.0,0.0,0,0,7,0,[],False,False
wseg_002208,,,,,13577,13583,7,7,0,5247.44,5249.28,1.8400000000001455,,16.159999999999854,16.159999999999854,1,0,7,0,[],False,False
wseg_002209,,,,,13584,13586,3,3,0,5265.44,5266.82,1.3800000000001091,,0.0,0.0,0,0,3,0,[],False,False
wseg_002210,,,,,13587,13589,3,3,0,5266.82,5267.96,1.1400000000003274,,0.0,0.0,0,0,3,0,[],False,False
wseg_002211,,,,,13590,13594,5,5,0,5267.96,5270.0,2.0399999999999636,,0.020000000000436557,0.020000000000436557,1,0,5,0,[],False,False
wseg_002212,,,,,13595,13598,4,4,0,5270.0,5271.88,1.8800000000001091,,0.0,0.0,0,0,4,0,[],False,False
wseg_002213,,,,,13599,13605,7,7,0,5271.88,5273.88,2.0,,0.0,0.0,0,0,7,0,[],False,False
wseg_002214,,,,,13606,13610,5,5,0,5273.88,5275.66,1.7799999999997453,,0.0,0.0,0,0,5,0,[],False,False
wseg_002215,,,,,13611,13620,10,10,0,5275.66,5278.28,2.619999999999891,,0.6599999999998545,0.6599999999998545,1,0,10,0,[],False,False
wseg_002216,,,,,13621,13624,4,4,0,5278.94,5280.4,1.4600000000000364,,0.0,0.0,0,0,4,0,[],False,False
wseg_002217,,,,,13625,13626,2,2,0,5280.4,5280.9,0.5,,0.0,0.0,0,0,2,0,[],False,False
wseg_002218,,,,,13627,13631,5,5,0,5280.9,5283.62,2.7200000000002547,,0.6999999999998181,0.6999999999998181,1,0,5,0,[],False,False
wseg_002219,,,,,13632,13635,4,4,0,5284.32,5285.74,1.4200000000000728,,0.0,0.0,0,0,4,0,[],False,False
wseg_002220,,,,,13636,13641,6,6,0,5285.74,5287.78,2.0399999999999636,,0.0,0.0,0,0,6,0,[],False,False
wseg_002221,,,,,13642,13646,5,5,0,5287.78,5289.86,2.0799999999999272,,0.0,0.0,0,0,5,0,[],False,False
wseg_002222,,,,,13647,13651,5,5,0,5289.86,5292.16,2.300000000000182,,0.0,0.0,0,0,5,0,[],False,False
wseg_002223,,,,,13652,13657,6,6,0,5292.16,5293.86,1.699999999999818,,0.4600000000000364,0.4600000000000364,1,0,6,0,[],False,False
wseg_002224,,,,,13658,13661,4,4,0,5294.32,5295.0,0.680000000000291,,0.7599999999993088,0.7599999999993088,1,0,4,0,[],False,False
wseg_002225,,,,,13662,13668,7,7,0,5295.759999999999,5297.68,1.9200000000009823,,0.0,0.0,0,0,7,0,[],False,False
wseg_002226,,,,,13669,13671,3,3,0,5297.68,5299.02,1.3400000000001455,,0.0,0.0,0,0,3,0,[],False,False
wseg_002227,,,,,13672,13676,5,5,0,5299.02,5301.0,1.9799999999995634,,0.0,0.0,0,0,5,0,[],False,False
wseg_002228,,,,,13677,13680,4,4,0,5301.0,5302.42,1.4200000000000728,,0.7399999999997817,0.7399999999997817,1,0,4,0,[],False,False
wseg_002229,,,,,13681,13683,3,3,0,5303.16,5304.22,1.0600000000004002,,0.0,0.0,0,0,3,0,[],False,False
wseg_002230,,,,,13684,13687,4,4,0,5304.22,5305.68,1.4600000000000364,,0.0,0.0,0,0,4,0,[],False,False
wseg_002231,,,,,13688,13692,5,5,0,5305.68,5307.44,1.7599999999993088,,0.0,0.0,0,0,5,0,[],False,False
wseg_002232,,,,,13693,13700,8,8,0,5307.44,5310.08,2.6400000000003274,,0.0,0.0,0,0,8,0,[],False,False
wseg_002233,,,,,13701,13707,7,7,0,5310.08,5311.74,1.6599999999998545,,0.0,0.0,0,0,7,0,[],False,False
wseg_002234,,,,,13708,13715,8,8,0,5311.74,5313.88,2.1400000000003274,,0.0,0.0,0,0,8,0,[],False,False
wseg_002235,,,,,13716,13718,3,3,0,5313.88,5315.32,1.4399999999995998,,0.0,0.0,0,0,3,0,[],False,False
wseg_002236,,,,,13719,13726,8,8,0,5315.32,5318.26,2.9400000000005093,,0.0,0.0,0,0,8,0,[],False,False
wseg_002237,,,,,13727,13734,8,8,0,5318.26,5320.24,1.9799999999995634,,0.0,0.0,0,0,8,0,[],False,False
wseg_002238,,,,,13735,13742,8,8,0,5320.24,5322.22,1.980000000000473,,2.0999999999994543,2.0999999999994543,1,0,8,0,[],False,False
wseg_002239,,,,,13743,13750,8,8,0,5324.32,5325.98,1.6599999999998545,,0.0,0.0,0,0,8,0,[],False,False
wseg_002240,,,,,13751,13756,6,6,0,5325.98,5327.56,1.5800000000008367,,0.0,0.0,0,0,6,0,[],False,False
wseg_002241,,,,,13757,13763,7,7,0,5327.56,5329.92,2.3599999999996726,,0.0,0.0,0,0,7,0,[],False,False
wseg_002242,,,,,13764,13768,5,5,0,5329.92,5330.8,0.8800000000001091,,0.0,0.0,0,0,5,0,[],False,False
wseg_002243,,,,,13769,13774,6,6,0,5330.8,5333.5,2.699999999999818,,0.0,0.0,0,0,6,0,[],False,False
wseg_002244,,,,,13775,13780,6,6,0,5333.5,5335.6,2.100000000000364,,0.5599999999994907,0.5599999999994907,1,0,6,0,[],False,False
wseg_002245,,,,,13781,13785,5,5,0,5336.16,5338.16,2.0,,0.0,0.0,0,0,5,0,[],False,False
wseg_002246,,,,,13786,13788,3,3,0,5338.16,5339.36,1.199999999999818,,0.0,0.0,0,0,3,0,[],False,False
wseg_002247,,,,,13789,13793,5,5,0,5339.36,5340.84,1.480000000000473,,0.0,0.0,0,0,5,0,[],False,False
wseg_002248,,,,,13794,13799,6,6,0,5340.84,5343.64,2.800000000000182,,0.7199999999993452,0.7199999999993452,1,0,6,0,[],False,False
wseg_002249,,,,,13800,13805,6,6,0,5344.36,5346.32,1.9600000000000364,,1.2200000000002547,1.2200000000002547,1,0,6,0,[],False,False
wseg_002250,,,,,13806,13809,4,4,0,5347.54,5348.5,0.9600000000000364,,0.0,0.0,0,0,4,0,[],False,False
wseg_002251,,,,,13810,13811,2,2,0,5348.5,5349.04,0.5399999999999636,,0.0,0.0,0,0,2,0,[],False,False
wseg_002252,,,,,13812,13818,7,7,0,5349.04,5352.02,2.980000000000473,,0.0,0.0,0,0,7,0,[],False,False
wseg_002253,,,,,13819,13828,10,10,0,5352.02,5354.3,2.2799999999997453,,0.019999999999527063,0.019999999999527063,1,0,10,0,[],False,False
wseg_002254,,,,,13829,13832,4,4,0,5354.32,5356.98,2.6599999999998545,,0.0,0.0,0,0,4,0,[],False,False
wseg_002255,,,,,13833,13840,8,8,0,5356.98,5360.64,3.660000000000764,,0.0,0.0,0,0,8,0,[],False,False
wseg_002256,,,,,13841,13845,5,5,0,5360.64,5361.98,1.339999999999236,,0.0,0.0,0,0,5,0,[],False,False
wseg_002257,,,,,13846,13851,6,6,0,5361.98,5364.08,2.100000000000364,,0.0,0.0,0,0,6,0,[],False,False
wseg_002258,,,,,13852,13857,6,6,0,5364.08,5365.76,1.680000000000291,,0.0,0.0,0,0,6,0,[],False,False
wseg_002259,,,,,13858,13863,6,6,0,5365.76,5367.24,1.4799999999995634,,0.0,0.0,0,0,6,0,[],False,False
wseg_002260,,,,,13864,13867,4,4,0,5367.24,5369.14,1.9000000000005457,,0.0,0.0,0,0,4,0,[],False,False
wseg_002261,,,,,13868,13872,5,5,0,5369.14,5370.62,1.4799999999995634,,0.0,0.0,0,0,5,0,[],False,False
wseg_002262,,,,,13873,13877,5,5,0,5370.62,5371.96,1.3400000000001455,,0.0,0.0,0,0,5,0,[],False,False
wseg_002263,,,,,13878,13881,4,4,0,5371.96,5373.46,1.5,,0.0,0.0,0,0,4,0,[],False,False
wseg_002264,,,,,13882,13887,6,6,0,5373.46,5375.6,2.1400000000003274,,0.0,0.0,0,0,6,0,[],False,False
wseg_002265,,,,,13888,13894,7,7,0,5375.6,5377.24,1.639999999999418,,0.0,0.0,0,0,7,0,[],False,False
wseg_002266,,,,,13895,13899,5,5,0,5377.24,5379.4,2.1599999999998545,,0.660000000000764,0.660000000000764,1,0,5,0,[],False,False
wseg_002267,,,,,13900,13906,7,7,0,5380.06,5381.9,1.839999999999236,,0.0,0.0,0,0,7,0,[],False,False
wseg_002268,,,,,13907,13913,7,7,0,5381.9,5384.22,2.3200000000006185,,0.0999999999994543,0.0999999999994543,1,0,7,0,[],False,False
wseg_002269,,,,,13914,13919,6,6,0,5384.32,5385.54,1.2200000000002547,,0.4400000000005093,0.4400000000005093,1,0,6,0,[],False,False
wseg_002270,,,,,13920,13926,7,7,0,5385.9800000000005,5388.1,2.119999999999891,,0.0,0.0,0,0,7,0,[],False,False
wseg_002271,,,,,13927,13931,5,5,0,5388.1,5389.84,1.7399999999997817,,0.0,0.0,0,0,5,0,[],False,False
wseg_002272,,,,,13932,13935,4,4,0,5389.84,5390.74,0.8999999999996362,,0.0,0.0,0,0,4,0,[],False,False
wseg_002273,,,,,13936,13944,9,9,0,5390.74,5393.8,3.0600000000004,,0.5199999999995271,0.5199999999995271,1,0,9,0,[],False,False
wseg_002274,,,,,13945,13949,5,5,0,5394.32,5396.18,1.860000000000582,,0.0,0.0,0,0,5,0,[],False,False
wseg_002275,,,,,13950,13957,8,8,0,5396.18,5398.94,2.759999999999309,,0.019999999999527063,0.019999999999527063,1,0,8,0,[],False,False
wseg_002276,,,,,13958,13962,5,5,0,5398.94,5400.42,1.480000000000473,,0.0,0.0,0,0,5,0,[],False,False
wseg_002277,,,,,13963,13965,3,3,0,5400.42,5401.0,0.5799999999999272,,0.0,0.0,0,0,3,0,[],False,False
wseg_002278,,,,,13966,13969,4,4,0,5401.0,5402.48,1.4799999999995634,,0.0,0.0,0,0,4,0,[],False,False
wseg_002279,,,,,13970,13975,6,6,0,5402.48,5404.7,2.2200000000002547,,0.0,0.0,0,0,6,0,[],False,False
wseg_002280,,,,,13976,13980,5,5,0,5404.7,5406.06,1.360000000000582,,0.0,0.0,0,0,5,0,[],False,False
wseg_002281,,,,,13981,13989,9,9,0,5406.06,5408.02,1.9600000000000364,,0.0,0.0,0,0,9,0,[],False,False
wseg_002282,,,,,13990,13996,7,7,0,5408.02,5409.76,1.7399999999997817,,0.0,0.0,0,0,7,0,[],False,False
wseg_002283,,,,,13997,14000,4,4,0,5409.76,5410.96,1.199999999999818,,0.6599999999998545,0.6599999999998545,1,0,4,0,[],False,False
wseg_002284,,,,,14001,14007,7,7,0,5411.62,5414.06,2.4400000000005093,,0.0,0.0,0,0,7,0,[],False,False
wseg_002285,,,,,14008,14015,8,8,0,5414.06,5415.98,1.9199999999991633,,0.0,0.0,0,0,8,0,[],False,False
wseg_002286,,,,,14016,14019,4,4,0,5415.98,5417.54,1.5600000000004002,,0.0,0.0,0,0,4,0,[],False,False
wseg_002287,,,,,14020,14023,4,4,0,5417.54,5419.54,2.0,,0.0,0.0,0,0,4,0,[],False,False
wseg_002288,,,,,14024,14029,6,6,0,5419.54,5420.98,1.4399999999995998,,0.0,0.0,0,0,6,0,[],False,False
wseg_002289,,,,,14030,14039,10,10,0,5420.98,5423.74,2.7600000000002183,,0.11999999999989086,0.11999999999989086,1,0,10,0,[],False,False
wseg_002290,,,,,14040,14044,5,5,0,5423.74,5425.38,1.6400000000003274,,0.0,0.0,0,0,5,0,[],False,False
wseg_002291,,,,,14045,14048,4,4,0,5425.38,5426.8,1.4200000000000728,,0.0,0.0,0,0,4,0,[],False,False
wseg_002292,,,,,14049,14054,6,6,0,5426.8,5428.96,2.1599999999998545,,0.0,0.0,0,0,6,0,[],False,False
wseg_002293,,,,,14055,14062,8,8,0,5428.96,5431.3,2.3400000000001455,,0.0,0.0,0,0,8,0,[],False,False
wseg_002294,,,,,14063,14069,7,7,0,5431.3,5433.08,1.7799999999997453,,0.0,0.0,0,0,7,0,[],False,False
wseg_002295,,,,,14070,14076,7,7,0,5433.08,5435.72,2.6400000000003274,,0.0,0.0,0,0,7,0,[],False,False
wseg_002296,,,,,14077,14081,5,5,0,5435.72,5437.82,2.0999999999994543,,0.0,0.0,0,0,5,0,[],False,False
wseg_002297,,,,,14082,14085,4,4,0,5437.82,5439.14,1.3200000000006185,,1.2199999999993452,1.2199999999993452,1,0,4,0,[],False,False
wseg_002298,,,,,14086,14090,5,5,0,5440.36,5442.7,2.3400000000001455,,0.0,0.0,0,0,5,0,[],False,False
wseg_002299,,,,,14091,14095,5,5,0,5442.7,5444.14,1.4400000000005093,,0.0,0.0,0,0,5,0,[],False,False
wseg_002300,,,,,14096,14099,4,4,0,5444.14,5445.38,1.2399999999997817,,0.0,0.0,0,0,4,0,[],False,False
wseg_002301,,,,,14100,14106,7,7,0,5445.38,5447.62,2.2399999999997817,,0.0,0.0,0,0,7,0,[],False,False
wseg_002302,,,,,14107,14111,5,5,0,5447.62,5449.72,2.100000000000364,,0.0,0.0,0,0,5,0,[],False,False
wseg_002303,,,,,14112,14116,5,5,0,5449.72,5451.22,1.5,,0.0,0.0,0,0,5,0,[],False,False
wseg_002304,,,,,14117,14122,6,6,0,5451.22,5452.9,1.6799999999993815,,0.0,0.0,0,0,6,0,[],False,False
wseg_002305,,,,,14123,14127,5,5,0,5452.9,5454.2,1.300000000000182,,0.0,0.0,0,0,5,0,[],False,False
wseg_002306,,,,,14128,14133,6,6,0,5454.2,5457.46,3.2600000000002183,,0.0,0.0,0,0,6,0,[],False,False
wseg_002307,,,,,14134,14139,6,6,0,5457.46,5458.96,1.5,,0.0,0.0,0,0,6,0,[],False,False
wseg_002308,,,,,14140,14148,9,9,0,5458.96,5461.6,2.6400000000003274,,0.0,0.0,0,0,9,0,[],False,False
wseg_002309,,,,,14149,14152,4,4,0,5461.6,5463.82,2.219999999999345,,0.0,0.0,0,0,4,0,[],False,False
wseg_002310,,,,,14153,14157,5,5,0,5463.82,5465.98,2.1599999999998545,,0.0,0.0,0,0,5,0,[],False,False
wseg_002311,,,,,14158,14163,6,6,0,5465.98,5467.48,1.5,,0.0,0.0,0,0,6,0,[],False,False
wseg_002312,,,,,14164,14167,4,4,0,5467.48,5468.68,1.2000000000007276,,1.0799999999999272,1.0799999999999272,1,0,4,0,[],False,False
wseg_002313,,,,,14168,14171,4,4,0,5469.76,5470.68,0.9200000000000728,,0.0,0.0,0,0,4,0,[],False,False
wseg_002314,,,,,14172,14180,9,9,0,5470.68,5473.78,3.0999999999994543,,0.0,0.0,0,0,9,0,[],False,False
wseg_002315,,,,,14181,14183,3,3,0,5473.78,5474.44,0.6599999999998545,,0.8200000000006185,0.8200000000006185,1,0,3,0,[],False,False
wseg_002316,,,,,14184,14186,3,3,0,5475.26,5476.3,1.0399999999999636,,2.2799999999997453,2.2799999999997453,1,0,3,0,[],False,False
wseg_002317,,,,,14187,14193,7,7,0,5478.58,5480.36,1.7799999999997453,,0.0,0.0,0,0,7,0,[],False,False
wseg_002318,,,,,14194,14202,9,9,0,5480.36,5482.26,1.9000000000005457,,8.920000000000073,8.920000000000073,1,0,9,0,[],False,False
wseg_002319,,,,,14203,14206,4,4,0,5491.18,5493.0,1.819999999999709,,0.0,0.0,0,0,4,0,[],False,False
wseg_002320,,,,,14207,14212,6,6,0,5493.0,5495.1,2.100000000000364,,0.15999999999985448,0.15999999999985448,1,0,6,0,[],False,False
wseg_002321,,,,,14213,14214,2,2,0,5495.1,5496.08,0.9799999999995634,,0.0,0.0,0,0,2,0,[],False,False
wseg_002322,,,,,14215,14218,4,4,0,5496.08,5497.9,1.819999999999709,,0.0,0.0,0,0,4,0,[],False,False
wseg_002323,,,,,14219,14225,7,7,0,5497.9,5500.16,2.2600000000002183,,0.0,0.0,0,0,7,0,[],False,False
wseg_002324,,,,,14226,14231,6,6,0,5500.16,5501.86,1.699999999999818,,0.0,0.0,0,0,6,0,[],False,False
wseg_002325,,,,,14232,14235,4,4,0,5501.86,5503.92,2.0600000000004,,0.0,0.0,0,0,4,0,[],False,False
wseg_002326,,,,,14236,14239,4,4,0,5503.92,5505.18,1.2600000000002183,,0.7399999999997817,0.7399999999997817,1,0,4,0,[],False,False
wseg_002327,,,,,14240,14247,8,8,0,5505.92,5507.76,1.8400000000001455,,0.0,0.0,0,0,8,0,[],False,False
wseg_002328,,,,,14248,14253,6,6,0,5507.76,5509.54,1.7799999999997453,,0.5399999999999636,0.5399999999999636,1,0,6,0,[],False,False
wseg_002329,,,,,14254,14259,6,6,0,5510.08,5511.66,1.5799999999999272,,0.0,0.0,0,0,6,0,[],False,False
wseg_002330,,,,,14260,14266,7,7,0,5511.66,5513.5,1.8400000000001455,,0.5200000000004366,0.5200000000004366,1,0,7,0,[],False,False
wseg_002331,,,,,14267,14272,6,6,0,5514.02,5515.98,1.9599999999991269,,0.0,0.0,0,0,6,0,[],False,False
wseg_002332,,,,,14273,14277,5,5,0,5515.98,5517.54,1.5600000000004002,,0.28000000000065484,0.4400000000005093,2,0,5,0,[],False,False
wseg_002333,,,,,14278,14280,3,3,0,5517.820000000001,5518.68,0.8599999999996726,,0.9799999999995634,0.9799999999995634,1,0,3,0,[],False,False
wseg_002334,,,,,14281,14289,9,9,0,5519.66,5522.22,2.5600000000004,,0.0,0.0,0,0,9,0,[],False,False
wseg_002335,,,,,14290,14296,7,7,0,5522.22,5524.48,2.259999999999309,,0.0,0.0,0,0,7,0,[],False,False
wseg_002336,,,,,14297,14300,4,4,0,5524.48,5525.24,0.7600000000002183,,0.0,0.0,0,0,4,0,[],False,False
wseg_002337,,,,,14301,14307,7,7,0,5525.24,5527.32,2.0799999999999272,,0.0,0.0,0,0,7,0,[],False,False
wseg_002338,,,,,14308,14313,6,6,0,5527.32,5528.86,1.5399999999999636,,0.0,0.0,0,0,6,0,[],False,False
wseg_002339,,,,,14314,14317,4,4,0,5528.86,5530.62,1.7600000000002183,,0.0,0.0,0,0,4,0,[],False,False
wseg_002340,,,,,14318,14329,12,12,0,5530.62,5533.38,2.7600000000002183,,0.0,0.0,0,0,12,0,[],False,False
wseg_002341,,,,,14330,14334,5,5,0,5533.38,5535.62,2.2399999999997817,,0.0,0.0,0,0,5,0,[],False,False
wseg_002342,,,,,14335,14340,6,6,0,5535.62,5537.46,1.8400000000001455,,0.9599999999991269,0.9599999999991269,1,0,6,0,[],False,False
wseg_002343,,,,,14341,14343,3,3,0,5538.419999999999,5539.88,1.4600000000009459,,0.0,0.0,0,0,3,0,[],False,False
wseg_002344,,,,,14344,14347,4,4,0,5539.88,5541.2,1.319999999999709,,0.9600000000000364,0.9600000000000364,1,0,4,0,[],False,False
wseg_002345,,,,,14348,14352,5,5,0,5542.16,5543.32,1.1599999999998545,,0.0999999999994543,0.0999999999994543,1,0,5,0,[],False,False
wseg_002346,,,,,14353,14359,7,7,0,5543.32,5544.64,1.3200000000006185,,0.5799999999990177,0.5799999999990177,1,0,7,0,[],False,False
wseg_002347,,,,,14360,14363,4,4,0,5545.219999999999,5546.9,1.680000000000291,,0.020000000000436557,0.020000000000436557,1,0,4,0,[],False,False
wseg_002348,,,,,14364,14366,3,3,0,5546.9,5549.08,2.180000000000291,,0.0,0.0,0,0,3,0,[],False,False
wseg_002349,,,,,14367,14370,4,4,0,5549.08,5550.72,1.6400000000003274,,0.5199999999995271,0.5199999999995271,1,0,4,0,[],False,False
wseg_002350,,,,,14371,14380,10,10,0,5551.24,5553.12,1.8800000000001091,,0.0,0.0,0,0,10,0,[],False,False
wseg_002351,,,,,14381,14386,6,6,0,5553.12,5554.78,1.6599999999998545,,0.6000000000003638,0.6000000000003638,1,0,6,0,[],False,False
wseg_002352,,,,,14387,14393,7,7,0,5555.38,5557.34,1.9600000000000364,,0.020000000000436557,0.020000000000436557,1,0,7,0,[],False,False
wseg_002353,,,,,14394,14402,9,9,0,5557.34,5559.3,1.9600000000000364,,0.0,0.0,0,0,9,0,[],False,False
wseg_002354,,,,,14403,14409,7,7,0,5559.3,5561.26,1.9600000000000364,,0.0,0.0,0,0,7,0,[],False,False
wseg_002355,,,,,14410,14416,7,7,0,5561.26,5563.38,2.119999999999891,,0.0,0.0,0,0,7,0,[],False,False
wseg_002356,,,,,14417,14420,4,4,0,5563.38,5564.68,1.300000000000182,,0.5599999999994907,0.5599999999994907,1,0,4,0,[],False,False
wseg_002357,,,,,14421,14428,8,8,0,5565.24,5566.98,1.7399999999997817,,0.0,0.0,0,0,8,0,[],False,False
wseg_002358,,,,,14429,14434,6,6,0,5566.98,5569.4,2.4200000000000728,,0.0,0.0,0,0,6,0,[],False,False
wseg_002359,,,,,14435,14441,7,7,0,5569.4,5571.26,1.860000000000582,,0.0,0.0,0,0,7,0,[],False,False
wseg_002360,,,,,14442,14450,9,9,0,5571.26,5573.4,2.139999999999418,,0.5400000000008731,0.7200000000011642,2,0,9,0,[],False,False
wseg_002361,,,,,14451,14457,7,7,0,5573.9400000000005,5575.32,1.3799999999991996,,0.03999999999996362,0.03999999999996362,1,0,7,0,[],False,False
wseg_002362,,,,,14458,14464,7,7,0,5575.32,5577.0,1.680000000000291,,0.0,0.0,0,0,7,0,[],False,False
wseg_002363,,,,,14465,14472,8,8,0,5577.0,5579.14,2.1400000000003274,,0.03999999999996362,0.03999999999996362,1,0,8,0,[],False,False
wseg_002364,,,,,14473,14478,6,6,0,5579.14,5580.54,1.3999999999996362,,0.0,0.0,0,0,6,0,[],False,False
wseg_002365,,,,,14479,14486,8,8,0,5580.54,5583.02,2.480000000000473,,0.0,0.0,0,0,8,0,[],False,False
wseg_002366,,,,,14487,14493,7,7,0,5583.02,5585.22,2.199999999999818,,0.019999999999527063,0.019999999999527063,1,0,7,0,[],False,False
wseg_002367,,,,,14494,14498,5,5,0,5585.24,5587.2,1.9600000000000364,,0.0,0.0,0,0,5,0,[],False,False
wseg_002368,,,,,14499,14503,5,5,0,5587.2,5588.46,1.2600000000002183,,0.6199999999998909,0.6199999999998909,1,0,5,0,[],False,False
wseg_002369,,,,,14504,14510,7,7,0,5589.08,5590.36,1.2799999999997453,,0.0,0.0,0,0,7,0,[],False,False
wseg_002370,,,,,14511,14519,9,9,0,5590.36,5592.94,2.5799999999999272,,0.0,0.0,0,0,9,0,[],False,False
wseg_002371,,,,,14520,14525,6,6,0,5592.94,5594.76,1.8200000000006185,,0.0,0.0,0,0,6,0,[],False,False
wseg_002372,,,,,14526,14529,4,4,0,5594.76,5595.98,1.2199999999993452,,0.0,0.0,0,0,4,0,[],False,False
wseg_002373,,,,,14530,14538,9,9,0,5595.98,5599.22,3.240000000000691,,0.48000000000047294,0.48000000000047294,1,0,9,0,[],False,False
wseg_002374,,,,,14539,14545,7,7,0,5599.700000000001,5601.48,1.7799999999988358,,0.07999999999992724,0.07999999999992724,1,0,7,0,[],False,False
wseg_002375,,,,,14546,14549,4,4,0,5601.48,5602.3,0.8200000000006185,,0.0,0.0,0,0,4,0,[],False,False
wseg_002376,,,,,14550,14560,11,11,0,5602.3,5604.8,2.5,,0.05999999999949068,0.05999999999949068,1,0,11,0,[],False,False
wseg_002377,,,,,14561,14568,8,8,0,5604.8,5606.88,2.0799999999999272,,0.0,0.0,0,0,8,0,[],False,False
wseg_002378,,,,,14569,14575,7,7,0,5606.88,5609.02,2.1400000000003274,,0.0,0.0,0,0,7,0,[],False,False
wseg_002379,,,,,14576,14582,7,7,0,5609.02,5611.14,2.119999999999891,,0.0,0.0,0,0,7,0,[],False,False
wseg_002380,,,,,14583,14584,2,2,0,5611.14,5612.04,0.8999999999996362,,0.0,0.0,0,0,2,0,[],False,False
wseg_002381,,,,,14585,14591,7,7,0,5612.04,5614.98,2.9399999999996,,0.2600000000002183,0.2600000000002183,1,0,7,0,[],False,False
wseg_002382,,,,,14592,14598,7,7,0,5615.24,5617.32,2.0799999999999272,,0.0,0.0,0,0,7,0,[],False,False
wseg_002383,,,,,14599,14602,4,4,0,5617.32,5618.76,1.4400000000005093,,0.0,0.0,0,0,4,0,[],False,False
wseg_002384,,,,,14603,14608,6,6,0,5618.76,5620.48,1.7199999999993452,,0.6000000000012733,0.6000000000012733,1,0,6,0,[],False,False
wseg_002385,,,,,14609,14615,7,7,0,5621.080000000001,5623.54,2.459999999999127,,0.07999999999992724,0.07999999999992724,1,0,7,0,[],False,False
wseg_002386,,,,,14616,14620,5,5,0,5623.54,5625.22,1.680000000000291,,0.0,0.0,0,0,5,0,[],False,False
wseg_002387,,,,,14621,14629,9,9,0,5625.22,5627.32,2.0999999999994543,,0.0,0.0,0,0,9,0,[],False,False
wseg_002388,,,,,14630,14635,6,6,0,5627.32,5629.06,1.7400000000006912,,0.0,0.0,0,0,6,0,[],False,False
wseg_002389,,,,,14636,14638,3,3,0,5629.06,5629.9,0.839999999999236,,0.0,0.0,0,0,3,0,[],False,False
wseg_002390,,,,,14639,14644,6,6,0,5629.9,5631.96,2.0600000000004,,0.0,0.0,0,0,6,0,[],False,False
wseg_002391,,,,,14645,14651,7,7,0,5631.96,5633.44,1.4799999999995634,,0.0,0.0,0,0,7,0,[],False,False
wseg_002392,,,,,14652,14660,9,9,0,5633.44,5636.16,2.7200000000002547,,0.6000000000003638,0.6000000000003638,1,0,9,0,[],False,False
wseg_002393,,,,,14661,14666,6,6,0,5636.76,5638.8,2.0399999999999636,,0.0,0.0,0,0,6,0,[],False,False
wseg_002394,,,,,14667,14675,9,9,0,5638.8,5640.82,2.019999999999527,,0.0,0.0,0,0,9,0,[],False,False
wseg_002395,,,,,14676,14677,2,2,0,5640.82,5641.62,0.8000000000001819,,0.0,0.0,0,0,2,0,[],False,False
wseg_002396,,,,,14678,14684,7,7,0,5641.62,5643.58,1.9600000000000364,,0.0,0.0,0,0,7,0,[],False,False
wseg_002397,,,,,14685,14690,6,6,0,5643.58,5645.36,1.7799999999997453,,0.0,0.0,0,0,6,0,[],False,False
wseg_002398,,,,,14691,14700,10,10,0,5645.36,5647.92,2.5600000000004,,0.0,0.0,0,0,10,0,[],False,False
wseg_002399,,,,,14701,14709,9,9,0,5647.92,5649.84,1.9200000000000728,,0.0,0.0,0,0,9,0,[],False,False
wseg_002400,,,,,14710,14715,6,6,0,5649.84,5651.58,1.7399999999997817,,0.0,0.0,0,0,6,0,[],False,False
wseg_002401,,,,,14716,14722,7,7,0,5651.58,5653.66,2.0799999999999272,,1.4000000000005457,1.4000000000005457,1,0,7,0,[],False,False
wseg_002402,,,,,14723,14725,3,3,0,5655.06,5655.96,0.8999999999996362,,0.0,0.0,0,0,3,0,[],False,False
wseg_002403,,,,,14726,14730,5,5,0,5655.96,5657.5,1.5399999999999636,,0.0,0.0,0,0,5,0,[],False,False
wseg_002404,,,,,14731,14737,7,7,0,5657.5,5659.68,2.180000000000291,,0.0,0.0,0,0,7,0,[],False,False
wseg_002405,,,,,14738,14741,4,4,0,5659.68,5661.14,1.4600000000000364,,0.0,0.0,0,0,4,0,[],False,False
wseg_002406,,,,,14742,14748,7,7,0,5661.14,5663.58,2.4399999999996,,0.0,0.0,0,0,7,0,[],False,False
wseg_002407,,,,,14749,14756,8,8,0,5663.58,5665.96,2.380000000000109,,0.0,0.0,0,0,8,0,[],False,False
wseg_002408,,,,,14757,14761,5,5,0,5665.96,5667.78,1.819999999999709,,0.7800000000006548,0.7800000000006548,1,0,5,0,[],False,False
wseg_002409,,,,,14762,14764,3,3,0,5668.56,5669.5,0.9399999999995998,,0.0,0.0,0,0,3,0,[],False,False
wseg_002410,,,,,14765,14770,6,6,0,5669.5,5671.14,1.6400000000003274,,0.47999999999956344,0.47999999999956344,1,0,6,0,[],False,False
wseg_002411,,,,,14771,14775,5,5,0,5671.62,5673.36,1.7399999999997817,,0.0,0.0,0,0,5,0,[],False,False
wseg_002412,,,,,14776,14782,7,7,0,5673.36,5674.86,1.5,,0.0,0.0,0,0,7,0,[],False,False
wseg_002413,,,,,14783,14788,6,6,0,5674.86,5677.42,2.5600000000004,,0.0,0.0,0,0,6,0,[],False,False
wseg_002414,,,,,14789,14793,5,5,0,5677.42,5679.16,1.7399999999997817,,0.5400000000008731,0.5400000000008731,1,0,5,0,[],False,False
wseg_002415,,,,,14794,14800,7,7,0,5679.700000000001,5681.74,2.039999999999054,,0.0,0.0,0,0,7,0,[],False,False
wseg_002416,,,,,14801,14802,2,2,0,5681.74,5682.7,0.9600000000000364,,0.0,0.0,0,0,2,0,[],False,False
wseg_002417,,,,,14803,14808,6,6,0,5682.7,5684.56,1.860000000000582,,0.0,0.0,0,0,6,0,[],False,False
wseg_002418,,,,,14809,14812,4,4,0,5684.56,5686.18,1.6199999999998909,,0.7200000000002547,0.7200000000002547,1,0,4,0,[],False,False
wseg_002419,,,,,14813,14816,4,4,0,5686.900000000001,5688.46,1.5599999999994907,,0.0,0.0,0,0,4,0,[],False,False
wseg_002420,,,,,14817,14825,9,9,0,5688.46,5690.32,1.8599999999996726,,0.0,0.0,0,0,9,0,[],False,False
wseg_002421,,,,,14826,14832,7,7,0,5690.32,5692.7,2.380000000000109,,0.0,0.0,0,0,7,0,[],False,False
wseg_002422,,,,,14833,14840,8,8,0,5692.7,5694.98,2.2799999999997453,,0.5800000000008367,0.5800000000008367,1,0,8,0,[],False,False
wseg_002423,,,,,14841,14848,8,8,0,5695.56,5697.16,1.5999999999994543,,0.11999999999989086,0.11999999999989086,1,0,8,0,[],False,False
wseg_002424,,,,,14849,14852,4,4,0,5697.16,5698.26,1.1000000000003638,,0.0,0.0,0,0,4,0,[],False,False
wseg_002425,,,,,14853,14862,10,10,0,5698.26,5701.26,3.0,,0.3599999999996726,0.3599999999996726,1,0,10,0,[],False,False
wseg_002426,,,,,14863,14867,5,5,0,5701.62,5703.12,1.5,,0.0,0.0,0,0,5,0,[],False,False
wseg_002427,,,,,14868,14872,5,5,0,5703.12,5704.54,1.4200000000000728,,0.0,0.0,0,0,5,0,[],False,False
wseg_002428,,,,,14873,14878,6,6,0,5704.54,5706.86,2.319999999999709,,0.0,0.0,0,0,6,0,[],False,False
wseg_002429,,,,,14879,14884,6,6,0,5706.86,5708.56,1.7000000000007276,,0.0,0.0,0,0,6,0,[],False,False
wseg_002430,,,,,14885,14888,4,4,0,5708.56,5709.92,1.3599999999996726,,0.0,0.0,0,0,4,0,[],False,False
wseg_002431,,,,,14889,14895,7,7,0,5709.92,5712.9,2.9799999999995634,,0.0,0.0,0,0,7,0,[],False,False
wseg_002432,,,,,14896,14902,7,7,0,5712.9,5715.68,2.780000000000655,,0.0,0.0,0,0,7,0,[],False,False
wseg_002433,,,,,14903,14908,6,6,0,5715.68,5717.04,1.3599999999996726,,0.0,0.0,0,0,6,0,[],False,False
wseg_002434,,,,,14909,14917,9,9,0,5717.04,5719.46,2.4200000000000728,,0.0,0.0,0,0,9,0,[],False,False
wseg_002435,,,,,14918,14924,7,7,0,5719.46,5720.96,1.5,,0.0,0.0,0,0,7,0,[],False,False
wseg_002436,,,,,14925,14928,4,4,0,5720.96,5722.52,1.5600000000004002,,0.0,0.0,0,0,4,0,[],False,False
wseg_002437,,,,,14929,14932,4,4,0,5722.52,5724.04,1.519999999999527,,0.0,0.0,0,0,4,0,[],False,False
wseg_002438,,,,,14933,14937,5,5,0,5724.04,5726.52,2.480000000000473,,0.3000000000001819,0.3000000000001819,1,0,5,0,[],False,False
wseg_002439,,,,,14938,14948,11,11,0,5726.52,5728.94,2.4199999999991633,,0.5799999999999272,0.5799999999999272,1,0,11,0,[],False,False
wseg_002440,,,,,14949,14952,4,4,0,5729.5199999999995,5731.28,1.7600000000002183,,0.0,0.0,0,0,4,0,[],False,False
wseg_002441,,,,,14953,14956,4,4,0,5731.28,5732.16,0.8800000000001091,,0.0,0.0,0,0,4,0,[],False,False
wseg_002442,,,,,14957,14964,8,8,0,5732.16,5734.52,2.360000000000582,,0.0,0.0,0,0,8,0,[],False,False
wseg_002443,,,,,14965,14971,7,7,0,5734.52,5736.12,1.5999999999994543,,0.0,0.0,0,0,7,0,[],False,False
wseg_002444,,,,,14972,14978,7,7,0,5736.12,5737.92,1.800000000000182,,0.0,0.0,0,0,7,0,[],False,False
wseg_002445,,,,,14979,14983,5,5,0,5737.92,5739.42,1.5,,0.0,0.0,0,0,5,0,[],False,False
wseg_002446,,,,,14984,14988,5,5,0,5739.42,5742.22,2.800000000000182,,0.0,0.0,0,0,5,0,[],False,False
wseg_002447,,,,,14989,14993,5,5,0,5742.22,5744.0,1.7799999999997453,,0.0,0.0,0,0,5,0,[],False,False
wseg_002448,,,,,14994,14996,3,3,0,5744.0,5745.28,1.2799999999997453,,0.0,0.0,0,0,3,0,[],False,False
wseg_002449,,,,,14997,14999,3,3,0,5745.28,5746.48,1.199999999999818,,19.00000000000091,19.00000000000091,1,0,3,0,[],False,False
wseg_002450,,,,,15000,15003,4,4,0,5765.4800000000005,5766.88,1.3999999999996362,,0.0,0.0,0,0,4,0,[],False,False
wseg_002451,,,,,15004,15009,6,6,0,5766.88,5769.1,2.2200000000002547,,0.019999999999527063,0.019999999999527063,1,0,6,0,[],False,False
wseg_002452,,,,,15010,15011,2,2,0,5769.1,5769.76,0.6599999999998545,,0.0,0.0,0,0,2,0,[],False,False
wseg_002453,,,,,15012,15016,5,5,0,5769.76,5772.32,2.5599999999994907,,0.0,0.0,0,0,5,0,[],False,False
wseg_002454,,,,,15017,15024,8,8,0,5772.32,5774.22,1.9000000000005457,,0.0,0.0,0,0,8,0,[],False,False
wseg_002455,,,,,15025,15029,5,5,0,5774.22,5775.46,1.2399999999997817,,0.0,0.0,0,0,5,0,[],False,False
wseg_002456,,,,,15030,15034,5,5,0,5775.46,5777.46,2.0,,0.0,0.0,0,0,5,0,[],False,False
wseg_002457,,,,,15035,15044,10,10,0,5777.46,5779.62,2.1599999999998545,,0.0,0.0,0,0,10,0,[],False,False
wseg_002458,,,,,15045,15048,4,4,0,5779.62,5781.22,1.6000000000003638,,0.0,0.0,0,0,4,0,[],False,False
wseg_002459,,,,,15049,15055,7,7,0,5781.22,5782.9,1.6799999999993815,,0.0,0.0,0,0,7,0,[],False,False
wseg_002460,,,,,15056,15062,7,7,0,5782.9,5784.9,2.0,,0.0,0.0,0,0,7,0,[],False,False
wseg_002461,,,,,15063,15072,10,10,0,5784.9,5787.98,3.0799999999999272,,0.0,0.0,0,0,10,0,[],False,False
wseg_002462,,,,,15073,15076,4,4,0,5787.98,5789.72,1.7400000000006912,,0.0,0.0,0,0,4,0,[],False,False
wseg_002463,,,,,15077,15085,9,9,0,5789.72,5792.22,2.5,,0.0,0.0,0,0,9,0,[],False,False
wseg_002464,,,,,15086,15090,5,5,0,5792.22,5793.74,1.519999999999527,,0.0,0.0,0,0,5,0,[],False,False
wseg_002465,,,,,15091,15098,8,8,0,5793.74,5795.54,1.800000000000182,,0.0,0.0,0,0,8,0,[],False,False
wseg_002466,,,,,15099,15103,5,5,0,5795.54,5797.44,1.8999999999996362,,0.0,0.0,0,0,5,0,[],False,False
wseg_002467,,,,,15104,15108,5,5,0,5797.44,5799.26,1.8200000000006185,,0.47999999999956344,0.47999999999956344,1,0,5,0,[],False,False
wseg_002468,,,,,15109,15112,4,4,0,5799.74,5801.08,1.3400000000001455,,0.0,0.0,0,0,4,0,[],False,False
wseg_002469,,,,,15113,15121,9,9,0,5801.08,5803.44,2.3599999999996726,,0.0,0.0,0,0,9,0,[],False,False
wseg_002470,,,,,15122,15128,7,7,0,5803.44,5806.04,2.600000000000364,,0.0,0.0,0,0,7,0,[],False,False
wseg_002471,,,,,15129,15133,5,5,0,5806.04,5807.96,1.9200000000000728,,0.21999999999934516,0.21999999999934516,1,0,5,0,[],False,False
wseg_002472,,,,,15134,15140,7,7,0,5807.96,5809.64,1.680000000000291,,0.0,0.0,0,0,7,0,[],False,False
wseg_002473,,,,,15141,15145,5,5,0,5809.64,5811.44,1.7999999999992724,,0.0,0.0,0,0,5,0,[],False,False
wseg_002474,,,,,15146,15151,6,6,0,5811.44,5813.28,1.8400000000001455,,0.0,0.0,0,0,6,0,[],False,False
wseg_002475,,,,,15152,15155,4,4,0,5813.28,5814.36,1.0799999999999272,,0.0,0.0,0,0,4,0,[],False,False
wseg_002476,,,,,15156,15167,12,12,0,5814.36,5817.76,3.4000000000005457,,0.0,0.0,0,0,12,0,[],False,False
wseg_002477,,,,,15168,15175,8,8,0,5817.76,5819.48,1.7199999999993452,,0.0,0.0,0,0,8,0,[],False,False
wseg_002478,,,,,15176,15179,4,4,0,5819.48,5820.86,1.3800000000001091,,0.0,0.0,0,0,4,0,[],False,False
wseg_002479,,,,,15180,15185,6,6,0,5820.86,5822.24,1.3800000000001091,,0.0,0.0,0,0,6,0,[],False,False
wseg_002480,,,,,15186,15192,7,7,0,5822.24,5824.48,2.2399999999997817,,0.0,0.0,0,0,7,0,[],False,False
wseg_002481,,,,,15193,15198,6,6,0,5824.48,5826.62,2.1400000000003274,,0.0,0.0,0,0,6,0,[],False,False
wseg_002482,,,,,15199,15202,4,4,0,5826.62,5828.38,1.7600000000002183,,0.0,0.0,0,0,4,0,[],False,False
wseg_002483,,,,,15203,15209,7,7,0,5828.38,5830.04,1.6599999999998545,,0.0,0.0,0,0,7,0,[],False,False
wseg_002484,,,,,15210,15217,8,8,0,5830.04,5832.12,2.0799999999999272,,0.2600000000002183,0.2600000000002183,1,0,8,0,[],False,False
wseg_002485,,,,,15218,15222,5,5,0,5832.12,5833.7,1.5799999999999272,,0.4400000000005093,0.4400000000005093,1,0,5,0,[],False,False
wseg_002486,,,,,15223,15228,6,6,0,5834.14,5835.62,1.4799999999995634,,0.0,0.0,0,0,6,0,[],False,False
wseg_002487,,,,,15229,15238,10,10,0,5835.62,5837.86,2.2399999999997817,,0.0,0.0,0,0,10,0,[],False,False
wseg_002488,,,,,15239,15245,7,7,0,5837.86,5839.9,2.0399999999999636,,0.0,0.0,0,0,7,0,[],False,False
wseg_002489,,,,,15246,15253,8,8,0,5839.9,5841.8,1.9000000000005457,,0.0,0.0,0,0,8,0,[],False,False
wseg_002490,,,,,15254,15260,7,7,0,5841.8,5844.18,2.380000000000109,,0.0,0.0,0,0,7,0,[],False,False
wseg_002491,,,,,15261,15264,4,4,0,5844.18,5844.94,0.7599999999993088,,2.8200000000006185,2.8200000000006185,1,0,4,0,[],False,False
wseg_002492,,,,,15265,15272,8,8,0,5847.76,5849.36,1.5999999999994543,,0.0,0.0,0,0,8,0,[],False,False
wseg_002493,,,,,15273,15275,3,3,0,5849.36,5851.14,1.7800000000006548,,0.0,0.0,0,0,3,0,[],False,False
wseg_002494,,,,,15276,15284,9,9,0,5851.14,5854.06,2.9200000000000728,,0.019999999999527063,0.019999999999527063,1,0,9,0,[],False,False
wseg_002495,,,,,15285,15292,8,8,0,5854.06,5855.74,1.6799999999993815,,0.019999999999527063,0.019999999999527063,1,0,8,0,[],False,False
wseg_002496,,,,,15293,15299,7,7,0,5855.74,5857.6,1.860000000000582,,0.2600000000002183,0.2600000000002183,1,0,7,0,[],False,False
wseg_002497,,,,,15300,15307,8,8,0,5857.6,5859.8,2.199999999999818,,0.0,0.0,0,0,8,0,[],False,False
wseg_002498,,,,,15308,15313,6,6,0,5859.8,5861.62,1.819999999999709,,0.0,0.0,0,0,6,0,[],False,False
wseg_002499,,,,,15314,15317,4,4,0,5861.62,5863.82,2.199999999999818,,0.020000000000436557,0.020000000000436557,1,0,4,0,[],False,False
wseg_002500,,,,,15318,15323,6,6,0,5863.82,5865.7,1.8800000000001091,,0.0,0.0,0,0,6,0,[],False,False
wseg_002501,,,,,15324,15329,6,6,0,5865.7,5867.82,2.119999999999891,,0.1000000000003638,0.1000000000003638,1,0,6,0,[],False,False
wseg_002502,,,,,15330,15334,5,5,0,5867.82,5869.6,1.7800000000006548,,0.0,0.0,0,0,5,0,[],False,False
wseg_002503,,,,,15335,15340,6,6,0,5869.6,5871.16,1.5599999999994907,,0.0,0.0,0,0,6,0,[],False,False
wseg_002504,,,,,15341,15347,7,7,0,5871.16,5872.88,1.7200000000002547,,0.0,0.0,0,0,7,0,[],False,False
wseg_002505,,,,,15348,15354,7,7,0,5872.88,5875.32,2.4399999999996,,0.0,0.0,0,0,7,0,[],False,False
wseg_002506,,,,,15355,15359,5,5,0,5875.32,5876.78,1.4600000000000364,,0.9800000000004729,0.9800000000004729,1,0,5,0,[],False,False
wseg_002507,,,,,15360,15364,5,5,0,5877.76,5879.4,1.639999999999418,,0.0,0.0,0,0,5,0,[],False,False
wseg_002508,,,,,15365,15370,6,6,0,5879.4,5881.08,1.680000000000291,,0.6599999999998545,0.6599999999998545,1,0,6,0,[],False,False
wseg_002509,,,,,15371,15377,7,7,0,5881.74,5883.12,1.3800000000001091,,0.0,0.0,0,0,7,0,[],False,False
wseg_002510,,,,,15378,15386,9,9,0,5883.12,5885.98,2.8599999999996726,,0.18000000000029104,0.3000000000001819,2,0,9,0,[],False,False
wseg_002511,,,,,15387,15391,5,5,0,5885.98,5887.8,1.8200000000006185,,0.0,0.0,0,0,5,0,[],False,False
wseg_002512,,,,,15392,15398,7,7,0,5887.8,5889.7,1.8999999999996362,,0.0,0.0,0,0,7,0,[],False,False
wseg_002513,,,,,15399,15403,5,5,0,5889.7,5891.42,1.7200000000002547,,0.0,0.0,0,0,5,0,[],False,False
wseg_002514,,,,,15404,15410,7,7,0,5891.42,5892.94,1.519999999999527,,0.48000000000047294,0.48000000000047294,1,0,7,0,[],False,False
wseg_002515,,,,,15411,15417,7,7,0,5893.42,5895.78,2.3599999999996726,,0.0,0.0,0,0,7,0,[],False,False
wseg_002516,,,,,15418,15423,6,6,0,5895.78,5897.38,1.6000000000003638,,0.0,0.0,0,0,6,0,[],False,False
wseg_002517,,,,,15424,15429,6,6,0,5897.38,5899.22,1.8400000000001455,,0.3400000000001455,0.3400000000001455,1,0,6,0,[],False,False
wseg_002518,,,,,15430,15435,6,6,0,5899.56,5900.9,1.339999999999236,,0.0,0.0,0,0,6,0,[],False,False
wseg_002519,,,,,15436,15444,9,9,0,5900.9,5903.64,2.740000000000691,,0.6000000000003638,0.6000000000003638,1,0,9,0,[],False,False
wseg_002520,,,,,15445,15449,5,5,0,5904.240000000001,5905.94,1.6999999999989086,,0.0,0.0,0,0,5,0,[],False,False
wseg_002521,,,,,15450,15452,3,3,0,5905.94,5906.74,0.8000000000001819,,1.0200000000004366,1.0200000000004366,1,0,3,0,[],False,False
wseg_002522,,,,,15453,15461,9,9,0,5907.76,5909.46,1.699999999999818,,0.0,0.0,0,0,9,0,[],False,False
wseg_002523,,,,,15462,15463,2,2,0,5909.46,5910.02,0.5600000000004002,,0.0,0.0,0,0,2,0,[],False,False
wseg_002524,,,,,15464,15467,4,4,0,5910.02,5911.98,1.9599999999991269,,0.0,0.0,0,0,4,0,[],False,False
wseg_002525,,,,,15468,15477,10,10,0,5911.98,5914.56,2.5800000000008367,,0.0,0.0,0,0,10,0,[],False,False
wseg_002526,,,,,15478,15485,8,8,0,5914.56,5916.66,2.0999999999994543,,0.0,0.0,0,0,8,0,[],False,False
wseg_002527,,,,,15486,15491,6,6,0,5916.66,5918.1,1.4400000000005093,,0.0,0.0,0,0,6,0,[],False,False
wseg_002528,,,,,15492,15498,7,7,0,5918.1,5920.7,2.5999999999994543,,0.0,0.0,0,0,7,0,[],False,False
wseg_002529,,,,,15499,15505,7,7,0,5920.7,5923.02,2.3200000000006185,,0.0,0.0,0,0,7,0,[],False,False
wseg_002530,,,,,15506,15511,6,6,0,5923.02,5924.6,1.5799999999999272,,0.0,0.0,0,0,6,0,[],False,False
wseg_002531,,,,,15512,15518,7,7,0,5924.6,5927.14,2.5399999999999636,,0.07999999999992724,0.07999999999992724,1,0,7,0,[],False,False
wseg_002532,,,,,15519,15524,6,6,0,5927.14,5928.24,1.0999999999994543,,0.0,0.0,0,0,6,0,[],False,False
wseg_002533,,,,,15525,15531,7,7,0,5928.24,5930.0,1.7600000000002183,,0.0,0.0,0,0,7,0,[],False,False
wseg_002534,,,,,15532,15536,5,5,0,5930.0,5931.9,1.8999999999996362,,0.22000000000025466,0.32000000000061846,2,1,5,0,[],False,False
wseg_002535,,,,,15537,15540,4,4,0,5931.9,5933.06,1.160000000000764,,0.0,0.0,0,0,4,0,[],False,False
wseg_002536,,,,,15541,15551,11,11,0,5933.06,5936.62,3.5599999999994907,,1.1400000000003274,1.1400000000003274,1,0,11,0,[],False,False
wseg_002537,,,,,15552,15555,4,4,0,5937.76,5939.28,1.519999999999527,,0.0,0.0,0,0,4,0,[],False,False
wseg_002538,,,,,15556,15563,8,8,0,5939.28,5941.0,1.7200000000002547,,0.0,0.0,0,0,8,0,[],False,False
wseg_002539,,,,,15564,15566,3,3,0,5941.0,5942.44,1.4399999999995998,,0.0,0.0,0,0,3,0,[],False,False
wseg_002540,,,,,15567,15577,11,11,0,5942.44,5945.76,3.3200000000006185,,0.0,0.0,0,0,11,0,[],False,False
wseg_002541,,,,,15578,15580,3,3,0,5945.76,5947.68,1.9200000000000728,,0.0,0.0,0,0,3,0,[],False,False
wseg_002542,,,,,15581,15586,6,6,0,5947.68,5949.06,1.3800000000001091,,0.0,0.0,0,0,6,0,[],False,False
wseg_002543,,,,,15587,15593,7,7,0,5949.06,5951.5,2.4399999999996,,0.0,0.0,0,0,7,0,[],False,False
wseg_002544,,,,,15594,15598,5,5,0,5951.5,5953.08,1.5799999999999272,,0.21999999999934516,0.21999999999934516,1,0,5,0,[],False,False
wseg_002545,,,,,15599,15605,7,7,0,5953.08,5955.72,2.6400000000003274,,0.0,0.0,0,0,7,0,[],False,False
wseg_002546,,,,,15606,15611,6,6,0,5955.72,5957.76,2.0399999999999636,,0.0,0.0,0,0,6,0,[],False,False
wseg_002547,,,,,15612,15618,7,7,0,5957.76,5959.56,1.800000000000182,,0.0,0.0,0,0,7,0,[],False,False
wseg_002548,,,,,15619,15626,8,8,0,5959.56,5960.88,1.319999999999709,,0.0,0.0,0,0,8,0,[],False,False
wseg_002549,,,,,15627,15634,8,8,0,5960.88,5963.1,2.2200000000002547,,0.0,0.0,0,0,8,0,[],False,False
wseg_002550,,,,,15635,15641,7,7,0,5963.1,5965.4,2.2999999999992724,,0.0,0.0,0,0,7,0,[],False,False
wseg_002551,,,,,15642,15646,5,5,0,5965.4,5967.46,2.0600000000004,,0.3000000000001819,0.3000000000001819,1,0,5,0,[],False,False
wseg_002552,,,,,15647,15649,3,3,0,5967.76,5969.14,1.3800000000001091,,0.0,0.0,0,0,3,0,[],False,False
wseg_002553,,,,,15650,15654,5,5,0,5969.14,5971.34,2.199999999999818,,0.18000000000029104,0.18000000000029104,1,0,5,0,[],False,False
wseg_002554,,,,,15655,15659,5,5,0,5971.34,5973.12,1.7799999999997453,,0.0,0.0,0,0,5,0,[],False,False
wseg_002555,,,,,15660,15667,8,8,0,5973.12,5975.92,2.800000000000182,,0.0,0.0,0,0,8,0,[],False,False
wseg_002556,,,,,15668,15672,5,5,0,5975.92,5978.08,2.1599999999998545,,0.0,0.0,0,0,5,0,[],False,False
wseg_002557,,,,,15673,15677,5,5,0,5978.08,5980.16,2.0799999999999272,,0.0,0.0,0,0,5,0,[],False,False
wseg_002558,,,,,15678,15680,3,3,0,5980.16,5981.34,1.180000000000291,,0.0,0.0,0,0,3,0,[],False,False
wseg_002559,,,,,15681,15685,5,5,0,5981.34,5982.36,1.019999999999527,,0.0,0.0,0,0,5,0,[],False,False
wseg_002560,,,,,15686,15692,7,7,0,5982.36,5985.34,2.980000000000473,,0.0,0.0,0,0,7,0,[],False,False
wseg_002561,,,,,15693,15697,5,5,0,5985.34,5987.7,2.3599999999996726,,0.0,0.0,0,0,5,0,[],False,False
wseg_002562,,,,,15698,15703,6,6,0,5987.7,5989.72,2.0200000000004366,,0.0,0.0,0,0,6,0,[],False,False
wseg_002563,,,,,15704,15709,6,6,0,5989.72,5991.1,1.3800000000001091,,0.339999999999236,0.339999999999236,1,0,6,0,[],False,False
wseg_002564,,,,,15710,15713,4,4,0,5991.44,5993.06,1.6200000000008004,,0.03999999999996362,0.03999999999996362,1,0,4,0,[],False,False
wseg_002565,,,,,15714,15717,4,4,0,5993.06,5994.4,1.339999999999236,,0.0,0.0,0,0,4,0,[],False,False
wseg_002566,,,,,15718,15723,6,6,0,5994.4,5997.62,3.2200000000002547,,0.17999999999938154,0.31999999999970896,2,0,6,0,[],False,False
wseg_002567,,,,,15724,15726,3,3,0,5997.76,5998.82,1.0599999999994907,,0.0,0.0,0,0,3,0,[],False,False
wseg_002568,,,,,15727,15731,5,5,0,5998.82,6000.34,1.5200000000004366,,0.0,0.0,0,0,5,0,[],False,False
wseg_002569,,,,,15732,15738,7,7,0,6000.34,6001.78,1.4399999999995998,,0.0,0.0,0,0,7,0,[],False,False
wseg_002570,,,,,15739,15745,7,7,0,6001.78,6004.32,2.5399999999999636,,0.1000000000003638,0.12000000000080036,2,0,7,0,[],False,False
wseg_002571,,,,,15746,15752,7,7,0,6004.32,6006.98,2.6599999999998545,,0.07999999999992724,0.07999999999992724,1,0,7,0,[],False,False
wseg_002572,,,,,15753,15759,7,7,0,6006.98,6009.1,2.1200000000008004,,0.0,0.0,0,0,7,0,[],False,False
wseg_002573,,,,,15760,15768,9,9,0,6009.1,6011.78,2.6799999999993815,,0.0,0.0,0,0,9,0,[],False,False
wseg_002574,,,,,15769,15773,5,5,0,6011.78,6013.16,1.3800000000001091,,0.0,0.0,0,0,5,0,[],False,False
wseg_002575,,,,,15774,15783,10,10,0,6013.16,6015.58,2.4200000000000728,,0.0,0.0,0,0,10,0,[],False,False
wseg_002576,,,,,15784,15788,5,5,0,6015.58,6016.92,1.3400000000001455,,0.0,0.0,0,0,5,0,[],False,False
wseg_002577,,,,,15789,15791,3,3,0,6016.92,6017.82,0.8999999999996362,,0.0,0.0,0,0,3,0,[],False,False
wseg_002578,,,,,15792,15797,6,6,0,6017.82,6020.28,2.4600000000000364,,0.019999999999527063,0.019999999999527063,1,0,6,0,[],False,False
wseg_002579,,,,,15798,15805,8,8,0,6020.28,6021.94,1.6599999999998545,,0.0,0.0,0,0,8,0,[],False,False
wseg_002580,,,,,15806,15812,7,7,0,6021.94,6024.18,2.240000000000691,,0.0,0.0,0,0,7,0,[],False,False
wseg_002581,,,,,15813,15816,4,4,0,6024.18,6025.18,1.0,,2.5799999999999272,2.5799999999999272,1,0,4,0,[],False,False
wseg_002582,,,,,15817,15823,7,7,0,6027.76,6028.56,0.8000000000001819,,0.0,0.0,0,0,7,0,[],False,False
wseg_002583,,,,,15824,15831,8,8,0,6028.56,6030.44,1.8799999999991996,,0.0,0.0,0,0,8,0,[],False,False
wseg_002584,,,,,15832,15840,9,9,0,6030.44,6032.94,2.5,,0.0,0.0,0,0,9,0,[],False,False
wseg_002585,,,,,15841,15846,6,6,0,6032.94,6034.6,1.660000000000764,,0.0,0.0,0,0,6,0,[],False,False
wseg_002586,,,,,15847,15857,11,11,0,6034.6,6037.04,2.4399999999996,,0.0,0.0,0,0,11,0,[],False,False
wseg_002587,,,,,15858,15861,4,4,0,6037.04,6037.72,0.680000000000291,,0.0,0.0,0,0,4,0,[],False,False
wseg_002588,,,,,15862,15869,8,8,0,6037.72,6039.9,2.1799999999993815,,0.0,0.0,0,0,8,0,[],False,False
wseg_002589,,,,,15870,15873,4,4,0,6039.9,6040.6,0.7000000000007276,,0.0,0.0,0,0,4,0,[],False,False
wseg_002590,,,,,15874,15879,6,6,0,6040.6,6042.68,2.0799999999999272,,0.0,0.0,0,0,6,0,[],False,False
wseg_002591,,,,,15880,15886,7,7,0,6042.68,6044.54,1.8599999999996726,,0.0,0.0,0,0,7,0,[],False,False
wseg_002592,,,,,15887,15892,6,6,0,6044.54,6047.08,2.5399999999999636,,0.0,0.0,0,0,6,0,[],False,False
wseg_002593,,,,,15893,15901,9,9,0,6047.08,6049.56,2.480000000000473,,0.0,0.0,0,0,9,0,[],False,False
wseg_002594,,,,,15902,15907,6,6,0,6049.56,6050.66,1.0999999999994543,,0.0,0.0,0,0,6,0,[],False,False
wseg_002595,,,,,15908,15912,5,5,0,6050.66,6052.66,2.0,,0.0,0.0,0,0,5,0,[],False,False
wseg_002596,,,,,15913,15915,3,3,0,6052.66,6053.44,0.7799999999997453,,4.5600000000004,4.5600000000004,1,0,3,0,[],False,False
wseg_002597,,,,,15916,15922,7,7,0,6058.0,6060.1,2.100000000000364,,0.0,0.0,0,0,7,0,[],False,False
wseg_002598,,,,,15923,15929,7,7,0,6060.1,6061.4,1.2999999999992724,,6.860000000000582,6.860000000000582,1,0,7,0,[],False,False
wseg_002599,,,,,15930,15930,1,1,0,6068.26,6068.8,0.5399999999999636,,6.220000000000255,6.220000000000255,1,0,1,0,[],False,False
wseg_002600,,,,,15931,15934,4,4,0,6075.02,6076.66,1.639999999999418,,0.0,0.0,0,1,4,0,[],False,False
wseg_002601,,,,,15935,15937,3,3,0,6076.66,6078.3,1.6400000000003274,,0.0,0.0,0,0,3,0,[],False,False
wseg_002602,,,,,15938,15940,3,3,0,6078.3,6081.1,2.800000000000182,,0.0,0.0,0,0,3,0,[],False,False
wseg_002603,,,,,15941,15944,4,4,0,6081.1,6082.28,1.1799999999993815,,0.0,0.0,0,0,4,0,[],False,False
wseg_002604,,,,,15945,15953,9,9,0,6082.28,6084.98,2.699999999999818,,0.0,0.0,0,0,9,0,[],False,False
wseg_002605,,,,,15954,15956,3,3,0,6084.98,6087.04,2.0600000000004,,0.7200000000002547,0.7200000000002547,1,0,3,0,[],False,False
wseg_002606,,,,,15957,15965,9,9,0,6087.76,6089.68,1.9200000000000728,,0.0,0.0,0,0,9,0,[],False,False
wseg_002607,,,,,15966,15967,2,2,0,6089.68,6090.42,0.7399999999997817,,0.0,0.0,0,0,2,0,[],False,False
wseg_002608,,,,,15968,15973,6,6,0,6090.42,6092.46,2.0399999999999636,,0.48000000000047294,0.48000000000047294,1,0,6,0,[],False,False
wseg_002609,,,,,15974,15981,8,8,0,6092.9400000000005,6095.76,2.819999999999709,,0.9399999999995998,0.9399999999995998,1,0,8,0,[],False,False
wseg_002610,,,,,15982,15987,6,6,0,6096.7,6098.4,1.699999999999818,,0.0,0.0,0,0,6,0,[],False,False
wseg_002611,,,,,15988,15992,5,5,0,6098.4,6100.4,2.0,,0.0,0.0,0,0,5,0,[],False,False
wseg_002612,,,,,15993,15996,4,4,0,6100.4,6101.9,1.5,,0.0,0.0,0,0,4,0,[],False,False
wseg_002613,,,,,15997,16004,8,8,0,6101.9,6103.52,1.6200000000008004,,0.0,0.0,0,0,8,0,[],False,False
wseg_002614,,,,,16005,16012,8,8,0,6103.52,6105.88,2.3599999999996726,,0.0,0.0,0,0,8,0,[],False,False
wseg_002615,,,,,16013,16015,3,3,0,6105.88,6106.98,1.0999999999994543,,0.0,0.0,0,0,3,0,[],False,False
wseg_002616,,,,,16016,16021,6,6,0,6106.98,6109.04,2.0600000000004,,0.0,0.0,0,0,6,0,[],False,False
wseg_002617,,,,,16022,16028,7,7,0,6109.04,6111.5,2.4600000000000364,,0.0,0.0,0,0,7,0,[],False,False
wseg_002618,,,,,16029,16037,9,9,0,6111.5,6113.28,1.7799999999997453,,0.0,0.0,0,0,9,0,[],False,False
wseg_002619,,,,,16038,16047,10,10,0,6113.28,6115.44,2.1599999999998545,,0.0,0.0,0,0,10,0,[],False,False
wseg_002620,,,,,16048,16056,9,9,0,6115.44,6117.3,1.860000000000582,,0.0,0.0,0,0,9,0,[],False,False
wseg_002621,,,,,16057,16061,5,5,0,6117.3,6118.9,1.5999999999994543,,1.2200000000011642,1.2200000000011642,1,0,5,0,[],False,False
wseg_002622,,,,,16062,16063,2,2,0,6120.120000000001,6121.08,0.9599999999991269,,0.0,0.0,0,0,2,0,[],False,False
wseg_002623,,,,,16064,16070,7,7,0,6121.08,6123.28,2.199999999999818,,0.0,0.0,0,0,7,0,[],False,False
wseg_002624,,,,,16071,16077,7,7,0,6123.28,6125.26,1.980000000000473,,0.0,0.0,0,0,7,0,[],False,False
wseg_002625,,,,,16078,16083,6,6,0,6125.26,6127.68,2.4200000000000728,,0.0,0.0,0,0,6,0,[],False,False
wseg_002626,,,,,16084,16088,5,5,0,6127.68,6129.52,1.8400000000001455,,0.0,0.0,0,0,5,0,[],False,False
wseg_002627,,,,,16089,16091,3,3,0,6129.52,6130.34,0.819999999999709,,2.800000000000182,2.800000000000182,1,0,3,0,[],False,False
wseg_002628,,,,,16092,16094,3,3,0,6133.14,6134.04,0.8999999999996362,,0.0,0.0,0,0,3,0,[],False,False
wseg_002629,,,,,16095,16099,5,5,0,6134.04,6135.3,1.2600000000002183,,0.0,0.0,0,0,5,0,[],False,False
wseg_002630,,,,,16100,16101,2,2,0,6135.3,6137.14,1.8400000000001455,,0.0,0.0,0,0,2,0,[],False,False
wseg_002631,,,,,16102,16104,3,3,0,6137.14,6137.86,0.7199999999993452,,0.0,0.0,0,0,3,0,[],False,False
wseg_002632,,,,,16105,16114,10,10,0,6137.86,6141.72,3.860000000000582,,0.0,0.0,0,0,10,0,[],False,False
wseg_002633,,,,,16115,16119,5,5,0,6141.72,6143.0,1.2799999999997453,,0.0,0.0,0,0,5,0,[],False,False
wseg_002634,,,,,16120,16124,5,5,0,6143.0,6144.94,1.9399999999995998,,0.5,0.5,1,0,5,0,[],False,False
wseg_002635,,,,,16125,16128,4,4,0,6145.44,6146.84,1.4000000000005457,,0.0,0.0,0,0,4,0,[],False,False
wseg_002636,,,,,16129,16133,5,5,0,6146.84,6149.66,2.819999999999709,,0.0,0.0,0,0,5,0,[],False,False
wseg_002637,,,,,16134,16137,4,4,0,6149.66,6151.26,1.6000000000003638,,0.0,0.0,0,0,4,0,[],False,False
wseg_002638,,,,,16138,16141,4,4,0,6151.26,6151.9,0.6399999999994179,,0.6400000000003274,0.6400000000003274,1,0,4,0,[],False,False
wseg_002639,,,,,16142,16146,5,5,0,6152.54,6154.46,1.9200000000000728,,0.0,0.0,0,0,5,0,[],False,False
wseg_002640,,,,,16147,16156,10,10,0,6154.46,6157.04,2.5799999999999272,,0.0,0.0,0,0,10,0,[],False,False
wseg_002641,,,,,16157,16162,6,6,0,6157.04,6158.2,1.1599999999998545,,0.0,0.0,0,0,6,0,[],False,False
wseg_002642,,,,,16163,16166,4,4,0,6158.2,6159.4,1.199999999999818,,0.5600000000004002,0.5600000000004002,1,0,4,0,[],False,False
wseg_002643,,,,,16167,16171,5,5,0,6159.96,6161.96,2.0,,0.0,0.0,0,0,5,0,[],False,False
wseg_002644,,,,,16172,16177,6,6,0,6161.96,6163.84,1.8800000000001091,,0.0,0.0,0,0,6,0,[],False,False
wseg_002645,,,,,16178,16184,7,7,0,6163.84,6166.8,2.9600000000000364,,0.0,0.0,0,0,7,0,[],False,False
wseg_002646,,,,,16185,16187,3,3,0,6166.8,6168.76,1.9600000000000364,,0.0,0.0,0,0,3,0,[],False,False
wseg_002647,,,,,16188,16191,4,4,0,6168.76,6169.5,0.7399999999997817,,0.0,0.0,0,0,4,0,[],False,False
wseg_002648,,,,,16192,16202,11,11,0,6169.5,6172.16,2.6599999999998545,,0.0,0.0,0,0,11,0,[],False,False
wseg_002649,,,,,16203,16208,6,6,0,6172.16,6174.44,2.2799999999997453,,1.0,1.0,1,0,6,0,[],False,False
wseg_002650,,,,,16209,16214,6,6,0,6175.44,6176.12,0.680000000000291,,0.0,0.0,0,0,6,0,[],False,False
wseg_002651,,,,,16215,16223,9,9,0,6176.12,6178.42,2.300000000000182,,0.0,0.0,0,0,9,0,[],False,False
wseg_002652,,,,,16224,16225,2,2,0,6178.42,6179.48,1.0599999999994907,,0.0,0.0,0,0,2,0,[],False,False
wseg_002653,,,,,16226,16232,7,7,0,6179.48,6182.12,2.6400000000003274,,0.0,0.0,0,0,7,0,[],False,False
wseg_002654,,,,,16233,16240,8,8,0,6182.12,6184.14,2.0200000000004366,,0.0,0.0,0,0,8,0,[],False,False
wseg_002655,,,,,16241,16243,3,3,0,6184.14,6185.72,1.5799999999999272,,0.0,0.0,0,0,3,0,[],False,False
wseg_002656,,,,,16244,16250,7,7,0,6185.72,6188.58,2.8599999999996726,,0.0,0.0,0,0,7,0,[],False,False
wseg_002657,,,,,16251,16253,3,3,0,6188.58,6190.64,2.0600000000004,,0.0,0.0,0,0,3,0,[],False,False
wseg_002658,,,,,16254,16257,4,4,0,6190.64,6193.02,2.380000000000109,,0.0,0.0,0,0,4,0,[],False,False
wseg_002659,,,,,16258,16260,3,3,0,6193.02,6194.2,1.1799999999993815,,0.0,0.0,0,0,3,0,[],False,False
wseg_002660,,,,,16261,16265,5,5,0,6194.2,6195.06,0.8600000000005821,,0.0,0.0,0,0,5,0,[],False,False
wseg_002661,,,,,16266,16273,8,8,0,6195.06,6197.96,2.899999999999636,,0.0,0.0,0,0,8,0,[],False,False
wseg_002662,,,,,16274,16280,7,7,0,6197.96,6200.24,2.2799999999997453,,0.0,0.0,0,0,7,0,[],False,False
wseg_002663,,,,,16281,16287,7,7,0,6200.24,6203.7,3.4600000000000364,,0.0,0.0,0,0,7,0,[],False,False
wseg_002664,,,,,16288,16291,4,4,0,6203.7,6205.1,1.4000000000005457,,0.339999999999236,0.339999999999236,1,0,4,0,[],False,False
wseg_002665,,,,,16292,16296,5,5,0,6205.44,6206.26,0.8200000000006185,,0.0,0.0,0,0,5,0,[],False,False
wseg_002666,,,,,16297,16305,9,9,0,6206.26,6208.56,2.300000000000182,,0.5199999999995271,0.5199999999995271,1,0,9,0,[],False,False
wseg_002667,,,,,16306,16314,9,9,0,6209.08,6211.14,2.0600000000004,,0.0,0.0,0,0,9,0,[],False,False
wseg_002668,,,,,16315,16320,6,6,0,6211.14,6213.06,1.9200000000000728,,0.9599999999991269,0.9599999999991269,1,0,6,0,[],False,False
wseg_002669,,,,,16321,16324,4,4,0,6214.0199999999995,6215.04,1.0200000000004366,,0.4399999999995998,0.4399999999995998,1,0,4,0,[],False,False
wseg_002670,,,,,16325,16329,5,5,0,6215.48,6216.64,1.160000000000764,,0.0,0.0,0,0,5,0,[],False,False
wseg_002671,,,,,16330,16332,3,3,0,6216.64,6218.1,1.4600000000000364,,0.839999999999236,0.839999999999236,1,0,3,0,[],False,False
wseg_002672,,,,,16333,16339,7,7,0,6218.94,6221.08,2.1400000000003274,,0.0,0.0,0,0,7,0,[],False,False
wseg_002673,,,,,16340,16348,9,9,0,6221.08,6223.46,2.380000000000109,,0.0,0.0,0,0,9,0,[],False,False
wseg_002674,,,,,16349,16353,5,5,0,6223.46,6224.84,1.3800000000001091,,0.0,0.0,0,0,5,0,[],False,False
wseg_002675,,,,,16354,16360,7,7,0,6224.84,6226.02,1.180000000000291,,0.0,0.0,0,0,7,0,[],False,False
wseg_002676,,,,,16361,16368,8,8,0,6226.02,6228.36,2.339999999999236,,0.0,0.0,0,0,8,0,[],False,False
wseg_002677,,,,,16369,16374,6,6,0,6228.36,6230.38,2.0200000000004366,,0.4600000000000364,0.4600000000000364,1,0,6,0,[],False,False
wseg_002678,,,,,16375,16386,12,12,0,6230.84,6232.74,1.8999999999996362,,0.0,0.0,0,0,12,0,[],False,False
wseg_002679,,,,,16387,16394,8,8,0,6232.74,6234.42,1.680000000000291,,0.0,0.0,0,0,8,0,[],False,False
wseg_002680,,,,,16395,16403,9,9,0,6234.42,6236.62,2.199999999999818,,0.0,0.0,0,0,9,0,[],False,False
wseg_002681,,,,,16404,16410,7,7,0,6236.62,6238.56,1.9400000000005093,,0.0,0.0,0,0,7,0,[],False,False
wseg_002682,,,,,16411,16417,7,7,0,6238.56,6240.26,1.699999999999818,,0.0,0.0,0,0,7,0,[],False,False
wseg_002683,,,,,16418,16425,8,8,0,6240.26,6242.42,2.1599999999998545,,0.0,0.0,0,0,8,0,[],False,False
wseg_002684,,,,,16426,16431,6,6,0,6242.42,6244.74,2.319999999999709,,0.0,0.0,0,0,6,0,[],False,False
wseg_002685,,,,,16432,16438,7,7,0,6244.74,6246.36,1.6199999999998909,,0.0,0.0,0,0,7,0,[],False,False
wseg_002686,,,,,16439,16443,5,5,0,6246.36,6248.72,2.360000000000582,,0.0,0.0,0,0,5,0,[],False,False
wseg_002687,,,,,16444,16448,5,5,0,6248.72,6250.9,2.1799999999993815,,0.0,0.0,0,0,5,0,[],False,False
wseg_002688,,,,,16449,16456,8,8,0,6250.9,6252.36,1.4600000000000364,,0.0,0.0,0,0,8,0,[],False,False
wseg_002689,,,,,16457,16461,5,5,0,6252.36,6253.14,0.7800000000006548,,0.5600000000004002,0.5600000000004002,1,0,5,0,[],False,False
wseg_002690,,,,,16462,16467,6,6,0,6253.700000000001,6256.14,2.4399999999996,,0.0,0.0,0,0,6,0,[],False,False
wseg_002691,,,,,16468,16472,5,5,0,6256.14,6258.8,2.6599999999998545,,0.0,0.0,0,0,5,0,[],False,False
wseg_002692,,,,,16473,16475,3,3,0,6258.8,6259.68,0.8800000000001091,,0.0,0.0,0,0,3,0,[],False,False
wseg_002693,,,,,16476,16482,7,7,0,6259.68,6261.64,1.9600000000000364,,0.0,0.0,0,0,7,0,[],False,False
wseg_002694,,,,,16483,16486,4,4,0,6261.64,6262.48,0.839999999999236,,0.0,0.0,0,0,4,0,[],False,False
wseg_002695,,,,,16487,16494,8,8,0,6262.48,6266.02,3.540000000000873,,0.0,0.0,0,0,8,0,[],False,False
wseg_002696,,,,,16495,16495,1,1,0,6266.02,6266.88,0.8599999999996726,,0.0,0.0,0,0,1,0,[],False,False
wseg_002697,,,,,16496,16502,7,7,0,6266.88,6269.42,2.5399999999999636,,0.0,0.0,0,0,7,0,[],False,False
wseg_002698,,,,,16503,16508,6,6,0,6269.42,6271.06,1.6400000000003274,,0.0,0.0,0,0,6,0,[],False,False
wseg_002699,,,,,16509,16512,4,4,0,6271.06,6272.66,1.5999999999994543,,0.0,0.0,0,0,4,0,[],False,False
wseg_002700,,,,,16513,16520,8,8,0,6272.66,6275.78,3.119999999999891,,0.0,0.0,0,0,8,0,[],False,False
wseg_002701,,,,,16521,16523,3,3,0,6275.78,6277.18,1.4000000000005457,,0.0,0.0,0,0,3,0,[],False,False
wseg_002702,,,,,16524,16528,5,5,0,6277.18,6278.54,1.3599999999996726,,0.0,0.0,0,0,5,0,[],False,False
wseg_002703,,,,,16529,16537,9,9,0,6278.54,6280.48,1.9399999999995998,,0.0,0.0,0,0,9,0,[],False,False
wseg_002704,,,,,16538,16543,6,6,0,6280.48,6282.78,2.300000000000182,,0.0,0.0,0,0,6,0,[],False,False
wseg_002705,,,,,16544,16553,10,10,0,6282.78,6285.98,3.199999999999818,,0.0,0.0,0,0,10,0,[],False,False
wseg_002706,,,,,16554,16556,3,3,0,6285.98,6287.54,1.5600000000004002,,0.0,0.0,0,0,3,0,[],False,False
wseg_002707,,,,,16557,16561,5,5,0,6287.54,6288.7,1.1599999999998545,,0.9800000000004729,0.9800000000004729,1,0,5,0,[],False,False
wseg_002708,,,,,16562,16563,2,2,0,6289.68,6290.18,0.5,,0.0,0.0,0,0,2,0,[],False,False
wseg_002709,,,,,16564,16573,10,10,0,6290.18,6293.42,3.2399999999997817,,0.0,0.0,0,0,10,0,[],False,False
wseg_002710,,,,,16574,16577,4,4,0,6293.42,6294.24,0.819999999999709,,0.0,0.0,0,0,4,0,[],False,False
wseg_002711,,,,,16578,16585,8,8,0,6294.24,6296.08,1.8400000000001455,,0.0,0.0,0,0,8,0,[],False,False
wseg_002712,,,,,16586,16592,7,7,0,6296.08,6297.7,1.6199999999998909,,0.0,0.0,0,0,7,0,[],False,False
wseg_002713,,,,,16593,16599,7,7,0,6297.7,6300.28,2.5799999999999272,,0.0,0.0,0,0,7,0,[],False,False
wseg_002714,,,,,16600,16607,8,8,0,6300.28,6302.68,2.4000000000005457,,0.0,0.0,0,0,8,0,[],False,False
wseg_002715,,,,,16608,16615,8,8,0,6302.68,6305.58,2.899999999999636,,0.4400000000005093,0.4400000000005093,1,0,8,0,[],False,False
wseg_002716,,,,,16616,16622,7,7,0,6306.02,6307.42,1.3999999999996362,,0.0,0.0,0,0,7,0,[],False,False
wseg_002717,,,,,16623,16626,4,4,0,6307.42,6308.8,1.3800000000001091,,0.0,0.0,0,0,4,0,[],False,False
wseg_002718,,,,,16627,16634,8,8,0,6308.8,6310.24,1.4399999999995998,,0.0,0.0,0,0,8,0,[],False,False
wseg_002719,,,,,16635,16641,7,7,0,6310.24,6312.58,2.3400000000001455,,0.0,0.0,0,0,7,0,[],False,False
wseg_002720,,,,,16642,16648,7,7,0,6312.58,6314.58,2.0,,0.0,0.0,0,0,7,0,[],False,False
wseg_002721,,,,,16649,16651,3,3,0,6314.58,6315.36,0.7799999999997453,,0.0,0.0,0,0,3,0,[],False,False
wseg_002722,,,,,16652,16658,7,7,0,6315.36,6318.28,2.9200000000000728,,1.4000000000005457,1.4000000000005457,1,0,7,0,[],False,False
wseg_002723,,,,,16659,16663,5,5,0,6319.68,6319.92,0.23999999999978172,,0.0,0.0,0,0,5,0,[],False,False
wseg_002724,,,,,16664,16671,8,8,0,6319.92,6322.6,2.680000000000291,,0.0,0.0,0,0,8,0,[],False,False
wseg_002725,,,,,16672,16680,9,9,0,6322.6,6324.68,2.0799999999999272,,0.0,0.0,0,0,9,0,[],False,False
wseg_002726,,,,,16681,16687,7,7,0,6324.68,6326.18,1.5,,0.0,0.0,0,0,7,0,[],False,False
wseg_002727,,,,,16688,16693,6,6,0,6326.18,6327.88,1.699999999999818,,0.0,0.0,0,0,6,0,[],False,False
wseg_002728,,,,,16694,16698,5,5,0,6327.88,6330.46,2.5799999999999272,,0.0,0.0,0,0,5,0,[],False,False
wseg_002729,,,,,16699,16703,5,5,0,6330.46,6332.52,2.0600000000004,,0.0,0.0,0,0,5,0,[],False,False
wseg_002730,,,,,16704,16706,3,3,0,6332.52,6334.16,1.639999999999418,,0.0,0.0,0,0,3,0,[],False,False
wseg_002731,,,,,16707,16711,5,5,0,6334.16,6336.82,2.6599999999998545,,1.340000000001055,1.340000000001055,1,0,5,0,[],False,False
wseg_002732,,,,,16712,16715,4,4,0,6338.160000000001,6339.56,1.3999999999996362,,0.0,0.0,0,0,4,0,[],False,False
wseg_002733,,,,,16716,16719,4,4,0,6339.56,6340.68,1.1199999999998909,,0.0,0.0,0,0,4,0,[],False,False
wseg_002734,,,,,16720,16722,3,3,0,6340.68,6341.68,1.0,,0.0,0.0,0,0,3,0,[],False,False
wseg_002735,,,,,16723,16727,5,5,0,6341.68,6343.54,1.8599999999996726,,1.0600000000013097,1.0600000000013097,1,0,5,0,[],False,False
wseg_002736,,,,,16728,16734,7,7,0,6344.600000000001,6346.92,2.3199999999987995,,0.0,0.0,0,0,7,0,[],False,False
wseg_002737,,,,,16735,16739,5,5,0,6346.92,6348.5,1.5799999999999272,,0.0,0.0,0,0,5,0,[],False,False
wseg_002738,,,,,16740,16745,6,6,0,6348.5,6349.92,1.4200000000000728,,0.0,0.0,0,0,6,0,[],False,False
wseg_002739,,,,,16746,16752,7,7,0,6349.92,6352.8,2.880000000000109,,0.8000000000001819,0.8000000000001819,1,0,7,0,[],False,False
wseg_002740,,,,,16753,16756,4,4,0,6353.6,6354.94,1.339999999999236,,0.0,0.0,0,0,4,0,[],False,False
wseg_002741,,,,,16757,16765,9,9,0,6354.94,6356.74,1.800000000000182,,0.0,0.0,0,0,9,0,[],False,False
wseg_002742,,,,,16766,16771,6,6,0,6356.74,6358.0,1.2600000000002183,,0.0,0.0,0,0,6,0,[],False,False
wseg_002743,,,,,16772,16777,6,6,0,6358.0,6360.88,2.880000000000109,,0.0,0.0,0,0,6,0,[],False,False
wseg_002744,,,,,16778,16782,5,5,0,6360.88,6362.44,1.5599999999994907,,0.0,0.0,0,0,5,0,[],False,False
wseg_002745,,,,,16783,16787,5,5,0,6362.44,6363.7,1.2600000000002183,,0.0,0.0,0,0,5,0,[],False,False
wseg_002746,,,,,16788,16798,11,11,0,6363.7,6366.56,2.860000000000582,,0.0,0.0,0,0,11,0,[],False,False
wseg_002747,,,,,16799,16805,7,7,0,6366.56,6367.78,1.2199999999993452,,0.0,0.0,0,0,7,0,[],False,False
wseg_002748,,,,,16806,16817,12,12,0,6367.78,6370.26,2.480000000000473,,0.0,0.0,0,0,12,0,[],False,False
wseg_002749,,,,,16818,16827,10,10,0,6370.26,6372.22,1.9600000000000364,,0.0,0.0,0,0,10,0,[],False,False
wseg_002750,,,,,16828,16835,8,8,0,6372.22,6374.12,1.8999999999996362,,0.0,0.0,0,0,8,0,[],False,False
wseg_002751,,,,,16836,16841,6,6,0,6374.12,6375.64,1.5200000000004366,,1.2799999999997453,1.2799999999997453,1,0,6,0,[],False,False
wseg_002752,,,,,16842,16847,6,6,0,6376.92,6378.14,1.2200000000002547,,0.0,0.0,0,0,6,0,[],False,False
wseg_002753,,,,,16848,16852,5,5,0,6378.14,6378.98,0.839999999999236,,0.0,0.0,0,0,5,0,[],False,False
wseg_002754,,,,,16853,16858,6,6,0,6378.98,6381.02,2.040000000000873,,0.6199999999989814,0.6199999999989814,1,0,6,0,[],False,False
wseg_002755,,,,,16859,16861,3,3,0,6381.639999999999,6382.5,0.8600000000005821,,2.399999999999636,2.399999999999636,1,0,3,0,[],False,False
wseg_002756,,,,,16862,16864,3,3,0,6384.9,6386.18,1.2800000000006548,,0.6999999999998181,0.6999999999998181,1,0,3,0,[],False,False
wseg_002757,,,,,16865,16871,7,7,0,6386.88,6388.7,1.819999999999709,,0.0,0.0,0,0,7,0,[],False,False
wseg_002758,,,,,16872,16878,7,7,0,6388.7,6391.04,2.3400000000001455,,10.399999999999636,10.399999999999636,1,0,7,0,[],False,False
wseg_002759,,,,,16879,16881,3,3,0,6401.44,6403.06,1.6200000000008004,,0.0,0.0,0,0,3,0,[],False,False
wseg_002760,,,,,16882,16884,3,3,0,6403.06,6404.02,0.9600000000000364,,0.0,0.0,0,0,3,0,[],False,False
wseg_002761,,,,,16885,16889,5,5,0,6404.02,6405.76,1.7399999999997817,,1.1599999999998545,1.1799999999993815,2,0,5,0,[],False,False
wseg_002762,,,,,16890,16898,9,9,0,6406.92,6408.66,1.7399999999997817,,0.0,0.0,0,0,9,0,[],False,False
wseg_002763,,,,,16899,16900,2,2,0,6408.66,6409.28,0.6199999999998909,,0.0,0.0,0,0,2,0,[],False,False
wseg_002764,,,,,16901,16909,9,9,0,6409.28,6411.78,2.5,,0.0,0.0,0,0,9,0,[],False,False
wseg_002765,,,,,16910,16919,10,10,0,6411.78,6415.38,3.600000000000364,,0.0,0.0,0,0,10,0,[],False,False
wseg_002766,,,,,16920,16924,5,5,0,6415.38,6416.6,1.2200000000002547,,0.0,0.0,0,0,5,0,[],False,False
wseg_002767,,,,,16925,16934,10,10,0,6416.6,6418.82,2.219999999999345,,0.0,0.0,0,0,10,0,[],False,False
wseg_002768,,,,,16935,16938,4,4,0,6418.82,6420.78,1.9600000000000364,,0.0,0.0,0,0,4,0,[],False,False
wseg_002769,,,,,16939,16943,5,5,0,6420.78,6421.88,1.1000000000003638,,0.0,0.0,0,0,5,0,[],False,False
wseg_002770,,,,,16944,16949,6,6,0,6421.88,6423.26,1.3800000000001091,,0.0,0.0,0,0,6,0,[],False,False
wseg_002771,,,,,16950,16955,6,6,0,6423.26,6425.28,2.019999999999527,,0.0,0.0,0,0,6,0,[],False,False
wseg_002772,,,,,16956,16964,9,9,0,6425.28,6427.58,2.300000000000182,,0.0,0.0,0,0,9,0,[],False,False
wseg_002773,,,,,16965,16968,4,4,0,6427.58,6428.58,1.0,,0.0,0.0,0,0,4,0,[],False,False
wseg_002774,,,,,16969,16978,10,10,0,6428.58,6432.0,3.4200000000000728,,0.0,0.0,0,0,10,0,[],False,False
wseg_002775,,,,,16979,16982,4,4,0,6432.0,6432.8,0.8000000000001819,,0.0,0.0,0,0,4,0,[],False,False
wseg_002776,,,,,16983,16985,3,3,0,6432.8,6433.8,1.0,,0.0,0.0,0,0,3,0,[],False,False
wseg_002777,,,,,16986,16994,9,9,0,6433.8,6436.42,2.619999999999891,,0.0,0.0,0,0,9,0,[],False,False
wseg_002778,,,,,16995,17000,6,6,0,6436.42,6437.56,1.1400000000003274,,0.0,0.0,0,0,6,0,[],False,False
wseg_002779,,,,,17001,17007,7,7,0,6437.56,6440.74,3.1799999999993815,,0.0,0.0,0,0,7,0,[],False,False
wseg_002780,,,,,17008,17015,8,8,0,6440.74,6442.54,1.800000000000182,,0.0,0.0,0,0,8,0,[],False,False
wseg_002781,,,,,17016,17017,2,2,0,6442.54,6443.12,0.5799999999999272,,0.0,0.0,0,0,2,0,[],False,False
wseg_002782,,,,,17018,17021,4,4,0,6443.12,6447.02,3.9000000000005457,,0.0,0.0,0,0,4,0,[],False,False
wseg_002783,,,,,17022,17024,3,3,0,6447.02,6448.06,1.0399999999999636,,0.0,0.0,0,0,3,0,[],False,False
wseg_002784,,,,,17025,17031,7,7,0,6448.06,6449.66,1.5999999999994543,,0.0,0.0,0,0,7,0,[],False,False
wseg_002785,,,,,17032,17041,10,10,0,6449.66,6452.36,2.699999999999818,,0.0,0.0,0,0,10,0,[],False,False
wseg_002786,,,,,17042,17049,8,8,0,6452.36,6454.4,2.0399999999999636,,0.0,0.0,0,0,8,0,[],False,False
wseg_002787,,,,,17050,17051,2,2,0,6454.4,6454.98,0.5799999999999272,,0.0,0.0,0,0,2,0,[],False,False
wseg_002788,,,,,17052,17058,7,7,0,6454.98,6457.56,2.5800000000008367,,0.0,0.0,0,0,7,0,[],False,False
wseg_002789,,,,,17059,17063,5,5,0,6457.56,6459.18,1.6199999999998909,,0.0,0.0,0,0,5,0,[],False,False
wseg_002790,,,,,17064,17072,9,9,0,6459.18,6461.98,2.7999999999992724,,0.8200000000006185,0.8200000000006185,1,0,9,0,[],False,False
wseg_002791,,,,,17073,17075,3,3,0,6462.8,6463.4,0.5999999999994543,,0.0,0.0,0,0,3,0,[],False,False
wseg_002792,,,,,17076,17077,2,2,0,6463.4,6464.34,0.9400000000005093,,0.0,0.0,0,0,2,0,[],False,False
wseg_002793,,,,,17078,17084,7,7,0,6464.34,6466.94,2.5999999999994543,,0.0,0.0,0,0,7,0,[],False,False
wseg_002794,,,,,17085,17092,8,8,0,6466.94,6469.56,2.6200000000008004,,0.0,0.0,0,0,8,0,[],False,False
wseg_002795,,,,,17093,17099,7,7,0,6469.56,6471.88,2.319999999999709,,0.0,0.0,0,0,7,0,[],False,False
wseg_002796,,,,,17100,17101,2,2,0,6471.88,6472.92,1.0399999999999636,,0.0,0.0,0,0,2,0,[],False,False
wseg_002797,,,,,17102,17104,3,3,0,6472.92,6474.44,1.519999999999527,,0.0,0.0,0,0,3,0,[],False,False
wseg_002798,,,,,17105,17112,8,8,0,6474.44,6477.0,2.5600000000004,,0.0,0.0,0,0,8,0,[],False,False
wseg_002799,,,,,17113,17119,7,7,0,6477.0,6478.98,1.9799999999995634,,0.0,0.0,0,0,7,0,[],False,False
wseg_002800,,,,,17120,17121,2,2,0,6478.98,6479.44,0.4600000000000364,,0.0,0.0,0,0,2,0,[],False,False
wseg_002801,,,,,17122,17126,5,5,0,6479.44,6481.64,2.2000000000007276,,0.0,0.0,0,0,5,0,[],False,False
wseg_002802,,,,,17127,17133,7,7,0,6481.64,6484.36,2.719999999999345,,0.0,0.0,0,0,7,0,[],False,False
wseg_002803,,,,,17134,17135,2,2,0,6484.36,6485.44,1.0799999999999272,,0.0,0.0,0,0,2,0,[],False,False
wseg_002804,,,,,17136,17141,6,6,0,6485.44,6487.64,2.2000000000007276,,0.0,0.0,0,0,6,0,[],False,False
wseg_002805,,,,,17142,17151,10,10,0,6487.64,6491.42,3.7799999999997453,,1.5999999999994543,1.5999999999994543,1,0,10,0,[],False,False
wseg_002806,,,,,17152,17157,6,6,0,6493.0199999999995,6494.58,1.5600000000004002,,0.0,0.0,0,0,6,0,[],False,False
wseg_002807,,,,,17158,17161,4,4,0,6494.58,6496.0,1.4200000000000728,,0.0,0.0,0,0,4,0,[],False,False
wseg_002808,,,,,17162,17165,4,4,0,6496.0,6497.34,1.3400000000001455,,0.0,0.0,0,0,4,0,[],False,False
wseg_002809,,,,,17166,17170,5,5,0,6497.34,6499.38,2.0399999999999636,,0.0,0.0,0,0,5,0,[],False,False
wseg_002810,,,,,17171,17174,4,4,0,6499.38,6500.66,1.2799999999997453,,0.0,0.0,0,0,4,0,[],False,False
wseg_002811,,,,,17175,17178,4,4,0,6500.66,6501.98,1.319999999999709,,0.0,0.0,0,0,4,0,[],False,False
wseg_002812,,,,,17179,17184,6,6,0,6501.98,6504.56,2.5800000000008367,,0.0,0.0,0,0,6,0,[],False,False
wseg_002813,,,,,17185,17189,5,5,0,6504.56,6507.34,2.7799999999997453,,0.0,0.0,0,0,5,0,[],False,False
wseg_002814,,,,,17190,17196,7,7,0,6507.34,6508.96,1.6199999999998909,,0.0,0.0,0,0,7,0,[],False,False
wseg_002815,,,,,17197,17199,3,3,0,6508.96,6510.22,1.2600000000002183,,0.0,0.0,0,0,3,0,[],False,False
wseg_002816,,,,,17200,17207,8,8,0,6510.22,6513.62,3.399999999999636,,0.0,0.0,0,0,8,0,[],False,False
wseg_002817,,,,,17208,17213,6,6,0,6513.62,6515.36,1.7399999999997817,,0.0,0.0,0,0,6,0,[],False,False
wseg_002818,,,,,17214,17217,4,4,0,6515.36,6516.64,1.2800000000006548,,0.0,0.0,0,0,4,0,[],False,False
wseg_002819,,,,,17218,17227,10,10,0,6516.64,6519.76,3.119999999999891,,0.0,0.0,0,0,10,0,[],False,False
wseg_002820,,,,,17228,17229,2,2,0,6519.76,6520.86,1.0999999999994543,,0.0,0.0,0,0,2,0,[],False,False
wseg_002821,,,,,17230,17237,8,8,0,6520.86,6522.98,2.119999999999891,,0.0,0.0,0,0,8,0,[],False,False
wseg_002822,,,,,17238,17247,10,10,0,6522.98,6525.66,2.680000000000291,,0.0,0.0,0,0,10,0,[],False,False
wseg_002823,,,,,17248,17253,6,6,0,6525.66,6527.3,1.6400000000003274,,0.0,0.0,0,0,6,0,[],False,False
wseg_002824,,,,,17254,17258,5,5,0,6527.3,6528.62,1.319999999999709,,0.0,0.0,0,0,5,0,[],False,False
wseg_002825,,,,,17259,17263,5,5,0,6528.62,6531.52,2.9000000000005457,,0.0,0.0,0,0,5,0,[],False,False
wseg_002826,,,,,17264,17267,4,4,0,6531.52,6532.46,0.9399999999995998,,0.0,0.0,0,0,4,0,[],False,False
wseg_002827,,,,,17268,17272,5,5,0,6532.46,6534.38,1.9200000000000728,,0.0,0.0,0,0,5,0,[],False,False
wseg_002828,,,,,17273,17280,8,8,0,6534.38,6536.38,2.0,,0.0,0.0,0,0,8,0,[],False,False
wseg_002829,,,,,17281,17290,10,10,0,6536.38,6539.0,2.619999999999891,,0.0,0.0,0,0,10,0,[],False,False
wseg_002830,,,,,17291,17295,5,5,0,6539.0,6540.96,1.9600000000000364,,0.0,0.0,0,0,5,0,[],False,False
wseg_002831,,,,,17296,17301,6,6,0,6540.96,6542.56,1.6000000000003638,,0.0,0.0,0,0,6,0,[],False,False
wseg_002832,,,,,17302,17309,8,8,0,6542.56,6545.72,3.1599999999998545,,0.0,0.0,0,0,8,0,[],False,False
wseg_002833,,,,,17310,17312,3,3,0,6545.72,6547.2,1.4799999999995634,,0.0,0.0,0,0,3,0,[],False,False
wseg_002834,,,,,17313,17318,6,6,0,6547.2,6549.16,1.9600000000000364,,0.0,0.0,0,0,6,0,[],False,False
wseg_002835,,,,,17319,17326,8,8,0,6549.16,6551.12,1.9600000000000364,,0.0,0.0,0,0,8,0,[],False,False
wseg_002836,,,,,17327,17334,8,8,0,6551.12,6553.64,2.5200000000004366,,0.0,0.0,0,0,8,0,[],False,False
wseg_002837,,,,,17335,17339,5,5,0,6553.64,6555.18,1.5399999999999636,,0.0,0.0,0,0,5,0,[],False,False
wseg_002838,,,,,17340,17346,7,7,0,6555.18,6557.24,2.0599999999994907,,0.0,0.0,0,0,7,0,[],False,False
wseg_002839,,,,,17347,17353,7,7,0,6557.24,6559.38,2.1400000000003274,,0.0,0.0,0,0,7,0,[],False,False
wseg_002840,,,,,17354,17360,7,7,0,6559.38,6561.4,2.019999999999527,,0.0,0.0,0,0,7,0,[],False,False
wseg_002841,,,,,17361,17363,3,3,0,6561.4,6562.36,0.9600000000000364,,0.6199999999998909,0.6199999999998909,1,0,3,0,[],False,False
wseg_002842,,,,,17364,17370,7,7,0,6562.98,6564.68,1.7000000000007276,,0.0,0.0,0,0,7,0,[],False,False
wseg_002843,,,,,17371,17375,5,5,0,6564.68,6567.32,2.639999999999418,,0.0,0.0,0,0,5,0,[],False,False
wseg_002844,,,,,17376,17380,5,5,0,6567.32,6568.48,1.1599999999998545,,0.6400000000003274,0.6400000000003274,1,0,5,0,[],False,False
wseg_002845,,,,,17381,17387,7,7,0,6569.12,6571.52,2.4000000000005457,,0.0,0.0,0,0,7,0,[],False,False
wseg_002846,,,,,17388,17393,6,6,0,6571.52,6572.8,1.2799999999997453,,0.0,0.0,0,0,6,0,[],False,False
wseg_002847,,,,,17394,17403,10,10,0,6572.8,6575.6,2.800000000000182,,0.0,0.0,0,0,10,0,[],False,False
wseg_002848,,,,,17404,17406,3,3,0,6575.6,6577.0,1.3999999999996362,,0.1999999999998181,0.1999999999998181,1,0,3,0,[],False,False
wseg_002849,,,,,17407,17412,6,6,0,6577.2,6578.86,1.6599999999998545,,0.0,0.0,0,0,6,0,[],False,False
wseg_002850,,,,,17413,17417,5,5,0,6578.86,6580.76,1.9000000000005457,,0.0,0.0,0,0,5,0,[],False,False
wseg_002851,,,,,17418,17425,8,8,0,6580.76,6583.28,2.519999999999527,,0.0,0.0,0,0,8,0,[],False,False
wseg_002852,,,,,17426,17429,4,4,0,6583.28,6584.54,1.2600000000002183,,0.6400000000003274,0.6400000000003274,1,0,4,0,[],False,False
wseg_002853,,,,,17430,17434,5,5,0,6585.18,6586.46,1.2799999999997453,,0.0,0.0,0,0,5,0,[],False,False
wseg_002854,,,,,17435,17442,8,8,0,6586.46,6589.08,2.619999999999891,,0.0,0.0,0,0,8,0,[],False,False
wseg_002855,,,,,17443,17451,9,9,0,6589.08,6591.14,2.0600000000004,,0.0,0.0,0,0,9,0,[],False,False
wseg_002856,,,,,17452,17460,9,9,0,6591.14,6592.92,1.7799999999997453,,0.0,0.0,0,0,9,0,[],False,False
wseg_002857,,,,,17461,17466,6,6,0,6592.92,6594.16,1.2399999999997817,,0.0,0.0,0,0,6,0,[],False,False
wseg_002858,,,,,17467,17473,7,7,0,6594.16,6596.9,2.7399999999997817,,0.0,0.0,0,0,7,0,[],False,False
wseg_002859,,,,,17474,17482,9,9,0,6596.9,6598.8,1.9000000000005457,,0.0,0.0,0,0,9,0,[],False,False
wseg_002860,,,,,17483,17490,8,8,0,6598.8,6600.76,1.9600000000000364,,0.0,0.0,0,0,8,0,[],False,False
wseg_002861,,,,,17491,17496,6,6,0,6600.76,6602.12,1.3599999999996726,,0.0,0.0,0,0,6,0,[],False,False
wseg_002862,,,,,17497,17505,9,9,0,6602.12,6605.38,3.2600000000002183,,0.0,0.0,0,0,9,0,[],False,False
wseg_002863,,,,,17506,17510,5,5,0,6605.38,6607.02,1.6400000000003274,,0.17999999999938154,0.17999999999938154,1,0,5,0,[],False,False
wseg_002864,,,,,17511,17518,8,8,0,6607.2,6609.38,2.180000000000291,,0.0,0.0,0,0,8,0,[],False,False
wseg_002865,,,,,17519,17519,1,1,0,6609.38,6610.08,0.6999999999998181,,0.6599999999998545,0.6599999999998545,1,0,1,0,[],False,False
wseg_002866,,,,,17520,17527,8,8,0,6610.74,6613.04,2.300000000000182,,0.0,0.0,0,0,8,0,[],False,False
wseg_002867,,,,,17528,17534,7,7,0,6613.04,6615.3,2.2600000000002183,,0.0,0.0,0,0,7,0,[],False,False
wseg_002868,,,,,17535,17539,5,5,0,6615.3,6616.66,1.3599999999996726,,0.0,0.0,0,0,5,0,[],False,False
wseg_002869,,,,,17540,17547,8,8,0,6616.66,6619.58,2.9200000000000728,,0.0,0.0,0,0,8,0,[],False,False
wseg_002870,,,,,17548,17552,5,5,0,6619.58,6620.64,1.0600000000004002,,0.0,0.0,0,0,5,0,[],False,False
wseg_002871,,,,,17553,17560,8,8,0,6620.64,6623.5,2.8599999999996726,,0.0,0.0,0,0,8,0,[],False,False
wseg_002872,,,,,17561,17564,4,4,0,6623.5,6624.76,1.2600000000002183,,0.0,0.0,0,0,4,0,[],False,False
wseg_002873,,,,,17565,17569,5,5,0,6624.76,6626.14,1.3800000000001091,,0.0,0.0,0,0,5,0,[],False,False
wseg_002874,,,,,17570,17576,7,7,0,6626.14,6627.96,1.819999999999709,,0.0,0.0,0,0,7,0,[],False,False
wseg_002875,,,,,17577,17583,7,7,0,6627.96,6629.9,1.9399999999995998,,0.0,0.0,0,0,7,0,[],False,False
wseg_002876,,,,,17584,17588,5,5,0,6629.9,6631.22,1.3200000000006185,,0.0,0.0,0,0,5,0,[],False,False
wseg_002877,,,,,17589,17596,8,8,0,6631.22,6633.12,1.8999999999996362,,0.07999999999992724,0.07999999999992724,1,0,8,0,[],False,False
wseg_002878,,,,,17597,17600,4,4,0,6633.12,6634.8,1.680000000000291,,0.0,0.0,0,0,4,0,[],False,False
wseg_002879,,,,,17601,17609,9,9,0,6634.8,6637.26,2.4600000000000364,,0.0,0.0,0,0,9,0,[],False,False
wseg_002880,,,,,17610,17615,6,6,0,6637.26,6638.42,1.1599999999998545,,0.0,0.0,0,0,6,0,[],False,False
wseg_002881,,,,,17616,17624,9,9,0,6638.42,6640.8,2.380000000000109,,0.0,0.0,0,0,9,0,[],False,False
wseg_002882,,,,,17625,17631,7,7,0,6640.8,6642.78,1.9799999999995634,,0.0,0.0,0,0,7,0,[],False,False
wseg_002883,,,,,17632,17640,9,9,0,6642.78,6645.14,2.360000000000582,,0.0,0.0,0,0,9,0,[],False,False
wseg_002884,,,,,17641,17643,3,3,0,6645.14,6646.06,0.9200000000000728,,0.0,0.0,0,0,3,0,[],False,False
wseg_002885,,,,,17644,17654,11,11,0,6646.06,6648.8,2.7399999999997817,,0.0,0.0,0,0,11,0,[],False,False
wseg_002886,,,,,17655,17658,4,4,0,6648.8,6649.92,1.1199999999998909,,0.0,0.0,0,0,4,0,[],False,False
wseg_002887,,,,,17659,17665,7,7,0,6649.92,6651.54,1.6199999999998909,,0.0,0.0,0,0,7,0,[],False,False
wseg_002888,,,,,17666,17676,11,11,0,6651.54,6654.4,2.8599999999996726,,0.07999999999992724,0.07999999999992724,1,0,11,0,[],False,False
wseg_002889,,,,,17677,17685,9,9,0,6654.4,6657.2,2.800000000000182,,0.0,0.0,0,0,9,0,[],False,False
wseg_002890,,,,,17686,17690,5,5,0,6657.2,6658.68,1.480000000000473,,0.0,0.0,0,0,5,0,[],False,False
wseg_002891,,,,,17691,17696,6,6,0,6658.68,6660.64,1.9600000000000364,,0.0,0.0,0,0,6,0,[],False,False
wseg_002892,,,,,17697,17700,4,4,0,6660.64,6662.18,1.5399999999999636,,0.9399999999995998,0.9399999999995998,1,0,4,0,[],False,False
wseg_002893,,,,,17701,17705,5,5,0,6663.12,6663.82,0.6999999999998181,,0.0,0.0,0,0,5,0,[],False,False
wseg_002894,,,,,17706,17710,5,5,0,6663.82,6665.72,1.9000000000005457,,0.0,0.0,0,0,5,0,[],False,False
wseg_002895,,,,,17711,17716,6,6,0,6665.72,6668.5,2.7799999999997453,,0.0,0.0,0,0,6,0,[],False,False
wseg_002896,,,,,17717,17719,3,3,0,6668.5,6669.22,0.7200000000002547,,1.2199999999984357,1.2199999999984357,1,0,3,0,[],False,False
wseg_002897,,,,,17720,17726,7,7,0,6670.439999999999,6672.86,2.4200000000009823,,0.0,0.0,0,0,7,0,[],False,False
wseg_002898,,,,,17727,17734,8,8,0,6672.86,6674.94,2.0799999999999272,,0.0,0.0,0,0,8,0,[],False,False
wseg_002899,,,,,17735,17741,7,7,0,6674.94,6677.34,2.4000000000005457,,0.0,0.0,0,0,7,0,[],False,False
wseg_002900,,,,,17742,17745,4,4,0,6677.34,6678.88,1.5399999999999636,,0.0,0.0,0,0,4,0,[],False,False
wseg_002901,,,,,17746,17750,5,5,0,6678.88,6680.08,1.199999999999818,,0.0,0.0,0,0,5,0,[],False,False
wseg_002902,,,,,17751,17754,4,4,0,6680.08,6682.08,2.0,,0.0,0.0,0,0,4,0,[],False,False
wseg_002903,,,,,17755,17759,5,5,0,6682.08,6684.7,2.619999999999891,,0.0,0.0,0,0,5,0,[],False,False
wseg_002904,,,,,17760,17766,7,7,0,6684.7,6686.26,1.5600000000004002,,0.0,0.0,0,0,7,0,[],False,False
wseg_002905,,,,,17767,17769,3,3,0,6686.26,6688.2,1.9399999999995998,,0.8999999999996362,0.8999999999996362,1,0,3,0,[],False,False
wseg_002906,,,,,17770,17776,7,7,0,6689.099999999999,6691.1,2.0000000000009095,,0.12000000000080036,0.12000000000080036,1,0,7,0,[],False,False
wseg_002907,,,,,17777,17783,7,7,0,6691.1,6692.68,1.5799999999999272,,0.4399999999995998,0.4399999999995998,1,0,7,0,[],False,False
wseg_002908,,,,,17784,17790,7,7,0,6693.12,6694.16,1.0399999999999636,,0.0,0.0,0,0,7,0,[],False,False
wseg_002909,,,,,17791,17796,6,6,0,6694.16,6696.04,1.8800000000001091,,0.0,0.0,0,0,6,0,[],False,False
wseg_002910,,,,,17797,17802,6,6,0,6696.04,6698.06,2.0200000000004366,,0.0,0.0,0,0,6,0,[],False,False
wseg_002911,,,,,17803,17807,5,5,0,6698.06,6699.6,1.5399999999999636,,0.0,0.0,0,0,5,0,[],False,False
wseg_002912,,,,,17808,17813,6,6,0,6699.6,6701.5,1.8999999999996362,,0.0,0.0,0,0,6,0,[],False,False
wseg_002913,,,,,17814,17820,7,7,0,6701.5,6704.02,2.5200000000004366,,0.0,0.0,0,0,7,0,[],False,False
wseg_002914,,,,,17821,17826,6,6,0,6704.02,6706.7,2.6799999999993815,,0.0,0.0,0,0,6,0,[],False,False
wseg_002915,,,,,17827,17833,7,7,0,6706.7,6708.96,2.2600000000002183,,0.0,0.0,0,0,7,0,[],False,False
wseg_002916,,,,,17834,17841,8,8,0,6708.96,6710.74,1.7799999999997453,,0.0,0.0,0,0,8,0,[],False,False
wseg_002917,,,,,17842,17844,3,3,0,6710.74,6711.38,0.6400000000003274,,0.8600000000005821,0.8600000000005821,1,0,3,0,[],False,False
wseg_002918,,,,,17845,17847,3,3,0,6712.240000000001,6713.3,1.0599999999994907,,3.360000000000582,3.360000000000582,1,0,3,0,[],False,False
wseg_002919,,,,,17848,17854,7,7,0,6716.660000000001,6719.04,2.3799999999991996,,0.0,0.0,0,0,7,0,[],False,False
wseg_002920,,,,,17855,17858,4,4,0,6719.04,6720.12,1.0799999999999272,,5.460000000000036,5.460000000000036,1,0,4,0,[],False,False
wseg_002921,,,,,17859,17859,1,1,0,6725.58,6726.24,0.6599999999998545,,0.0,0.0,0,0,1,0,[],False,False
wseg_002922,,,,,17860,17865,6,6,0,6726.24,6729.22,2.980000000000473,,0.0,0.0,0,0,6,0,[],False,False
wseg_002923,,,,,17866,17867,2,2,0,6729.22,6730.18,0.9600000000000364,,0.0,0.0,0,0,2,0,[],False,False
wseg_002924,,,,,17868,17872,5,5,0,6730.18,6732.94,2.759999999999309,,0.0,0.0,0,0,5,0,[],False,False
wseg_002925,,,,,17873,17876,4,4,0,6732.94,6734.7,1.7600000000002183,,0.0,0.0,0,0,4,0,[],False,False
wseg_002926,,,,,17877,17882,6,6,0,6734.7,6736.28,1.5799999999999272,,0.0,0.0,0,0,6,0,[],False,False
wseg_002927,,,,,17883,17892,10,10,0,6736.28,6738.94,2.6599999999998545,,0.0,0.0,0,0,10,0,[],False,False
wseg_002928,,,,,17893,17896,4,4,0,6738.94,6741.26,2.3200000000006185,,0.0,0.0,0,0,4,0,[],False,False
wseg_002929,,,,,17897,17900,4,4,0,6741.26,6743.4,2.139999999999418,,0.0,0.0,0,0,4,0,[],False,False
wseg_002930,,,,,17901,17905,5,5,0,6743.4,6745.44,2.0399999999999636,,0.0,0.0,0,0,5,0,[],False,False
wseg_002931,,,,,17906,17909,4,4,0,6745.44,6746.32,0.8800000000001091,,0.8000000000001819,0.8000000000001819,1,0,4,0,[],False,False
wseg_002932,,,,,17910,17915,6,6,0,6747.12,6749.04,1.9200000000000728,,0.0,0.0,0,0,6,0,[],False,False
wseg_002933,,,,,17916,17922,7,7,0,6749.04,6751.12,2.0799999999999272,,0.0,0.0,0,0,7,0,[],False,False
wseg_002934,,,,,17923,17927,5,5,0,6751.12,6752.54,1.4200000000000728,,0.5799999999999272,0.5799999999999272,1,0,5,0,[],False,False
wseg_002935,,,,,17928,17933,6,6,0,6753.12,6754.88,1.7600000000002183,,0.0,0.0,0,0,6,0,[],False,False
wseg_002936,,,,,17934,17936,3,3,0,6754.88,6756.06,1.180000000000291,,0.0,0.0,0,0,3,0,[],False,False
wseg_002937,,,,,17937,17944,8,8,0,6756.06,6759.22,3.1599999999998545,,0.0,0.0,0,0,8,0,[],False,False
wseg_002938,,,,,17945,17946,2,2,0,6759.22,6760.02,0.8000000000001819,,0.0,0.0,0,0,2,0,[],False,False
wseg_002939,,,,,17947,17955,9,9,0,6760.02,6762.82,2.7999999999992724,,0.0,0.0,0,0,9,0,[],False,False
wseg_002940,,,,,17956,17959,4,4,0,6762.82,6764.26,1.4400000000005093,,0.0,0.0,0,0,4,0,[],False,False
wseg_002941,,,,,17960,17965,6,6,0,6764.26,6766.36,2.0999999999994543,,0.0,0.0,0,0,6,0,[],False,False
wseg_002942,,,,,17966,17973,8,8,0,6766.36,6769.08,2.7200000000002547,,0.0,0.0,0,0,8,0,[],False,False
wseg_002943,,,,,17974,17976,3,3,0,6769.08,6770.14,1.0600000000004002,,0.0,0.0,0,0,3,0,[],False,False
wseg_002944,,,,,17977,17983,7,7,0,6770.14,6772.5,2.3599999999996726,,0.0,0.0,0,0,7,0,[],False,False
wseg_002945,,,,,17984,17986,3,3,0,6772.5,6773.34,0.8400000000001455,,0.0,0.0,0,0,3,0,[],False,False
wseg_002946,,,,,17987,17993,7,7,0,6773.34,6776.52,3.180000000000291,,0.3599999999996726,0.3599999999996726,1,0,7,0,[],False,False
wseg_002947,,,,,17994,18000,7,7,0,6776.88,6779.24,2.3599999999996726,,0.0,0.0,0,0,7,0,[],False,False
wseg_002948,,,,,18001,18005,5,5,0,6779.24,6780.6,1.360000000000582,,0.0,0.0,0,0,5,0,[],False,False
wseg_002949,,,,,18006,18011,6,6,0,6780.6,6783.04,2.4399999999996,,0.07999999999992724,0.07999999999992724,1,0,6,0,[],False,False
wseg_002950,,,,,18012,18019,8,8,0,6783.12,6785.28,2.1599999999998545,,0.0,0.0,0,0,8,0,[],False,False
wseg_002951,,,,,18020,18020,1,1,0,6785.28,6786.48,1.199999999999818,,0.0,0.0,0,0,1,0,[],False,False
wseg_002952,,,,,18021,18032,12,12,0,6786.48,6789.22,2.740000000000691,,0.0,0.0,0,0,12,0,[],False,False
wseg_002953,,,,,18033,18034,2,2,0,6789.22,6790.42,1.199999999999818,,0.0,0.0,0,0,2,0,[],False,False
wseg_002954,,,,,18035,18041,7,7,0,6790.42,6792.98,2.5599999999994907,,0.0,0.0,0,0,7,0,[],False,False
wseg_002955,,,,,18042,18044,3,3,0,6792.98,6793.96,0.9800000000004729,,0.0,0.0,0,0,3,0,[],False,False
wseg_002956,,,,,18045,18051,7,7,0,6793.96,6795.96,2.0,,0.0,0.0,0,0,7,0,[],False,False
wseg_002957,,,,,18052,18057,6,6,0,6795.96,6798.86,2.899999999999636,,0.0,0.0,0,0,6,0,[],False,False
wseg_002958,,,,,18058,18062,5,5,0,6798.86,6800.4,1.5399999999999636,,0.0,0.0,0,0,5,0,[],False,False
wseg_002959,,,,,18063,18070,8,8,0,6800.4,6803.42,3.0200000000004366,,0.0,0.0,0,0,8,0,[],False,False
wseg_002960,,,,,18071,18073,3,3,0,6803.42,6804.56,1.1400000000003274,,0.4600000000000364,0.4600000000000364,1,0,3,0,[],False,False
wseg_002961,,,,,18074,18078,5,5,0,6805.02,6807.22,2.199999999999818,,0.0,0.0,0,0,5,0,[],False,False
wseg_002962,,,,,18079,18081,3,3,0,6807.22,6807.86,0.6399999999994179,,0.0,0.0,0,0,3,0,[],False,False
wseg_002963,,,,,18082,18089,8,8,0,6807.86,6810.64,2.780000000000655,,0.0,0.0,0,0,8,0,[],False,False
wseg_002964,,,,,18090,18094,5,5,0,6810.64,6813.0,2.3599999999996726,,0.11999999999989086,0.11999999999989086,1,0,5,0,[],False,False
wseg_002965,,,,,18095,18097,3,3,0,6813.12,6814.18,1.0600000000004002,,0.0,0.0,0,0,3,0,[],False,False
wseg_002966,,,,,18098,18100,3,3,0,6814.18,6816.96,2.7799999999997453,,0.0,0.0,0,0,3,0,[],False,False
wseg_002967,,,,,18101,18103,3,3,0,6816.96,6818.48,1.519999999999527,,0.340000000001055,0.340000000001055,1,0,3,0,[],False,False
wseg_002968,,,,,18104,18106,3,3,0,6818.820000000001,6819.88,1.0599999999994907,,0.0,0.0,0,0,3,0,[],False,False
wseg_002969,,,,,18107,18115,9,9,0,6819.88,6822.4,2.519999999999527,,0.0,0.0,0,0,9,0,[],False,False
wseg_002970,,,,,18116,18120,5,5,0,6822.4,6825.04,2.6400000000003274,,0.0,0.0,0,0,5,0,[],False,False
wseg_002971,,,,,18121,18124,4,4,0,6825.04,6825.9,0.8599999999996726,,0.0,0.0,0,0,4,0,[],False,False
wseg_002972,,,,,18125,18128,4,4,0,6825.9,6828.06,2.160000000000764,,0.0,0.0,0,0,4,0,[],False,False
wseg_002973,,,,,18129,18134,6,6,0,6828.06,6830.22,2.1599999999998545,,0.0,0.0,0,0,6,0,[],False,False
wseg_002974,,,,,18135,18138,4,4,0,6830.22,6831.8,1.5799999999999272,,0.0,0.0,0,0,4,0,[],False,False
wseg_002975,,,,,18139,18145,7,7,0,6831.8,6834.5,2.699999999999818,,0.5799999999999272,0.5799999999999272,1,0,7,0,[],False,False
wseg_002976,,,,,18146,18150,5,5,0,6835.08,6837.44,2.3599999999996726,,0.0,0.0,0,0,5,0,[],False,False
wseg_002977,,,,,18151,18156,6,6,0,6837.44,6839.14,1.7000000000007276,,0.0,0.0,0,0,6,0,[],False,False
wseg_002978,,,,,18157,18158,2,2,0,6839.14,6839.6,0.4600000000000364,,0.0,0.0,0,0,2,0,[],False,False
wseg_002979,,,,,18159,18168,10,10,0,6839.6,6842.42,2.819999999999709,,0.6999999999998181,0.6999999999998181,1,0,10,0,[],False,False
wseg_002980,,,,,18169,18174,6,6,0,6843.12,6844.48,1.3599999999996726,,0.6400000000003274,0.6400000000003274,1,0,6,0,[],False,False
wseg_002981,,,,,18175,18181,7,7,0,6845.12,6847.0,1.8800000000001091,,0.0,0.0,0,0,7,0,[],False,False
wseg_002982,,,,,18182,18187,6,6,0,6847.0,6849.12,2.119999999999891,,0.5600000000004002,0.5600000000004002,1,0,6,0,[],False,False
wseg_002983,,,,,18188,18190,3,3,0,6849.68,6850.98,1.2999999999992724,,0.0,0.0,0,0,3,0,[],False,False
wseg_002984,,,,,18191,18197,7,7,0,6850.98,6853.02,2.040000000000873,,0.0,0.0,0,0,7,0,[],False,False
wseg_002985,,,,,18198,18203,6,6,0,6853.02,6855.26,2.2399999999997817,,0.0,0.0,0,0,6,0,[],False,False
wseg_002986,,,,,18204,18206,3,3,0,6855.26,6856.14,0.8800000000001091,,0.0,0.0,0,0,3,0,[],False,False
wseg_002987,,,,,18207,18214,8,8,0,6856.14,6857.9,1.7599999999993088,,0.8400000000001455,0.8400000000001455,1,0,8,0,[],False,False
wseg_002988,,,,,18215,18218,4,4,0,6858.74,6861.2,2.4600000000000364,,0.0,0.0,0,0,4,0,[],False,False
wseg_002989,,,,,18219,18221,3,3,0,6861.2,6862.42,1.2200000000002547,,0.0,0.0,0,0,3,0,[],False,False
wseg_002990,,,,,18222,18224,3,3,0,6862.42,6863.6,1.180000000000291,,0.0,0.0,0,0,3,0,[],False,False
wseg_002991,,,,,18225,18228,4,4,0,6863.6,6866.64,3.0399999999999636,,0.0,0.0,0,0,4,0,[],False,False
wseg_002992,,,,,18229,18231,3,3,0,6866.64,6868.96,2.319999999999709,,0.0,0.0,0,0,3,0,[],False,False
wseg_002993,,,,,18232,18235,4,4,0,6868.96,6870.38,1.4200000000000728,,0.4600000000000364,0.4600000000000364,1,0,4,0,[],False,False
wseg_002994,,,,,18236,18240,5,5,0,6870.84,6872.94,2.0999999999994543,,0.18000000000029104,0.18000000000029104,1,0,5,0,[],False,False
wseg_002995,,,,,18241,18244,4,4,0,6873.12,6874.7,1.5799999999999272,,0.0,0.0,0,0,4,0,[],False,False
wseg_002996,,,,,18245,18249,5,5,0,6874.7,6876.5,1.800000000000182,,0.0,0.0,0,0,5,0,[],False,False
wseg_002997,,,,,18250,18254,5,5,0,6876.5,6878.52,2.0200000000004366,,0.36999999999989086,0.36999999999989086,1,0,5,0,[],False,False
wseg_002998,,,,,18255,18259,5,5,0,6878.89,6880.54,1.6499999999996362,,0.5799999999999272,0.5799999999999272,1,0,5,0,[],False,False
wseg_002999,,,,,18260,18265,6,6,0,6881.12,6882.98,1.8599999999996726,,0.0,0.0,0,0,6,0,[],False,False
wseg_003000,,,,,18266,18272,7,7,0,6882.98,6884.82,1.8400000000001455,,0.0,0.0,0,0,7,0,[],False,False
wseg_003001,,,,,18273,18275,3,3,0,6884.82,6885.64,0.8200000000006185,,0.0,0.0,0,0,3,0,[],False,False
wseg_003002,,,,,18276,18282,7,7,0,6885.64,6888.64,3.0,,0.0,0.0,0,0,7,0,[],False,False
wseg_003003,,,,,18283,18291,9,9,0,6888.64,6891.08,2.4399999999996,,0.0,0.0,0,0,9,0,[],False,False
wseg_003004,,,,,18292,18299,8,8,0,6891.08,6893.16,2.0799999999999272,,0.0,0.0,0,0,8,0,[],False,False
wseg_003005,,,,,18300,18302,3,3,0,6893.16,6894.86,1.699999999999818,,0.0,0.0,0,0,3,0,[],False,False
wseg_003006,,,,,18303,18304,2,2,0,6894.86,6895.34,0.48000000000047294,,0.9399999999995998,0.9399999999995998,1,0,2,0,[],False,False
wseg_003007,,,,,18305,18310,6,6,0,6896.28,6898.52,2.240000000000691,,0.5999999999994543,0.5999999999994543,1,0,6,0,[],False,False
wseg_003008,,,,,18311,18317,7,7,0,6899.12,6901.3,2.180000000000291,,0.0,0.0,0,0,7,0,[],False,False
wseg_003009,,,,,18318,18323,6,6,0,6901.3,6903.1,1.800000000000182,,0.9399999999995998,0.9399999999995998,1,0,6,0,[],False,False
wseg_003010,,,,,18324,18324,1,1,0,6904.04,6904.7,0.6599999999998545,,0.0,0.0,0,0,1,0,[],False,False
wseg_003011,,,,,18325,18331,7,7,0,6904.7,6906.9,2.199999999999818,,0.0,0.0,0,0,7,0,[],False,False
wseg_003012,,,,,18332,18337,6,6,0,6906.9,6909.04,2.1400000000003274,,0.0,0.0,0,0,6,0,[],False,False
wseg_003013,,,,,18338,18341,4,4,0,6909.04,6909.98,0.9399999999995998,,0.0,0.0,0,0,4,0,[],False,False
wseg_003014,,,,,18342,18349,8,8,0,6909.98,6912.98,3.0,,0.0,0.0,0,0,8,0,[],False,False
wseg_003015,,,,,18350,18356,7,7,0,6912.98,6915.3,2.3200000000006185,,0.0,0.0,0,0,7,0,[],False,False
wseg_003016,,,,,18357,18360,4,4,0,6915.3,6916.88,1.5799999999999272,,0.0,0.0,0,0,4,0,[],False,False
wseg_003017,,,,,18361,18367,7,7,0,6916.88,6918.7,1.819999999999709,,0.0,0.0,0,0,7,0,[],False,False
wseg_003018,,,,,18368,18372,5,5,0,6918.7,6919.86,1.1599999999998545,,1.3400000000001455,1.3400000000001455,1,0,5,0,[],False,False
wseg_003019,,,,,18373,18376,4,4,0,6921.2,6922.64,1.4400000000005093,,0.0,0.0,0,0,4,0,[],False,False
wseg_003020,,,,,18377,18381,5,5,0,6922.64,6924.86,2.219999999999345,,0.0,0.0,0,0,5,0,[],False,False
wseg_003021,,,,,18382,18383,2,2,0,6924.86,6926.56,1.7000000000007276,,0.5099999999993088,0.5099999999993088,1,0,2,0,[],False,False
wseg_003022,,,,,18384,18389,6,6,0,6927.07,6928.34,1.2700000000004366,,0.0,0.0,0,0,6,0,[],False,False
wseg_003023,,,,,18390,18394,5,5,0,6928.34,6930.06,1.7200000000002547,,0.0,0.0,0,0,5,0,[],False,False
wseg_003024,,,,,18395,18399,5,5,0,6930.06,6932.14,2.0799999999999272,,0.9799999999995634,0.9799999999995634,1,0,5,0,[],False,False
wseg_003025,,,,,18400,18403,4,4,0,6933.12,6934.72,1.6000000000003638,,0.0,0.0,0,0,4,0,[],False,False
wseg_003026,,,,,18404,18409,6,6,0,6934.72,6937.06,2.3400000000001455,,0.0,0.0,0,0,6,0,[],False,False
wseg_003027,,,,,18410,18415,6,6,0,6937.06,6939.18,2.119999999999891,,0.0,0.0,0,0,6,0,[],False,False
wseg_003028,,,,,18416,18419,4,4,0,6939.18,6941.14,1.9600000000000364,,0.0,0.0,0,0,4,0,[],False,False
wseg_003029,,,,,18420,18423,4,4,0,6941.14,6942.6,1.4600000000000364,,0.38000000000010914,0.38000000000010914,1,0,4,0,[],False,False
wseg_003030,,,,,18424,18427,4,4,0,6942.9800000000005,6944.84,1.8599999999996726,,0.2000000000007276,0.2000000000007276,1,0,4,0,[],False,False
wseg_003031,,,,,18428,18433,6,6,0,6944.84,6946.6,1.7600000000002183,,0.0,0.0,0,0,6,0,[],False,False
wseg_003032,,,,,18434,18437,4,4,0,6946.6,6948.32,1.7199999999993452,,0.0,0.0,0,0,4,0,[],False,False
wseg_003033,,,,,18438,18444,7,7,0,6948.32,6950.66,2.3400000000001455,,0.0,0.0,0,0,7,0,[],False,False
wseg_003034,,,,,18445,18450,6,6,0,6950.66,6953.46,2.800000000000182,,0.0,0.0,0,0,6,0,[],False,False
wseg_003035,,,,,18451,18456,6,6,0,6953.46,6954.88,1.4200000000000728,,0.0,0.0,0,0,6,0,[],False,False
wseg_003036,,,,,18457,18460,4,4,0,6954.88,6956.88,2.0,,0.0,0.0,0,0,4,0,[],False,False
wseg_003037,,,,,18461,18467,7,7,0,6956.88,6958.94,2.0599999999994907,,0.0,0.0,0,0,7,0,[],False,False
wseg_003038,,,,,18468,18472,5,5,0,6958.94,6960.16,1.2200000000002547,,0.0,0.0,0,0,5,0,[],False,False
wseg_003039,,,,,18473,18479,7,7,0,6960.16,6962.56,2.4000000000005457,,0.0,0.0,0,0,7,0,[],False,False
wseg_003040,,,,,18480,18482,3,3,0,6962.56,6963.28,0.7199999999993452,,0.0,0.0,0,0,3,0,[],False,False
wseg_003041,,,,,18483,18489,7,7,0,6963.28,6966.0,2.7200000000002547,,0.0,0.0,0,0,7,0,[],False,False
wseg_003042,,,,,18490,18495,6,6,0,6966.0,6967.44,1.4399999999995998,,0.0,0.0,0,0,6,0,[],False,False
wseg_003043,,,,,18496,18501,6,6,0,6967.44,6969.94,2.5,,0.0,0.0,0,0,6,0,[],False,False
wseg_003044,,,,,18502,18502,1,1,0,6969.94,6970.34,0.4000000000005457,,2.839999999999236,2.839999999999236,1,0,1,0,[],False,False
wseg_003045,,,,,18503,18509,7,7,0,6973.179999999999,6975.76,2.5800000000008367,,0.0,0.0,0,0,7,0,[],False,False
wseg_003046,,,,,18510,18515,6,6,0,6975.76,6977.3,1.5399999999999636,,7.579999999999018,7.579999999999018,1,0,6,0,[],False,False
wseg_003047,,,,,18516,18519,4,4,0,6984.879999999999,6986.94,2.0600000000004,,0.0,0.0,0,0,4,0,[],False,False
wseg_003048,,,,,18520,18522,3,3,0,6986.94,6987.86,0.9200000000000728,,0.0,0.0,0,0,3,0,[],False,False
wseg_003049,,,,,18523,18528,6,6,0,6987.86,6989.72,1.860000000000582,,0.4399999999995998,0.4599999999991269,2,0,6,0,[],False,False
wseg_003050,,,,,18529,18533,5,5,0,6990.16,6991.88,1.7200000000002547,,0.0,0.0,0,0,5,0,[],False,False
wseg_003051,,,,,18534,18539,6,6,0,6991.88,6993.88,2.0,,0.0,0.0,0,0,6,0,[],False,False
wseg_003052,,,,,18540,18543,4,4,0,6993.88,6995.4,1.519999999999527,,0.0,0.0,0,0,4,0,[],False,False
wseg_003053,,,,,18544,18551,8,8,0,6995.4,6998.06,2.660000000000764,,0.0,0.0,0,0,8,0,[],False,False
wseg_003054,,,,,18552,18555,4,4,0,6998.06,6999.62,1.5599999999994907,,0.0,0.0,0,0,4,0,[],False,False
wseg_003055,,,,,18556,18561,6,6,0,6999.62,7001.46,1.8400000000001455,,0.0,0.0,0,0,6,0,[],False,False
wseg_003056,,,,,18562,18566,5,5,0,7001.46,7002.8,1.3400000000001455,,0.0,0.0,0,0,5,0,[],False,False
wseg_003057,,,,,18567,18574,8,8,0,7002.8,7005.84,3.0399999999999636,,0.11999999999989086,0.11999999999989086,1,0,8,0,[],False,False
wseg_003058,,,,,18575,18582,8,8,0,7005.84,7008.42,2.5799999999999272,,0.0,0.0,0,0,8,0,[],False,False
wseg_003059,,,,,18583,18586,4,4,0,7008.42,7009.84,1.4200000000000728,,0.0,0.0,0,0,4,0,[],False,False
wseg_003060,,,,,18587,18590,4,4,0,7009.84,7012.3,2.4600000000000364,,0.0,0.0,0,0,4,0,[],False,False
wseg_003061,,,,,18591,18595,5,5,0,7012.3,7013.52,1.2200000000002547,,0.0,0.0,0,0,5,0,[],False,False
wseg_003062,,,,,18596,18603,8,8,0,7013.52,7016.12,2.5999999999994543,,0.0,0.0,0,0,8,0,[],False,False
wseg_003063,,,,,18604,18606,3,3,0,7016.12,7016.72,0.6000000000003638,,0.0,0.0,0,0,3,0,[],False,False
wseg_003064,,,,,18607,18610,4,4,0,7016.72,7018.72,2.0,,0.0,0.0,0,0,4,0,[],False,False
wseg_003065,,,,,18611,18617,7,7,0,7018.72,7020.78,2.0599999999994907,,0.0,0.0,0,0,7,0,[],False,False
wseg_003066,,,,,18618,18621,4,4,0,7020.78,7022.34,1.5600000000004002,,0.0,0.0,0,0,4,0,[],False,False
wseg_003067,,,,,18622,18624,3,3,0,7022.34,7024.66,2.319999999999709,,0.0,0.0,0,0,3,0,[],False,False
wseg_003068,,,,,18625,18631,7,7,0,7024.66,7027.52,2.860000000000582,,0.0,0.0,0,0,7,0,[],False,False
wseg_003069,,,,,18632,18638,7,7,0,7027.52,7028.66,1.139999999999418,,0.0,0.0,0,0,7,0,[],False,False
wseg_003070,,,,,18639,18643,5,5,0,7028.66,7030.58,1.9200000000000728,,0.0,0.0,0,0,5,0,[],False,False
wseg_003071,,,,,18644,18649,6,6,0,7030.58,7032.1,1.5200000000004366,,0.4600000000000364,0.4600000000000364,1,0,6,0,[],False,False
wseg_003072,,,,,18650,18655,6,6,0,7032.56,7033.98,1.4199999999991633,,0.0,0.0,0,0,6,0,[],False,False
wseg_003073,,,,,18656,18665,10,10,0,7033.98,7036.84,2.860000000000582,,0.0,0.0,0,0,10,0,[],False,False
wseg_003074,,,,,18666,18668,3,3,0,7036.84,7037.96,1.1199999999998909,,0.6599999999998545,0.6599999999998545,1,0,3,0,[],False,False
wseg_003075,,,,,18669,18673,5,5,0,7038.62,7040.7,2.0799999999999272,,0.0,0.0,0,0,5,0,[],False,False
wseg_003076,,,,,18674,18682,9,9,0,7040.7,7043.2,2.5,,0.0,0.0,0,0,9,0,[],False,False
wseg_003077,,,,,18683,18686,4,4,0,7043.2,7044.28,1.0799999999999272,,0.0,0.0,0,0,4,0,[],False,False
wseg_003078,,,,,18687,18690,4,4,0,7044.28,7046.16,1.8800000000001091,,0.5600000000004002,0.5600000000004002,1,0,4,0,[],False,False
wseg_003079,,,,,18691,18694,4,4,0,7046.72,7048.34,1.6199999999998909,,0.0,0.0,0,0,4,0,[],False,False
wseg_003080,,,,,18695,18698,4,4,0,7048.34,7050.5,2.1599999999998545,,0.0,0.0,0,0,4,0,[],False,False
wseg_003081,,,,,18699,18702,4,4,0,7050.5,7051.9,1.3999999999996362,,0.0,0.0,0,0,4,0,[],False,False
wseg_003082,,,,,18703,18707,5,5,0,7051.9,7053.84,1.9400000000005093,,0.7199999999993452,0.7199999999993452,1,0,5,0,[],False,False
wseg_003083,,,,,18708,18712,5,5,0,7054.5599999999995,7056.18,1.6200000000008004,,0.0,0.0,0,0,5,0,[],False,False
wseg_003084,,,,,18713,18718,6,6,0,7056.18,7058.1,1.9200000000000728,,0.0,0.0,0,0,6,0,[],False,False
wseg_003085,,,,,18719,18721,3,3,0,7058.1,7059.76,1.6599999999998545,,0.6999999999998181,0.6999999999998181,1,0,3,0,[],False,False
wseg_003086,,,,,18722,18724,3,3,0,7060.46,7061.76,1.300000000000182,,0.0,0.0,0,0,3,0,[],False,False
wseg_003087,,,,,18725,18730,6,6,0,7061.76,7063.58,1.819999999999709,,0.0,0.0,0,0,6,0,[],False,False
wseg_003088,,,,,18731,18737,7,7,0,7063.58,7065.2,1.6199999999998909,,0.0,0.0,0,0,7,0,[],False,False
wseg_003089,,,,,18738,18741,4,4,0,7065.2,7067.22,2.0200000000004366,,0.0,0.0,0,0,4,0,[],False,False
wseg_003090,,,,,18742,18744,3,3,0,7067.22,7070.26,3.0399999999999636,,0.0,0.0,0,0,3,0,[],False,False
wseg_003091,,,,,18745,18753,9,9,0,7070.26,7072.28,2.019999999999527,,0.0,0.0,0,0,9,0,[],False,False
wseg_003092,,,,,18754,18757,4,4,0,7072.28,7074.08,1.800000000000182,,0.0,0.0,0,0,4,0,[],False,False
wseg_003093,,,,,18758,18762,5,5,0,7074.08,7075.48,1.3999999999996362,,1.2400000000006912,1.2400000000006912,1,0,5,0,[],False,False
wseg_003094,,,,,18763,18766,4,4,0,7076.72,7078.22,1.5,,0.0,0.0,0,0,4,0,[],False,False
wseg_003095,,,,,18767,18771,5,5,0,7078.22,7080.36,2.139999999999418,,0.0,0.0,0,0,5,0,[],False,False
wseg_003096,,,,,18772,18775,4,4,0,7080.36,7081.98,1.6199999999998909,,0.0,0.0,0,0,4,0,[],False,False
wseg_003097,,,,,18776,18782,7,7,0,7081.98,7084.7,2.7200000000002547,,0.0,0.0,0,0,7,0,[],False,False
wseg_003098,,,,,18783,18787,5,5,0,7084.7,7086.42,1.7200000000002547,,0.0,0.0,0,0,5,0,[],False,False
wseg_003099,,,,,18788,18792,5,5,0,7086.42,7088.76,2.3400000000001455,,0.0,0.0,0,0,5,0,[],False,False
wseg_003100,,,,,18793,18797,5,5,0,7088.76,7090.42,1.6599999999998545,,0.0,0.0,0,0,5,0,[],False,False
wseg_003101,,,,,18798,18805,8,8,0,7090.42,7092.14,1.7200000000002547,,0.0,0.0,0,0,8,0,[],False,False
wseg_003102,,,,,18806,18807,2,2,0,7092.14,7092.92,0.7799999999997453,,0.7600000000002183,0.7600000000002183,1,0,2,0,[],False,False
wseg_003103,,,,,18808,18811,4,4,0,7093.68,7095.48,1.7999999999992724,,0.0,0.0,0,0,4,0,[],False,False
wseg_003104,,,,,18812,18816,5,5,0,7095.48,7097.46,1.980000000000473,,0.0,0.0,0,0,5,0,[],False,False
wseg_003105,,,,,18817,18824,8,8,0,7097.46,7100.4,2.9399999999996,,0.0,0.0,0,0,8,0,[],False,False
wseg_003106,,,,,18825,18827,3,3,0,7100.4,7101.06,0.660000000000764,,0.0,0.0,0,0,3,0,[],False,False
wseg_003107,,,,,18828,18831,4,4,0,7101.06,7103.08,2.019999999999527,,0.0,0.0,0,0,4,0,[],False,False
wseg_003108,,,,,18832,18836,5,5,0,7103.08,7104.6,1.5200000000004366,,0.0,0.0,0,0,5,0,[],False,False
wseg_003109,,,,,18837,18842,6,6,0,7104.6,7106.34,1.7399999999997817,,0.7399999999997817,0.7399999999997817,1,0,6,0,[],False,False
wseg_003110,,,,,18843,18844,2,2,0,7107.08,7108.18,1.1000000000003638,,0.0,0.0,0,0,2,0,[],False,False
wseg_003111,,,,,18845,18850,6,6,0,7108.18,7110.08,1.8999999999996362,,0.0,0.0,0,0,6,0,[],False,False
wseg_003112,,,,,18851,18853,3,3,0,7110.08,7111.58,1.5,,0.0,0.0,0,0,3,0,[],False,False
wseg_003113,,,,,18854,18861,8,8,0,7111.58,7114.02,2.4400000000005093,,0.0,0.0,0,0,8,0,[],False,False
wseg_003114,,,,,18862,18867,6,6,0,7114.02,7116.26,2.2399999999997817,,0.0,0.0,0,0,6,0,[],False,False
wseg_003115,,,,,18868,18870,3,3,0,7116.26,7116.98,0.7199999999993452,,0.0,0.0,0,0,3,0,[],False,False
wseg_003116,,,,,18871,18877,7,7,0,7116.98,7120.46,3.480000000000473,,0.0,0.0,0,0,7,0,[],False,False
wseg_003117,,,,,18878,18879,2,2,0,7120.46,7121.18,0.7200000000002547,,0.0,0.0,0,0,2,0,[],False,False
wseg_003118,,,,,18880,18883,4,4,0,7121.18,7123.44,2.259999999999309,,0.0,0.0,0,0,4,0,[],False,False
wseg_003119,,,,,18884,18888,5,5,0,7123.44,7125.88,2.4400000000005093,,0.0,0.0,0,0,5,0,[],False,False
wseg_003120,,,,,18889,18894,6,6,0,7125.88,7128.6,2.7200000000002547,,0.0,0.0,0,0,6,0,[],False,False
wseg_003121,,,,,18895,18898,4,4,0,7128.6,7129.84,1.2399999999997817,,0.819999999999709,0.819999999999709,1,0,4,0,[],False,False
wseg_003122,,,,,18899,18902,4,4,0,7130.66,7132.3,1.6400000000003274,,0.7799999999997453,0.7799999999997453,1,0,4,0,[],False,False
wseg_003123,,,,,18903,18910,8,8,0,7133.08,7135.66,2.5799999999999272,,0.0,0.0,0,0,8,0,[],False,False
wseg_003124,,,,,18911,18913,3,3,0,7135.66,7137.32,1.6599999999998545,,0.0,0.0,0,0,3,0,[],False,False
wseg_003125,,,,,18914,18917,4,4,0,7137.32,7138.5,1.180000000000291,,0.5799999999999272,0.5799999999999272,1,0,4,0,[],False,False
wseg_003126,,,,,18918,18924,7,7,0,7139.08,7142.08,3.0,,0.0,0.0,0,0,7,0,[],False,False
wseg_003127,,,,,18925,18926,2,2,0,7142.08,7143.25,1.1700000000000728,,0.36999999999989086,0.36999999999989086,1,0,2,0,[],False,False
wseg_003128,,,,,18927,18929,3,3,0,7143.62,7144.3,0.680000000000291,,0.0,0.0,0,0,3,0,[],False,False
wseg_003129,,,,,18930,18934,5,5,0,7144.3,7145.96,1.6599999999998545,,0.0,0.0,0,0,5,0,[],False,False
wseg_003130,,,,,18935,18940,6,6,0,7145.96,7149.08,3.119999999999891,,0.0,0.0,0,0,6,0,[],False,False
wseg_003131,,,,,18941,18944,4,4,0,7149.08,7151.94,2.8599999999996726,,0.0,0.0,0,0,4,0,[],False,False
wseg_003132,,,,,18945,18948,4,4,0,7151.94,7153.88,1.9400000000005093,,0.0,0.0,0,0,4,0,[],False,False
wseg_003133,,,,,18949,18953,5,5,0,7153.88,7155.62,1.7399999999997817,,0.0,0.0,0,0,5,0,[],False,False
wseg_003134,,,,,18954,18958,5,5,0,7155.62,7157.62,2.0,,0.9400000000005093,0.9400000000005093,1,0,5,0,[],False,False
wseg_003135,,,,,18959,18963,5,5,0,7158.56,7160.38,1.819999999999709,,0.0,0.0,0,0,5,0,[],False,False
wseg_003136,,,,,18964,18967,4,4,0,7160.38,7161.34,0.9600000000000364,,0.0,0.0,0,0,4,0,[],False,False
wseg_003137,,,,,18968,18970,3,3,0,7161.34,7163.06,1.7200000000002547,,0.019999999999527063,0.019999999999527063,1,0,3,0,[],False,False
wseg_003138,,,,,18971,18974,4,4,0,7163.08,7165.06,1.980000000000473,,0.0,0.0,0,0,4,0,[],False,False
wseg_003139,,,,,18975,18977,3,3,0,7165.06,7165.62,0.5599999999994907,,0.0,0.0,0,0,3,0,[],False,False
wseg_003140,,,,,18978,18982,5,5,0,7165.62,7167.76,2.1400000000003274,,0.0,0.0,0,0,5,0,[],False,False
wseg_003141,,,,,18983,18986,4,4,0,7167.76,7170.24,2.4799999999995634,,0.0,0.0,0,0,4,0,[],False,False
wseg_003142,,,,,18987,18991,5,5,0,7170.24,7172.28,2.0399999999999636,,0.0,0.0,0,0,5,0,[],False,False
wseg_003143,,,,,18992,18998,7,7,0,7172.28,7175.02,2.740000000000691,,0.0,0.0,0,0,7,0,[],False,False
wseg_003144,,,,,18999,19001,3,3,0,7175.02,7176.4,1.3799999999991996,,0.0,0.0,0,0,3,0,[],False,False
wseg_003145,,,,,19002,19005,4,4,0,7176.4,7177.28,0.8800000000001091,,0.680000000000291,0.680000000000291,1,0,4,0,[],False,False
wseg_003146,,,,,19006,19009,4,4,0,7177.96,7179.74,1.7799999999997453,,0.0,0.0,0,0,4,0,[],False,False
wseg_003147,,,,,19010,19015,6,6,0,7179.74,7182.22,2.480000000000473,,0.0,0.0,0,0,6,0,[],False,False
wseg_003148,,,,,19016,19020,5,5,0,7182.22,7183.66,1.4399999999995998,,1.2199999999993452,1.2199999999993452,1,0,5,0,[],False,False
wseg_003149,,,,,19021,19024,4,4,0,7184.879999999999,7186.74,1.860000000000582,,0.0,0.0,0,0,4,0,[],False,False
wseg_003150,,,,,19025,19026,2,2,0,7186.74,7187.26,0.5200000000004366,,0.0,0.0,0,0,2,0,[],False,False
wseg_003151,,,,,19027,19031,5,5,0,7187.26,7188.72,1.4600000000000364,,2.5599999999994907,2.5599999999994907,1,0,5,0,[],False,False
wseg_003152,,,,,19032,19034,3,3,0,7191.28,7192.62,1.3400000000001455,,0.4600000000000364,0.4600000000000364,1,0,3,0,[],False,False
wseg_003153,,,,,19035,19042,8,8,0,7193.08,7195.2,2.119999999999891,,0.4000000000005457,0.4000000000005457,1,0,8,0,[],False,False
wseg_003154,,,,,19043,19048,6,6,0,7195.6,7197.2,1.5999999999994543,,0.0,0.0,0,0,6,0,[],False,False
wseg_003155,,,,,19049,19053,5,5,0,7197.2,7198.6,1.4000000000005457,,0.0,0.0,0,0,5,0,[],False,False
wseg_003156,,,,,19054,19058,5,5,0,7198.6,7200.52,1.9200000000000728,,0.0,0.0,0,0,5,0,[],False,False
wseg_003157,,,,,19059,19064,6,6,0,7200.52,7201.76,1.2399999999997817,,0.0,0.0,0,0,6,0,[],False,False
wseg_003158,,,,,19065,19071,7,7,0,7201.76,7204.48,2.719999999999345,,0.6400000000003274,0.8000000000001819,3,0,7,0,[],False,False
wseg_003159,,,,,19072,19078,7,7,0,7205.12,7206.8,1.680000000000291,,0.0,0.0,0,0,7,0,[],False,False
wseg_003160,,,,,19079,19084,6,6,0,7206.8,7209.16,2.3599999999996726,,0.0,0.0,0,0,6,0,[],False,False
wseg_003161,,,,,19085,19089,5,5,0,7209.16,7211.28,2.119999999999891,,0.0,0.0,0,0,5,0,[],False,False
wseg_003162,,,,,19090,19094,5,5,0,7211.28,7213.3,2.0200000000004366,,0.0,0.0,0,0,5,0,[],False,False
wseg_003163,,,,,19095,19100,6,6,0,7213.3,7215.02,1.7200000000002547,,0.0,0.0,0,0,6,0,[],False,False
wseg_003164,,,,,19101,19104,4,4,0,7215.02,7216.94,1.9199999999991633,,0.0,0.0,0,0,4,0,[],False,False
wseg_003165,,,,,19105,19107,3,3,0,7216.94,7217.48,0.5399999999999636,,0.6400000000003274,0.6400000000003274,1,0,3,0,[],False,False
wseg_003166,,,,,19108,19111,4,4,0,7218.12,7219.42,1.300000000000182,,0.0,0.0,0,0,4,0,[],False,False
wseg_003167,,,,,19112,19115,4,4,0,7219.42,7221.26,1.8400000000001455,,0.0,0.0,0,0,4,0,[],False,False
wseg_003168,,,,,19116,19120,5,5,0,7221.26,7222.76,1.5,,0.6599999999998545,0.6599999999998545,1,0,5,0,[],False,False
wseg_003169,,,,,19121,19123,3,3,0,7223.42,7224.88,1.4600000000000364,,0.36999999999989086,0.36999999999989086,1,0,3,0,[],False,False
wseg_003170,,,,,19124,19126,3,3,0,7225.25,7226.52,1.2700000000004366,,0.6899999999995998,0.6899999999995998,1,0,3,0,[],False,False
wseg_003171,,,,,19127,19129,3,3,0,7227.21,7227.98,0.7699999999995271,,0.0,0.0,0,0,3,0,[],False,False
wseg_003172,,,,,19130,19137,8,8,0,7227.98,7231.28,3.300000000000182,,0.0,0.0,0,0,8,0,[],False,False
wseg_003173,,,,,19138,19141,4,4,0,7231.28,7233.2,1.9200000000000728,,0.0,0.0,0,0,4,0,[],False,False
wseg_003174,,,,,19142,19147,6,6,0,7233.2,7235.1,1.9000000000005457,,0.0,0.0,0,0,6,0,[],False,False
wseg_003175,,,,,19148,19149,2,2,0,7235.1,7236.18,1.0799999999999272,,1.1099999999996726,1.1099999999996726,1,0,2,0,[],False,False
wseg_003176,,,,,19150,19150,1,1,0,7237.29,7237.66,0.36999999999989086,,0.0,0.0,0,0,1,0,[],False,False
wseg_003177,,,,,19151,19158,8,8,0,7237.66,7240.98,3.319999999999709,,0.7400000000006912,0.7400000000006912,1,0,8,0,[],False,False
wseg_003178,,,,,19159,19159,1,1,0,7241.72,7242.46,0.7399999999997817,,0.0,0.0,0,0,1,0,[],False,False
wseg_003179,,,,,19160,19165,6,6,0,7242.46,7244.18,1.7200000000002547,,0.0,0.0,0,0,6,0,[],False,False
wseg_003180,,,,,19166,19173,8,8,0,7244.18,7247.04,2.8599999999996726,,0.0,0.0,0,0,8,0,[],False,False
wseg_003181,,,,,19174,19177,4,4,0,7247.04,7248.92,1.8800000000001091,,0.5,0.5,1,0,4,0,[],False,False
wseg_003182,,,,,19178,19184,7,7,0,7249.42,7250.98,1.5599999999994907,,0.0,0.0,0,0,7,0,[],False,False
wseg_003183,,,,,19185,19187,3,3,0,7250.98,7252.9,1.9200000000000728,,0.07999999999992724,0.07999999999992724,1,0,3,0,[],False,False
wseg_003184,,,,,19188,19190,3,3,0,7252.9,7254.24,1.3400000000001455,,0.0,0.0,0,0,3,0,[],False,False
wseg_003185,,,,,19191,19196,6,6,0,7254.24,7256.44,2.199999999999818,,0.0,0.0,0,0,6,0,[],False,False
wseg_003186,,,,,19197,19204,8,8,0,7256.44,7258.98,2.5399999999999636,,0.0,0.0,0,0,8,0,[],False,False
wseg_003187,,,,,19205,19210,6,6,0,7258.98,7261.24,2.2600000000002183,,0.0,0.0,0,0,6,0,[],False,False
wseg_003188,,,,,19211,19216,6,6,0,7261.24,7263.42,2.180000000000291,,0.0,0.0,0,0,6,0,[],False,False
wseg_003189,,,,,19217,19222,6,6,0,7263.42,7265.26,1.8400000000001455,,0.0,0.0,0,0,6,0,[],False,False
wseg_003190,,,,,19223,19227,5,5,0,7265.26,7267.1,1.8400000000001455,,0.0,0.0,0,0,5,0,[],False,False
wseg_003191,,,,,19228,19231,4,4,0,7267.1,7269.44,2.339999999999236,,0.0,0.0,0,0,4,0,[],False,False
wseg_003192,,,,,19232,19235,4,4,0,7269.44,7271.42,1.980000000000473,,0.14000000000032742,0.14000000000032742,1,0,4,0,[],False,False
wseg_003193,,,,,19236,19242,7,7,0,7271.42,7273.9,2.4799999999995634,,0.7600000000002183,0.7600000000002183,1,0,7,0,[],False,False
wseg_003194,,,,,19243,19243,1,1,0,7274.66,7275.3,0.6400000000003274,,0.0,0.0,0,0,1,0,[],False,False
wseg_003195,,,,,19244,19252,9,9,0,7275.3,7278.02,2.7200000000002547,,0.0,0.0,0,0,9,0,[],False,False
wseg_003196,,,,,19253,19256,4,4,0,7278.02,7279.4,1.3799999999991996,,0.020000000000436557,0.020000000000436557,1,0,4,0,[],False,False
wseg_003197,,,,,19257,19260,4,4,0,7279.42,7281.08,1.6599999999998545,,0.0,0.0,0,0,4,0,[],False,False
wseg_003198,,,,,19261,19263,3,3,0,7281.08,7282.28,1.199999999999818,,0.0,0.0,0,0,3,0,[],False,False
wseg_003199,,,,,19264,19273,10,10,0,7282.28,7285.36,3.0799999999999272,,0.0,0.0,0,0,10,0,[],False,False
wseg_003200,,,,,19274,19283,10,10,0,7285.36,7287.46,2.100000000000364,,0.0,0.0,0,0,10,0,[],False,False
wseg_003201,,,,,19284,19288,5,5,0,7287.46,7289.62,2.1599999999998545,,0.0,0.0,0,0,5,0,[],False,False
wseg_003202,,,,,19289,19293,5,5,0,7289.62,7291.24,1.6199999999998909,,0.0,0.0,0,0,5,0,[],False,False
wseg_003203,,,,,19294,19298,5,5,0,7291.24,7293.44,2.199999999999818,,0.0,0.0,0,0,5,0,[],False,False
wseg_003204,,,,,19299,19300,2,2,0,7293.44,7294.22,0.7800000000006548,,0.0,0.0,0,0,2,0,[],False,False
wseg_003205,,,,,19301,19308,8,8,0,7294.22,7296.46,2.2399999999997817,,0.0,0.0,0,0,8,0,[],False,False
wseg_003206,,,,,19309,19315,7,7,0,7296.46,7299.18,2.7200000000002547,,0.0,0.0,0,0,7,0,[],False,False
wseg_003207,,,,,19316,19320,5,5,0,7299.18,7301.08,1.8999999999996362,,0.0,0.0,0,0,5,0,[],False,False
wseg_003208,,,,,19321,19325,5,5,0,7301.08,7302.44,1.3599999999996726,,0.0,0.0,0,0,5,0,[],False,False
wseg_003209,,,,,19326,19329,4,4,0,7302.44,7303.76,1.3200000000006185,,0.0,0.0,0,0,4,0,[],False,False
wseg_003210,,,,,19330,19338,9,9,0,7303.76,7306.12,2.3599999999996726,,0.0,0.0,0,0,9,0,[],False,False
wseg_003211,,,,,19339,19348,10,10,0,7306.12,7308.6,2.480000000000473,,0.819999999999709,0.819999999999709,1,0,10,0,[],False,False
wseg_003212,,,,,19349,19353,5,5,0,7309.42,7310.62,1.199999999999818,,0.0,0.0,0,0,5,0,[],False,False
wseg_003213,,,,,19354,19355,2,2,0,7310.62,7311.44,0.819999999999709,,0.0,0.0,0,0,2,0,[],False,False
wseg_003214,,,,,19356,19358,3,3,0,7311.44,7312.18,0.7400000000006912,,2.099999999998545,2.099999999998545,1,0,3,0,[],False,False
wseg_003215,,,,,19359,19365,7,7,0,7314.279999999999,7316.68,2.400000000001455,,0.0,0.0,0,0,7,0,[],False,False
wseg_003216,,,,,19366,19369,4,4,0,7316.68,7317.76,1.0799999999999272,,16.359999999999673,16.359999999999673,1,0,4,0,[],False,False
wseg_003217,,,,,19370,19372,3,3,0,7334.12,7335.4,1.2799999999997453,,0.0,0.0,0,0,3,0,[],False,False
wseg_003218,,,,,19373,19374,2,2,0,7335.4,7336.18,0.7800000000006548,,0.0,0.0,0,0,2,0,[],False,False
wseg_003219,,,,,19375,19381,7,7,0,7336.18,7338.0,1.819999999999709,,0.0,0.0,0,0,7,0,[],False,False
wseg_003220,,,,,19382,19389,8,8,0,7338.0,7340.46,2.4600000000000364,,0.0,0.0,0,0,8,0,[],False,False
wseg_003221,,,,,19390,19395,6,6,0,7340.46,7342.56,2.100000000000364,,0.0,0.0,0,0,6,0,[],False,False
wseg_003222,,,,,19396,19398,3,3,0,7342.56,7343.14,0.5799999999999272,,0.0,0.0,0,0,3,0,[],False,False
wseg_003223,,,,,19399,19406,8,8,0,7343.14,7346.18,3.0399999999999636,,0.0,0.0,0,0,8,0,[],False,False
wseg_003224,,,,,19407,19409,3,3,0,7346.18,7347.94,1.7599999999993088,,0.0,0.0,0,0,3,0,[],False,False
wseg_003225,,,,,19410,19415,6,6,0,7347.94,7349.74,1.800000000000182,,0.0,0.0,0,0,6,0,[],False,False
wseg_003226,,,,,19416,19424,9,9,0,7349.74,7352.34,2.600000000000364,,0.0,0.0,0,0,9,0,[],False,False
wseg_003227,,,,,19425,19427,3,3,0,7352.34,7353.44,1.0999999999994543,,0.5,0.5,1,0,3,0,[],False,False
wseg_003228,,,,,19428,19435,8,8,0,7353.94,7356.4,2.4600000000000364,,0.0,0.0,0,0,8,0,[],False,False
wseg_003229,,,,,19436,19441,6,6,0,7356.4,7358.56,2.160000000000764,,0.0,0.0,0,0,6,0,[],False,False
wseg_003230,,,,,19442,19446,5,5,0,7358.56,7360.24,1.6799999999993815,,0.0,0.0,0,0,5,0,[],False,False
wseg_003231,,,,,19447,19453,7,7,0,7360.24,7362.32,2.0799999999999272,,0.0,0.0,0,0,7,0,[],False,False
wseg_003232,,,,,19454,19459,6,6,0,7362.32,7364.06,1.7400000000006912,,0.0,0.0,0,0,6,0,[],False,False
wseg_003233,,,,,19460,19465,6,6,0,7364.06,7365.94,1.8799999999991996,,0.24000000000069122,0.24000000000069122,1,0,6,0,[],False,False
wseg_003234,,,,,19466,19471,6,6,0,7366.18,7368.06,1.8800000000001091,,0.0,0.0,0,0,6,0,[],False,False
wseg_003235,,,,,19472,19477,6,6,0,7368.06,7370.4,2.339999999999236,,0.0,0.0,0,0,6,0,[],False,False
wseg_003236,,,,,19478,19481,4,4,0,7370.4,7371.6,1.2000000000007276,,0.5799999999999272,0.5799999999999272,1,0,4,0,[],False,False
wseg_003237,,,,,19482,19487,6,6,0,7372.18,7374.38,2.199999999999818,,0.0,0.0,0,0,6,0,[],False,False
wseg_003238,,,,,19488,19492,5,5,0,7374.38,7375.66,1.2799999999997453,,0.0,0.0,0,0,5,0,[],False,False
wseg_003239,,,,,19493,19499,7,7,0,7375.66,7377.86,2.199999999999818,,0.0,0.0,0,0,7,0,[],False,False
wseg_003240,,,,,19500,19506,7,7,0,7377.86,7380.18,2.3200000000006185,,0.0,0.0,0,0,7,0,[],False,False
wseg_003241,,,,,19507,19509,3,3,0,7380.18,7382.24,2.0599999999994907,,0.0,0.0,0,0,3,0,[],False,False
wseg_003242,,,,,19510,19514,5,5,0,7382.24,7384.54,2.300000000000182,,0.0,0.0,0,0,5,0,[],False,False
wseg_003243,,,,,19515,19519,5,5,0,7384.54,7386.38,1.8400000000001455,,0.0,0.0,0,0,5,0,[],False,False
wseg_003244,,,,,19520,19522,3,3,0,7386.38,7388.26,1.8800000000001091,,0.0,0.0,0,0,3,0,[],False,False
wseg_003245,,,,,19523,19529,7,7,0,7388.26,7389.78,1.519999999999527,,0.0,0.0,0,0,7,0,[],False,False
wseg_003246,,,,,19530,19537,8,8,0,7389.78,7392.02,2.240000000000691,,0.0,0.0,0,0,8,0,[],False,False
wseg_003247,,,,,19538,19543,6,6,0,7392.02,7394.52,2.5,,0.0,0.0,0,0,6,0,[],False,False
wseg_003248,,,,,19544,19547,4,4,0,7394.52,7395.44,0.9199999999991633,,0.7400000000006912,0.7400000000006912,1,0,4,0,[],False,False
wseg_003249,,,,,19548,19550,3,3,0,7396.18,7397.38,1.199999999999818,,0.0,0.0,0,0,3,0,[],False,False
wseg_003250,,,,,19551,19558,8,8,0,7397.38,7399.66,2.2799999999997453,,0.31999999999970896,0.31999999999970896,1,0,8,0,[],False,False
wseg_003251,,,,,19559,19563,5,5,0,7399.98,7401.52,1.5400000000008731,,0.0,0.0,0,0,5,0,[],False,False
wseg_003252,,,,,19564,19569,6,6,0,7401.52,7403.28,1.7599999999993088,,0.6400000000003274,0.6400000000003274,1,0,6,0,[],False,False
wseg_003253,,,,,19570,19577,8,8,0,7403.92,7406.78,2.8599999999996726,,0.0,0.0,0,0,8,0,[],False,False
wseg_003254,,,,,19578,19582,5,5,0,7406.78,7408.42,1.6400000000003274,,0.0,0.0,0,0,5,0,[],False,False
wseg_003255,,,,,19583,19587,5,5,0,7408.42,7410.28,1.8599999999996726,,0.0,0.0,0,0,5,0,[],False,False
wseg_003256,,,,,19588,19591,4,4,0,7410.28,7411.98,1.699999999999818,,0.0,0.0,0,0,4,0,[],False,False
wseg_003257,,,,,19592,19596,5,5,0,7411.98,7413.82,1.8400000000001455,,0.0,0.0,0,0,5,0,[],False,False
wseg_003258,,,,,19597,19602,6,6,0,7413.82,7416.38,2.5600000000004,,0.3999999999996362,0.3999999999996362,1,0,6,0,[],False,False
wseg_003259,,,,,19603,19608,6,6,0,7416.38,7418.18,1.800000000000182,,0.819999999999709,0.819999999999709,1,0,6,0,[],False,False
wseg_003260,,,,,19609,19610,2,2,0,7419.0,7419.92,0.9200000000000728,,0.0,0.0,0,0,2,0,[],False,False
wseg_003261,,,,,19611,19618,8,8,0,7419.92,7421.8,1.8800000000001091,,0.0,0.0,0,0,8,0,[],False,False
wseg_003262,,,,,19619,19627,9,9,0,7421.8,7424.64,2.8400000000001455,,0.0,0.0,0,0,9,0,[],False,False
wseg_003263,,,,,19628,19630,3,3,0,7424.64,7426.06,1.4200000000000728,,0.11999999999989086,0.11999999999989086,1,0,3,0,[],False,False
wseg_003264,,,,,19631,19635,5,5,0,7426.18,7427.96,1.7799999999997453,,0.0,0.0,0,0,5,0,[],False,False
wseg_003265,,,,,19636,19641,6,6,0,7427.96,7429.66,1.699999999999818,,0.28000000000065484,0.28000000000065484,1,0,6,0,[],False,False
wseg_003266,,,,,19642,19645,4,4,0,7429.9400000000005,7431.7,1.7599999999993088,,0.0,0.0,0,0,4,0,[],False,False
wseg_003267,,,,,19646,19651,6,6,0,7431.7,7434.36,2.6599999999998545,,0.0,0.0,0,0,6,0,[],False,False
wseg_003268,,,,,19652,19655,4,4,0,7434.36,7436.0,1.6400000000003274,,0.0,0.0,0,0,4,0,[],False,False
wseg_003269,,,,,19656,19658,3,3,0,7436.0,7437.08,1.0799999999999272,,0.0,0.0,0,0,3,0,[],False,False
wseg_003270,,,,,19659,19665,7,7,0,7437.08,7439.76,2.680000000000291,,0.0,0.0,0,0,7,0,[],False,False
wseg_003271,,,,,19666,19669,4,4,0,7439.76,7441.18,1.4200000000000728,,0.0,0.0,0,0,4,0,[],False,False
wseg_003272,,,,,19670,19677,8,8,0,7441.18,7443.64,2.4600000000000364,,0.0,0.0,0,0,8,0,[],False,False
wseg_003273,,,,,19678,19684,7,7,0,7443.64,7445.64,2.0,,0.5,0.5,1,0,7,0,[],False,False
wseg_003274,,,,,19685,19687,3,3,0,7446.14,7447.54,1.3999999999996362,,0.0,0.0,0,0,3,0,[],False,False
wseg_003275,,,,,19688,19691,4,4,0,7447.54,7450.0,2.4600000000000364,,0.0999999999994543,0.0999999999994543,1,0,4,0,[],False,False
wseg_003276,,,,,19692,19696,5,5,0,7450.0,7451.4,1.3999999999996362,,0.0,0.0,0,0,5,0,[],False,False
wseg_003277,,,,,19697,19704,8,8,0,7451.4,7454.1,2.7000000000007276,,0.0,0.0,0,0,8,0,[],False,False
wseg_003278,,,,,19705,19708,4,4,0,7454.1,7455.84,1.7399999999997817,,0.3400000000001455,0.3400000000001455,1,0,4,0,[],False,False
wseg_003279,,,,,19709,19710,2,2,0,7456.18,7456.7,0.5199999999995271,,0.0,0.0,0,0,2,0,[],False,False
wseg_003280,,,,,19711,19716,6,6,0,7456.7,7459.44,2.7399999999997817,,0.0,0.0,0,0,6,0,[],False,False
wseg_003281,,,,,19717,19719,3,3,0,7459.44,7460.44,1.0,,0.0,0.0,0,0,3,0,[],False,False
wseg_003282,,,,,19720,19724,5,5,0,7460.44,7462.6,2.160000000000764,,0.0,0.0,0,0,5,0,[],False,False
wseg_003283,,,,,19725,19733,9,9,0,7462.6,7465.06,2.4600000000000364,,0.0,0.0,0,0,9,0,[],False,False
wseg_003284,,,,,19734,19737,4,4,0,7465.06,7465.98,0.9199999999991633,,0.0,0.0,0,0,4,0,[],False,False
wseg_003285,,,,,19738,19741,4,4,0,7465.98,7468.6,2.6200000000008004,,0.0,0.0,0,0,4,0,[],False,False
wseg_003286,,,,,19742,19746,5,5,0,7468.6,7470.78,2.1799999999993815,,0.13999999999941792,0.13999999999941792,1,0,5,0,[],False,False
wseg_003287,,,,,19747,19750,4,4,0,7470.78,7473.04,2.2600000000002183,,0.0,0.0,0,0,4,0,[],False,False
wseg_003288,,,,,19751,19755,5,5,0,7473.04,7474.74,1.699999999999818,,0.0,0.0,0,0,5,0,[],False,False
wseg_003289,,,,,19756,19761,6,6,0,7474.74,7477.24,2.5,,0.0,0.0,0,0,6,0,[],False,False
wseg_003290,,,,,19762,19765,4,4,0,7477.24,7478.7,1.4600000000000364,,0.0,0.0,0,0,4,0,[],False,False
wseg_003291,,,,,19766,19770,5,5,0,7478.7,7480.54,1.8400000000001455,,0.0,0.0,0,0,5,0,[],False,False
wseg_003292,,,,,19771,19774,4,4,0,7480.54,7482.02,1.480000000000473,,0.0,0.0,0,0,4,0,[],False,False
wseg_003293,,,,,19775,19780,6,6,0,7482.02,7484.04,2.019999999999527,,0.0,0.0,0,0,6,0,[],False,False
wseg_003294,,,,,19781,19786,6,6,0,7484.04,7485.96,1.9200000000000728,,0.0,0.0,0,0,6,0,[],False,False
wseg_003295,,,,,19787,19792,6,6,0,7485.96,7487.8,1.8400000000001455,,0.0,0.0,0,0,6,0,[],False,False
wseg_003296,,,,,19793,19799,7,7,0,7487.8,7490.36,2.5599999999994907,,0.0,0.0,0,0,7,0,[],False,False
wseg_003297,,,,,19800,19803,4,4,0,7490.36,7491.38,1.0200000000004366,,0.0,0.0,0,0,4,0,[],False,False
wseg_003298,,,,,19804,19807,4,4,0,7491.38,7493.24,1.8599999999996726,,0.0,0.0,0,0,4,0,[],False,False
wseg_003299,,,,,19808,19813,6,6,0,7493.24,7495.38,2.1400000000003274,,0.0,0.0,0,0,6,0,[],False,False
wseg_003300,,,,,19814,19820,7,7,0,7495.38,7497.48,2.0999999999994543,,0.0,0.0,0,0,7,0,[],False,False
wseg_003301,,,,,19821,19827,7,7,0,7497.48,7499.4,1.9200000000000728,,0.0,0.0,0,0,7,0,[],False,False
wseg_003302,,,,,19828,19830,3,3,0,7499.4,7500.24,0.8400000000001455,,0.0,0.0,0,0,3,0,[],False,False
wseg_003303,,,,,19831,19837,7,7,0,7500.24,7502.84,2.600000000000364,,0.0,0.0,0,0,7,0,[],False,False
wseg_003304,,,,,19838,19845,8,8,0,7502.84,7505.26,2.4200000000000728,,0.0,0.0,0,0,8,0,[],False,False
wseg_003305,,,,,19846,19851,6,6,0,7505.26,7507.8,2.5399999999999636,,0.0,0.0,0,0,6,0,[],False,False
wseg_003306,,,,,19852,19852,1,1,0,7507.8,7508.82,1.019999999999527,,0.0,0.0,0,0,1,0,[],False,False
wseg_003307,,,,,19853,19860,8,8,0,7508.82,7511.0,2.180000000000291,,0.0,0.0,0,0,8,0,[],False,False
wseg_003308,,,,,19861,19865,5,5,0,7511.0,7511.88,0.8800000000001091,,0.0,0.0,0,0,5,0,[],False,False
wseg_003309,,,,,19866,19868,3,3,0,7511.88,7513.5,1.6199999999998909,,0.0,0.0,0,0,3,0,[],False,False
wseg_003310,,,,,19869,19874,6,6,0,7513.5,7515.48,1.9799999999995634,,0.0,0.0,0,0,6,0,[],False,False
wseg_003311,,,,,19875,19880,6,6,0,7515.48,7517.7,2.2200000000002547,,0.0,0.0,0,0,6,0,[],False,False
wseg_003312,,,,,19881,19887,7,7,0,7517.7,7519.82,2.119999999999891,,0.0,0.0,0,0,7,0,[],False,False
wseg_003313,,,,,19888,19892,5,5,0,7519.82,7521.6,1.7800000000006548,,0.0,0.0,0,0,5,0,[],False,False
wseg_003314,,,,,19893,19896,4,4,0,7521.6,7523.02,1.4200000000000728,,0.0,0.0,0,0,4,0,[],False,False
wseg_003315,,,,,19897,19905,9,9,0,7523.02,7525.74,2.719999999999345,,0.0,0.0,0,0,9,0,[],False,False
wseg_003316,,,,,19906,19916,11,11,0,7525.74,7528.82,3.0799999999999272,,0.0,0.0,0,0,11,0,[],False,False
wseg_003317,,,,,19917,19921,5,5,0,7528.82,7530.44,1.6199999999998909,,0.0,0.0,0,0,5,0,[],False,False
wseg_003318,,,,,19922,19927,6,6,0,7530.44,7532.72,2.280000000000655,,0.0,0.0,0,0,6,0,[],False,False
wseg_003319,,,,,19928,19932,5,5,0,7532.72,7534.12,1.3999999999996362,,0.0,0.0,0,0,5,0,[],False,False
wseg_003320,,,,,19933,19937,5,5,0,7534.12,7535.48,1.3599999999996726,,0.0,0.0,0,0,5,0,[],False,False
wseg_003321,,,,,19938,19946,9,9,0,7535.48,7538.1,2.6200000000008004,,0.7199999999993452,0.7199999999993452,1,0,9,0,[],False,False
wseg_003322,,,,,19947,19950,4,4,0,7538.82,7539.76,0.9400000000005093,,0.0,0.0,0,0,4,0,[],False,False
wseg_003323,,,,,19951,19955,5,5,0,7539.76,7542.16,2.399999999999636,,0.5,0.5,1,0,5,0,[],False,False
wseg_003324,,,,,19956,19960,5,5,0,7542.66,7544.84,2.180000000000291,,0.0,0.0,0,0,5,0,[],False,False
wseg_003325,,,,,19961,19964,4,4,0,7544.84,7546.58,1.7399999999997817,,0.0,0.0,0,0,4,0,[],False,False
wseg_003326,,,,,19965,19972,8,8,0,7546.58,7548.04,1.4600000000000364,,0.0,0.0,0,0,8,0,[],False,False
wseg_003327,,,,,19973,19978,6,6,0,7548.04,7550.12,2.0799999999999272,,0.0,0.0,0,0,6,0,[],False,False
wseg_003328,,,,,19979,19986,8,8,0,7550.12,7552.76,2.6400000000003274,,0.0,0.0,0,0,8,0,[],False,False
wseg_003329,,,,,19987,19991,5,5,0,7552.76,7554.84,2.0799999999999272,,0.0,0.0,0,0,5,0,[],False,False
wseg_003330,,,,,19992,19999,8,8,0,7554.84,7556.7,1.8599999999996726,,0.0,0.0,0,0,8,0,[],False,False
wseg_003331,,,,,20000,20004,5,5,0,7556.7,7558.38,1.680000000000291,,0.0,0.0,0,0,5,0,[],False,False
wseg_003332,,,,,20005,20009,5,5,0,7558.38,7560.76,2.380000000000109,,0.0,0.0,0,0,5,0,[],False,False
wseg_003333,,,,,20010,20013,4,4,0,7560.76,7562.36,1.5999999999994543,,0.0,0.0,0,0,4,0,[],False,False
wseg_003334,,,,,20014,20016,3,3,0,7562.36,7563.44,1.0799999999999272,,0.0,0.0,0,0,3,0,[],False,False
wseg_003335,,,,,20017,20021,5,5,0,7563.44,7565.68,2.240000000000691,,0.0,0.0,0,0,5,0,[],False,False
wseg_003336,,,,,20022,20024,3,3,0,7565.68,7567.78,2.0999999999994543,,1.0399999999999636,1.1199999999998909,2,0,3,0,[],False,False
wseg_003337,,,,,20025,20032,8,8,0,7568.82,7570.68,1.860000000000582,,0.0,0.0,0,0,8,0,[],False,False
wseg_003338,,,,,20033,20041,9,9,0,7570.68,7572.84,2.1599999999998545,,0.0,0.0,0,0,9,0,[],False,False
wseg_003339,,,,,20042,20045,4,4,0,7572.84,7574.8,1.9600000000000364,,0.0,0.0,0,0,4,0,[],False,False
wseg_003340,,,,,20046,20048,3,3,0,7574.8,7576.44,1.639999999999418,,0.0,0.0,0,0,3,0,[],False,False
wseg_003341,,,,,20049,20055,7,7,0,7576.44,7578.68,2.240000000000691,,0.0,0.0,0,0,7,0,[],False,False
wseg_003342,,,,,20056,20058,3,3,0,7578.68,7579.68,1.0,,0.0,0.0,0,0,3,0,[],False,False
wseg_003343,,,,,20059,20064,6,6,0,7579.68,7581.74,2.0599999999994907,,0.0,0.0,0,0,6,0,[],False,False
wseg_003344,,,,,20065,20070,6,6,0,7581.74,7583.88,2.1400000000003274,,0.0,0.0,0,0,6,0,[],False,False
wseg_003345,,,,,20071,20075,5,5,0,7583.88,7586.18,2.300000000000182,,0.0,0.0,0,0,5,0,[],False,False
wseg_003346,,,,,20076,20079,4,4,0,7586.18,7587.78,1.5999999999994543,,0.0,0.0,0,0,4,0,[],False,False
wseg_003347,,,,,20080,20085,6,6,0,7587.78,7590.8,3.0200000000004366,,0.0,0.0,0,0,6,0,[],False,False
wseg_003348,,,,,20086,20091,6,6,0,7590.8,7593.46,2.6599999999998545,,0.0,0.0,0,0,6,0,[],False,False
wseg_003349,,,,,20092,20096,5,5,0,7593.46,7595.1,1.6400000000003274,,0.0,0.0,0,0,5,0,[],False,False
wseg_003350,,,,,20097,20101,5,5,0,7595.1,7596.54,1.4399999999995998,,0.0,0.0,0,0,5,0,[],False,False
wseg_003351,,,,,20102,20108,7,7,0,7596.54,7598.5,1.9600000000000364,,0.31999999999970896,0.31999999999970896,1,0,7,0,[],False,False
wseg_003352,,,,,20109,20110,2,2,0,7598.82,7599.06,0.24000000000069122,,0.0,0.0,0,0,2,0,[],False,False
wseg_003353,,,,,20111,20118,8,8,0,7599.06,7601.68,2.619999999999891,,0.0,0.0,0,0,8,0,[],False,False
wseg_003354,,,,,20119,20125,7,7,0,7601.68,7603.36,1.6799999999993815,,0.0,0.0,0,0,7,0,[],False,False
wseg_003355,,,,,20126,20130,5,5,0,7603.36,7605.76,2.4000000000005457,,0.0,0.0,0,0,5,0,[],False,False
wseg_003356,,,,,20131,20140,10,10,0,7605.76,7608.28,2.519999999999527,,0.43000000000029104,0.43000000000029104,1,0,10,0,[],False,False
wseg_003357,,,,,20141,20143,3,3,0,7608.71,7609.66,0.9499999999998181,,0.0,0.0,0,0,3,0,[],False,False
wseg_003358,,,,,20144,20148,5,5,0,7609.66,7611.18,1.5200000000004366,,0.0,0.0,0,0,5,0,[],False,False
wseg_003359,,,,,20149,20153,5,5,0,7611.18,7612.98,1.7999999999992724,,0.0,0.0,0,0,5,0,[],False,False
wseg_003360,,,,,20154,20159,6,6,0,7612.98,7614.92,1.9400000000005093,,0.0,0.0,0,0,6,0,[],False,False
wseg_003361,,,,,20160,20164,5,5,0,7614.92,7616.56,1.6400000000003274,,0.0,0.0,0,0,5,0,[],False,False
wseg_003362,,,,,20165,20167,3,3,0,7616.56,7617.42,0.8599999999996726,,4.779999999999745,4.779999999999745,1,0,3,0,[],False,False
wseg_003363,,,,,20168,20174,7,7,0,7622.2,7624.56,2.360000000000582,,0.0,0.0,0,0,7,0,[],False,False
wseg_003364,,,,,20175,20178,4,4,0,7624.56,7625.8,1.2399999999997817,,10.99999999999909,10.99999999999909,1,0,4,0,[],False,False
wseg_003365,,,,,20179,20179,1,1,0,7636.799999999999,7637.36,0.5600000000004002,,4.819999999999709,4.819999999999709,1,0,1,0,[],False,False
wseg_003366,,,,,20180,20182,3,3,0,7642.179999999999,7643.62,1.4400000000005093,,0.0,0.0,0,0,3,0,[],False,False
wseg_003367,,,,,20183,20185,3,3,0,7643.62,7644.56,0.9400000000005093,,0.0,0.0,0,0,3,0,[],False,False
wseg_003368,,,,,20186,20190,5,5,0,7644.56,7646.42,1.8599999999996726,,0.819999999999709,0.819999999999709,1,0,5,0,[],False,False
wseg_003369,,,,,20191,20192,2,2,0,7647.24,7648.22,0.9800000000004729,,0.0,0.0,0,0,2,0,[],False,False
wseg_003370,,,,,20193,20200,8,8,0,7648.22,7650.32,2.0999999999994543,,0.0,0.0,0,0,8,0,[],False,False
wseg_003371,,,,,20201,20204,4,4,0,7650.32,7651.42,1.1000000000003638,,0.0,0.0,0,0,4,0,[],False,False
wseg_003372,,,,,20205,20211,7,7,0,7651.42,7653.04,1.6199999999998909,,0.0,0.0,0,0,7,0,[],False,False
wseg_003373,,,,,20212,20215,4,4,0,7653.04,7654.56,1.5200000000004366,,4.259999999999309,4.259999999999309,1,0,4,0,[],False,False
wseg_003374,,,,,20216,20220,5,5,0,7658.82,7659.92,1.1000000000003638,,0.0,0.0,0,0,5,0,[],False,False
wseg_003375,,,,,20221,20224,4,4,0,7659.92,7660.76,0.8400000000001455,,0.7200000000002547,0.7200000000002547,1,0,4,0,[],False,False
wseg_003376,,,,,20225,20229,5,5,0,7661.4800000000005,7663.26,1.7799999999997453,,0.0,0.0,0,0,5,0,[],False,False
wseg_003377,,,,,20230,20235,6,6,0,7663.26,7664.68,1.4200000000000728,,0.0,0.0,0,0,6,0,[],False,False
wseg_003378,,,,,20236,20244,9,9,0,7664.68,7667.06,2.380000000000109,,0.0,0.0,0,0,9,0,[],False,False
wseg_003379,,,,,20245,20247,3,3,0,7667.06,7667.74,0.6799999999993815,,0.5800000000008367,0.5800000000008367,1,0,3,0,[],False,False
wseg_003380,,,,,20248,20255,8,8,0,7668.320000000001,7671.6,3.2799999999997453,,0.0,0.0,0,0,8,0,[],False,False
wseg_003381,,,,,20256,20262,7,7,0,7671.6,7673.24,1.639999999999418,,0.0,0.0,0,0,7,0,[],False,False
wseg_003382,,,,,20263,20266,4,4,0,7673.24,7674.82,1.5799999999999272,,0.0,0.0,0,0,4,0,[],False,False
wseg_003383,,,,,20267,20273,7,7,0,7674.82,7677.26,2.4400000000005093,,0.5399999999999636,0.5399999999999636,1,0,7,0,[],False,False
wseg_003384,,,,,20274,20278,5,5,0,7677.8,7679.42,1.6199999999998909,,0.0,0.0,0,0,5,0,[],False,False
wseg_003385,,,,,20279,20283,5,5,0,7679.42,7681.4,1.9799999999995634,,0.0,0.0,0,0,5,0,[],False,False
wseg_003386,,,,,20284,20292,9,9,0,7681.4,7683.92,2.5200000000004366,,0.0,0.0,0,0,9,0,[],False,False
wseg_003387,,,,,20293,20299,7,7,0,7683.92,7685.48,1.5599999999994907,,0.0,0.0,0,0,7,0,[],False,False
wseg_003388,,,,,20300,20301,2,2,0,7685.48,7687.18,1.7000000000007276,,0.0,0.0,0,0,2,0,[],False,False
wseg_003389,,,,,20302,20306,5,5,0,7687.18,7688.74,1.5599999999994907,,0.0,0.0,0,0,5,0,[],False,False
wseg_003390,,,,,20307,20317,11,11,0,7688.74,7691.28,2.5399999999999636,,0.0,0.0,0,0,11,0,[],False,False
wseg_003391,,,,,20318,20319,2,2,0,7691.28,7692.34,1.0600000000004002,,0.0,0.0,0,0,2,0,[],False,False
wseg_003392,,,,,20320,20326,7,7,0,7692.34,7695.4,3.0599999999994907,,0.0,0.0,0,0,7,0,[],False,False
wseg_003393,,,,,20327,20329,3,3,0,7695.4,7696.7,1.300000000000182,,0.0,0.0,0,0,3,0,[],False,False
wseg_003394,,,,,20330,20336,7,7,0,7696.7,7699.68,2.980000000000473,,0.0,0.0,0,0,7,0,[],False,False
wseg_003395,,,,,20337,20339,3,3,0,7699.68,7700.8,1.1199999999998909,,0.4399999999995998,0.4399999999995998,1,0,3,0,[],False,False
wseg_003396,,,,,20340,20345,6,6,0,7701.24,7703.32,2.0799999999999272,,0.0,0.0,0,0,6,0,[],False,False
wseg_003397,,,,,20346,20352,7,7,0,7703.32,7705.2,1.8800000000001091,,0.6599999999998545,0.6599999999998545,1,0,7,0,[],False,False
wseg_003398,,,,,20353,20356,4,4,0,7705.86,7707.16,1.300000000000182,,0.0,0.0,0,0,4,0,[],False,False
wseg_003399,,,,,20357,20360,4,4,0,7707.16,7708.08,0.9200000000000728,,0.0,0.0,0,0,4,0,[],False,False
wseg_003400,,,,,20361,20366,6,6,0,7708.08,7710.52,2.4400000000005093,,0.0,0.0,0,0,6,0,[],False,False
wseg_003401,,,,,20367,20370,4,4,0,7710.52,7711.58,1.0599999999994907,,0.0,0.0,0,0,4,0,[],False,False
wseg_003402,,,,,20371,20374,4,4,0,7711.58,7713.32,1.7399999999997817,,0.0,0.0,0,0,4,0,[],False,False
wseg_003403,,,,,20375,20378,4,4,0,7713.32,7715.16,1.8400000000001455,,0.0,0.0,0,0,4,0,[],False,False
wseg_003404,,,,,20379,20379,1,1,0,7715.16,7716.06,0.9000000000005457,,0.0,0.0,0,0,1,0,[],False,False
wseg_003405,,,,,20380,20383,4,4,0,7716.06,7719.1,3.0399999999999636,,0.0,0.0,0,0,4,0,[],False,False
wseg_003406,,,,,20384,20385,2,2,0,7719.1,7719.7,0.5999999999994543,,0.0,0.0,0,0,2,0,[],False,False
wseg_003407,,,,,20386,20392,7,7,0,7719.7,7722.5,2.800000000000182,,0.0,0.0,0,0,7,0,[],False,False
wseg_003408,,,,,20393,20399,7,7,0,7722.5,7725.54,3.0399999999999636,,0.0,0.0,0,0,7,0,[],False,False
wseg_003409,,,,,20400,20403,4,4,0,7725.54,7726.4,0.8599999999996726,,0.0,0.0,0,0,4,0,[],False,False
wseg_003410,,,,,20404,20411,8,8,0,7726.4,7729.68,3.280000000000655,,0.0,0.0,0,0,8,0,[],False,False
wseg_003411,,,,,20412,20413,2,2,0,7729.68,7731.9,2.219999999999345,,0.0,0.0,0,0,2,0,[],False,False
wseg_003412,,,,,20414,20415,2,2,0,7731.9,7733.26,1.360000000000582,,0.0,0.0,0,0,2,0,[],False,False
wseg_003413,,,,,20416,20417,2,2,0,7733.26,7734.52,1.2600000000002183,,0.9399999999995998,0.9399999999995998,1,0,2,0,[],False,False
wseg_003414,,,,,20418,20421,4,4,0,7735.46,7737.32,1.8599999999996726,,0.0,0.0,0,0,4,0,[],False,False
wseg_003415,,,,,20422,20425,4,4,0,7737.32,7738.24,0.9200000000000728,,0.0,0.0,0,0,4,0,[],False,False
wseg_003416,,,,,20426,20434,9,9,0,7738.24,7740.6,2.360000000000582,,0.9799999999995634,0.9799999999995634,1,0,9,0,[],False,False
wseg_003417,,,,,20435,20437,3,3,0,7741.58,7742.58,1.0,,0.0,0.0,0,0,3,0,[],False,False
wseg_003418,,,,,20438,20444,7,7,0,7742.58,7744.86,2.2799999999997453,,0.0,0.0,0,0,7,0,[],False,False
wseg_003419,,,,,20445,20448,4,4,0,7744.86,7745.76,0.9000000000005457,,0.0,0.0,0,0,4,0,[],False,False
wseg_003420,,,,,20449,20455,7,7,0,7745.76,7749.48,3.719999999999345,,0.0,0.0,0,0,7,0,[],False,False
wseg_003421,,,,,20456,20460,5,5,0,7749.48,7751.56,2.0800000000008367,,0.0,0.0,0,0,5,0,[],False,False
wseg_003422,,,,,20461,20464,4,4,0,7751.56,7753.42,1.8599999999996726,,0.0,0.0,0,0,4,0,[],False,False
wseg_003423,,,,,20465,20472,8,8,0,7753.42,7755.34,1.9200000000000728,,0.0,0.0,0,0,8,0,[],False,False
wseg_003424,,,,,20473,20475,3,3,0,7755.34,7756.34,1.0,,0.0,0.0,0,0,3,0,[],False,False
wseg_003425,,,,,20476,20480,5,5,0,7756.34,7759.06,2.7200000000002547,,0.0,0.0,0,0,5,0,[],False,False
wseg_003426,,,,,20481,20483,3,3,0,7759.06,7760.24,1.1799999999993815,,0.5600000000004002,0.5600000000004002,1,0,3,0,[],False,False
wseg_003427,,,,,20484,20489,6,6,0,7760.8,7763.0,2.199999999999818,,0.0,0.0,0,0,6,0,[],False,False
wseg_003428,,,,,20490,20493,4,4,0,7763.0,7763.94,0.9399999999995998,,0.0,0.0,0,0,4,0,[],False,False
wseg_003429,,,,,20494,20506,13,13,0,7763.94,7767.4,3.4600000000000364,,0.0,0.0,0,0,13,0,[],False,False
wseg_003430,,,,,20507,20513,7,7,0,7767.4,7769.54,2.1400000000003274,,0.0,0.0,0,0,7,0,[],False,False
wseg_003431,,,,,20514,20519,6,6,0,7769.54,7771.54,2.0,,0.03999999999996362,0.07999999999992724,2,0,6,0,[],False,False
wseg_003432,,,,,20520,20523,4,4,0,7771.58,7772.84,1.2600000000002183,,0.0,0.0,0,0,4,0,[],False,False
wseg_003433,,,,,20524,20528,5,5,0,7772.84,7774.84,2.0,,0.0,0.0,0,0,5,0,[],False,False
wseg_003434,,,,,20529,20534,6,6,0,7774.84,7777.74,2.899999999999636,,0.0,0.0,0,0,6,0,[],False,False
wseg_003435,,,,,20535,20540,6,6,0,7777.74,7779.68,1.9400000000005093,,0.0,0.0,0,0,6,0,[],False,False
wseg_003436,,,,,20541,20548,8,8,0,7779.68,7781.5,1.819999999999709,,0.7199999999993452,0.7199999999993452,1,0,8,0,[],False,False
wseg_003437,,,,,20549,20551,3,3,0,7782.219999999999,7783.24,1.0200000000004366,,0.0,0.0,0,0,3,0,[],False,False
wseg_003438,,,,,20552,20557,6,6,0,7783.24,7785.7,2.4600000000000364,,0.0,0.0,0,0,6,0,[],False,False
wseg_003439,,,,,20558,20560,3,3,0,7785.7,7787.46,1.7600000000002183,,0.0,0.0,0,0,3,0,[],False,False
wseg_003440,,,,,20561,20567,7,7,0,7787.46,7789.58,2.119999999999891,,0.0,0.0,0,0,7,0,[],False,False
wseg_003441,,,,,20568,20571,4,4,0,7789.58,7790.98,1.3999999999996362,,0.5800000000008367,0.5800000000008367,1,0,4,0,[],False,False
wseg_003442,,,,,20572,20575,4,4,0,7791.56,7793.06,1.5,,0.5199999999995271,0.5199999999995271,1,0,4,0,[],False,False
wseg_003443,,,,,20576,20583,8,8,0,7793.58,7795.44,1.8599999999996726,,0.0,0.0,0,0,8,0,[],False,False
wseg_003444,,,,,20584,20587,4,4,0,7795.44,7796.82,1.3800000000001091,,0.0,0.0,0,0,4,0,[],False,False
wseg_003445,,,,,20588,20597,10,10,0,7796.82,7799.72,2.9000000000005457,,0.0,0.0,0,0,10,0,[],False,False
wseg_003446,,,,,20598,20605,8,8,0,7799.72,7801.4,1.6799999999993815,,0.18000000000029104,0.18000000000029104,1,0,8,0,[],False,False
wseg_003447,,,,,20606,20611,6,6,0,7801.58,7802.86,1.2799999999997453,,0.6000000000003638,0.6000000000003638,1,0,6,0,[],False,False
wseg_003448,,,,,20612,20612,1,1,0,7803.46,7803.76,0.3000000000001819,,0.9399999999995998,0.9399999999995998,1,0,1,0,[],False,False
wseg_003449,,,,,20613,20619,7,7,0,7804.7,7806.86,2.1599999999998545,,0.0,0.0,0,0,7,0,[],False,False
wseg_003450,,,,,20620,20627,8,8,0,7806.86,7809.3,2.4400000000005093,,0.0,0.0,0,0,8,0,[],False,False
wseg_003451,,,,,20628,20632,5,5,0,7809.3,7811.22,1.9200000000000728,,0.0,0.0,0,0,5,0,[],False,False
wseg_003452,,,,,20633,20638,6,6,0,7811.22,7812.9,1.6799999999993815,,0.6000000000003638,0.6000000000003638,1,0,6,0,[],False,False
wseg_003453,,,,,20639,20641,3,3,0,7813.5,7814.22,0.7200000000002547,,0.0,0.0,0,0,3,0,[],False,False
wseg_003454,,,,,20642,20649,8,8,0,7814.22,7816.84,2.619999999999891,,0.5799999999999272,0.5799999999999272,1,0,8,0,[],False,False
wseg_003455,,,,,20650,20651,2,2,0,7817.42,7818.34,0.9200000000000728,,0.7599999999993088,0.7599999999993088,1,0,2,0,[],False,False
wseg_003456,,,,,20652,20656,5,5,0,7819.099999999999,7820.88,1.7800000000006548,,0.0,0.0,0,0,5,0,[],False,False
wseg_003457,,,,,20657,20662,6,6,0,7820.88,7822.66,1.7799999999997453,,0.0,0.0,0,0,6,0,[],False,False
wseg_003458,,,,,20663,20669,7,7,0,7822.66,7825.24,2.5799999999999272,,0.0,0.0,0,0,7,0,[],False,False
wseg_003459,,,,,20670,20675,6,6,0,7825.24,7827.52,2.280000000000655,,0.0,0.0,0,0,6,0,[],False,False
wseg_003460,,,,,20676,20680,5,5,0,7827.52,7829.2,1.6799999999993815,,0.0,0.0,0,0,5,0,[],False,False
wseg_003461,,,,,20681,20685,5,5,0,7829.2,7831.1,1.9000000000005457,,0.47999999999956344,0.47999999999956344,1,0,5,0,[],False,False
wseg_003462,,,,,20686,20689,4,4,0,7831.58,7832.7,1.1199999999998909,,0.0,0.0,0,0,4,0,[],False,False
wseg_003463,,,,,20690,20695,6,6,0,7832.7,7835.56,2.860000000000582,,0.0,0.0,0,0,6,0,[],False,False
wseg_003464,,,,,20696,20702,7,7,0,7835.56,7837.58,2.019999999999527,,0.0,0.0,0,0,7,0,[],False,False
wseg_003465,,,,,20703,20709,7,7,0,7837.58,7840.08,2.5,,0.0,0.0,0,0,7,0,[],False,False
wseg_003466,,,,,20710,20714,5,5,0,7840.08,7842.62,2.5399999999999636,,0.0,0.0,0,0,5,0,[],False,False
wseg_003467,,,,,20715,20715,1,1,0,7842.62,7843.96,1.3400000000001455,,0.0,0.0,0,0,1,0,[],False,False
wseg_003468,,,,,20716,20720,5,5,0,7843.96,7846.16,2.199999999999818,,0.0,0.0,0,0,5,0,[],False,False
wseg_003469,,,,,20721,20723,3,3,0,7846.16,7847.1,0.9400000000005093,,0.0,0.0,0,0,3,0,[],False,False
wseg_003470,,,,,20724,20733,10,10,0,7847.1,7849.66,2.5599999999994907,,0.0,0.0,0,0,10,0,[],False,False
wseg_003471,,,,,20734,20735,2,2,0,7849.66,7850.1,0.4400000000005093,,0.0,0.0,0,0,2,0,[],False,False
wseg_003472,,,,,20736,20741,6,6,0,7850.1,7852.64,2.5399999999999636,,0.0,0.0,0,0,6,0,[],False,False
wseg_003473,,,,,20742,20747,6,6,0,7852.64,7855.78,3.139999999999418,,0.0,0.0,0,0,6,0,[],False,False
wseg_003474,,,,,20748,20748,1,1,0,7855.78,7856.5,0.7200000000002547,,0.0,0.0,0,0,1,0,[],False,False
wseg_003475,,,,,20749,20752,4,4,0,7856.5,7858.76,2.2600000000002183,,0.0,0.0,0,0,4,0,[],False,False
wseg_003476,,,,,20753,20757,5,5,0,7858.76,7859.84,1.0799999999999272,,1.7399999999997817,1.7399999999997817,1,0,5,0,[],False,False
wseg_003477,,,,,20758,20763,6,6,0,7861.58,7862.86,1.2799999999997453,,0.0,0.0,0,0,6,0,[],False,False
wseg_003478,,,,,20764,20769,6,6,0,7862.86,7865.0,2.1400000000003274,,0.2600000000002183,0.2600000000002183,1,0,6,0,[],False,False
wseg_003479,,,,,20770,20774,5,5,0,7865.26,7867.8,2.5399999999999636,,0.0,0.0,0,0,5,0,[],False,False
wseg_003480,,,,,20775,20777,3,3,0,7867.8,7868.64,0.8400000000001455,,0.0,0.0,0,0,3,0,[],False,False
wseg_003481,,,,,20778,20782,5,5,0,7868.64,7871.14,2.5,,0.0,0.0,0,0,5,0,[],False,False
wseg_003482,,,,,20783,20785,3,3,0,7871.14,7872.68,1.5399999999999636,,0.0,0.0,0,0,3,0,[],False,False
wseg_003483,,,,,20786,20792,7,7,0,7872.68,7875.96,3.2799999999997453,,0.0,0.0,0,0,7,0,[],False,False
wseg_003484,,,,,20793,20794,2,2,0,7875.96,7876.8,0.8400000000001455,,0.7599999999993088,0.7599999999993088,1,0,2,0,[],False,False
wseg_003485,,,,,20795,20800,6,6,0,7877.5599999999995,7879.96,2.4000000000005457,,0.0,0.0,0,0,6,0,[],False,False
wseg_003486,,,,,20801,20808,8,8,0,7879.96,7882.14,2.180000000000291,,0.0,0.0,0,0,8,0,[],False,False
wseg_003487,,,,,20809,20812,4,4,0,7882.14,7884.36,2.219999999999345,,0.7399999999997817,0.7399999999997817,1,0,4,0,[],False,False
wseg_003488,,,,,20813,20815,3,3,0,7885.099999999999,7886.46,1.360000000000582,,0.0,0.0,0,0,3,0,[],False,False
wseg_003489,,,,,20816,20822,7,7,0,7886.46,7888.66,2.199999999999818,,0.0,0.0,0,0,7,0,[],False,False
wseg_003490,,,,,20823,20827,5,5,0,7888.66,7890.04,1.3800000000001091,,0.0,0.0,0,0,5,0,[],False,False
wseg_003491,,,,,20828,20831,4,4,0,7890.04,7891.56,1.5200000000004366,,0.019999999999527063,0.019999999999527063,1,0,4,0,[],False,False
wseg_003492,,,,,20832,20833,2,2,0,7891.58,7893.46,1.8800000000001091,,0.0,0.0,0,0,2,0,[],False,False
wseg_003493,,,,,20834,20839,6,6,0,7893.46,7895.72,2.2600000000002183,,0.0,0.0,0,0,6,0,[],False,False
wseg_003494,,,,,20840,20843,4,4,0,7895.72,7897.12,1.3999999999996362,,0.6199999999998909,0.6199999999998909,1,0,4,0,[],False,False
wseg_003495,,,,,20844,20846,3,3,0,7897.74,7899.06,1.3200000000006185,,0.0,0.0,0,0,3,0,[],False,False
wseg_003496,,,,,20847,20856,10,10,0,7899.06,7901.42,2.3599999999996726,,0.0,0.0,0,0,10,0,[],False,False
wseg_003497,,,,,20857,20861,5,5,0,7901.42,7903.54,2.119999999999891,,0.0,0.0,0,0,5,0,[],False,False
wseg_003498,,,,,20862,20866,5,5,0,7903.54,7905.84,2.300000000000182,,0.0,0.0,0,0,5,0,[],False,False
wseg_003499,,,,,20867,20870,4,4,0,7905.84,7907.78,1.9399999999995998,,0.0,0.0,0,0,4,0,[],False,False
wseg_003500,,,,,20871,20876,6,6,0,7907.78,7909.3,1.5200000000004366,,0.0,0.0,0,0,6,0,[],False,False
wseg_003501,,,,,20877,20884,8,8,0,7909.3,7910.82,1.519999999999527,,0.0,0.0,0,0,8,0,[],False,False
wseg_003502,,,,,20885,20890,6,6,0,7910.82,7912.88,2.0600000000004,,0.6999999999998181,0.7999999999992724,2,0,6,0,[],False,False
wseg_003503,,,,,20891,20894,4,4,0,7913.58,7915.2,1.6199999999998909,,0.0,0.0,0,0,4,0,[],False,False
wseg_003504,,,,,20895,20900,6,6,0,7915.2,7917.48,2.2799999999997453,,0.0,0.0,0,0,6,0,[],False,False
wseg_003505,,,,,20901,20904,4,4,0,7917.48,7918.88,1.4000000000005457,,0.0,0.0,0,0,4,0,[],False,False
wseg_003506,,,,,20905,20912,8,8,0,7918.88,7921.24,2.3599999999996726,,0.3400000000001455,0.3400000000001455,1,0,8,0,[],False,False
wseg_003507,,,,,20913,20916,4,4,0,7921.58,7922.26,0.680000000000291,,0.0,0.0,0,0,4,0,[],False,False
wseg_003508,,,,,20917,20926,10,10,0,7922.26,7924.84,2.5799999999999272,,0.0,0.0,0,0,10,0,[],False,False
wseg_003509,,,,,20927,20937,11,11,0,7924.84,7926.94,2.0999999999994543,,0.0,0.0,0,0,11,0,[],False,False
wseg_003510,,,,,20938,20943,6,6,0,7926.94,7928.96,2.0200000000004366,,0.0,0.0,0,0,6,0,[],False,False
wseg_003511,,,,,20944,20949,6,6,0,7928.96,7930.78,1.819999999999709,,0.6199999999998909,0.6199999999998909,1,0,6,0,[],False,False
wseg_003512,,,,,20950,20955,6,6,0,7931.4,7933.72,2.3200000000006185,,0.0,0.0,0,0,6,0,[],False,False
wseg_003513,,,,,20956,20959,4,4,0,7933.72,7935.32,1.5999999999994543,,0.0,0.0,0,0,4,0,[],False,False
wseg_003514,,,,,20960,20964,5,5,0,7935.32,7936.86,1.5399999999999636,,0.0,0.0,0,0,5,0,[],False,False
wseg_003515,,,,,20965,20971,7,7,0,7936.86,7938.68,1.8200000000006185,,0.0,0.0,0,0,7,0,[],False,False
wseg_003516,,,,,20972,20980,9,9,0,7938.68,7941.18,2.5,,0.0,0.0,0,0,9,0,[],False,False
wseg_003517,,,,,20981,20983,3,3,0,7941.18,7942.66,1.4799999999995634,,0.7400000000006912,0.7400000000006912,1,0,3,0,[],False,False
wseg_003518,,,,,20984,20988,5,5,0,7943.400000000001,7944.74,1.339999999999236,,0.0,0.0,0,0,5,0,[],False,False
wseg_003519,,,,,20989,20994,6,6,0,7944.74,7947.1,2.360000000000582,,0.0,0.0,0,0,6,0,[],False,False
wseg_003520,,,,,20995,20998,4,4,0,7947.1,7949.04,1.9399999999995998,,2.5399999999999636,2.5399999999999636,1,0,4,0,[],False,False
wseg_003521,,,,,20999,21001,3,3,0,7951.58,7952.62,1.0399999999999636,,0.0,0.0,0,0,3,0,[],False,False
wseg_003522,,,,,21002,21008,7,7,0,7952.62,7957.6,4.980000000000473,,14.919999999999163,14.919999999999163,1,0,7,0,[],False,False
wseg_003523,,,,,21009,21015,7,7,0,7972.5199999999995,7975.68,3.160000000000764,,0.0,0.0,0,0,7,0,[],False,False
wseg_003524,,,,,21016,21018,3,3,0,7975.68,7977.22,1.5399999999999636,,0.0,0.0,0,0,3,0,[],False,False
wseg_003525,,,,,21019,21021,3,3,0,7977.22,7978.26,1.0399999999999636,,0.0,0.0,0,0,3,0,[],False,False
wseg_003526,,,,,21022,21023,2,2,0,7978.26,7980.32,2.0599999999994907,,0.0,0.0,0,0,2,0,[],False,False
wseg_003527,,,,,21024,21027,4,4,0,7980.32,7982.66,2.3400000000001455,,0.0,0.0,0,0,4,0,[],False,False
wseg_003528,,,,,21028,21029,2,2,0,7982.66,7984.44,1.7799999999997453,,0.0,0.0,0,0,2,0,[],False,False
wseg_003529,,,,,21030,21032,3,3,0,7984.44,7986.18,1.7400000000006912,,0.0,0.0,0,0,3,0,[],False,False
wseg_003530,,,,,21033,21035,3,3,0,7986.18,7987.9,1.7199999999993452,,0.0,0.0,0,0,3,0,[],False,False
wseg_003531,,,,,21036,21039,4,4,0,7987.9,7990.1,2.2000000000007276,,0.0,0.0,0,0,4,0,[],False,False
wseg_003532,,,,,21040,21043,4,4,0,7990.1,7991.92,1.819999999999709,,0.0,0.0,0,0,4,0,[],False,False
wseg_003533,,,,,21044,21046,3,3,0,7991.92,7994.58,2.6599999999998545,,0.0,0.0,0,0,3,0,[],False,False
wseg_003534,,,,,21047,21049,3,3,0,7994.58,7995.72,1.1400000000003274,,0.0,0.0,0,0,3,0,[],False,False
wseg_003535,,,,,21050,21053,4,4,0,7995.72,7996.9,1.1799999999993815,,0.0,0.0,0,0,4,0,[],False,False
wseg_003536,,,,,21054,21057,4,4,0,7996.9,7999.88,2.980000000000473,,0.0,0.0,0,0,4,0,[],False,False
wseg_003537,,,,,21058,21062,5,5,0,7999.88,8001.92,2.0399999999999636,,0.0,0.0,0,0,5,0,[],False,False
wseg_003538,,,,,21063,21069,7,7,0,8001.92,8004.26,2.3400000000001455,,0.0,0.0,0,0,7,0,[],False,False
wseg_003539,,,,,21070,21071,2,2,0,8004.26,8005.12,0.8599999999996726,,0.0,0.0,0,0,2,0,[],False,False
wseg_003540,,,,,21072,21076,5,5,0,8005.12,8007.86,2.7399999999997817,,0.4000000000005457,0.4000000000005457,1,0,5,0,[],False,False
wseg_003541,,,,,21077,21079,3,3,0,8008.26,8008.98,0.7199999999993452,,0.0,0.0,0,0,3,0,[],False,False
wseg_003542,,,,,21080,21083,4,4,0,8008.98,8011.58,2.600000000000364,,0.0,0.0,0,0,4,0,[],False,False
wseg_003543,,,,,21084,21088,5,5,0,8011.58,8013.52,1.9400000000005093,,0.42000000000007276,0.42000000000007276,1,0,5,0,[],False,False
wseg_003544,,,,,21089,21091,3,3,0,8013.9400000000005,8015.28,1.339999999999236,,0.7400000000006912,0.7400000000006912,1,0,3,0,[],False,False
wseg_003545,,,,,21092,21097,6,6,0,8016.02,8017.58,1.5599999999994907,,0.680000000000291,0.680000000000291,1,0,6,0,[],False,False
wseg_003546,,,,,21098,21102,5,5,0,8018.26,8020.34,2.0799999999999272,,0.0,0.0,0,0,5,0,[],False,False
wseg_003547,,,,,21103,21108,6,6,0,8020.34,8022.22,1.8800000000001091,,0.0,0.0,0,0,6,0,[],False,False
wseg_003548,,,,,21109,21111,3,3,0,8022.22,8024.1,1.8800000000001091,,0.0,0.0,0,0,3,0,[],False,False
wseg_003549,,,,,21112,21113,2,2,0,8024.1,8025.16,1.0599999999994907,,0.0,0.0,0,0,2,0,[],False,False
wseg_003550,,,,,21114,21119,6,6,0,8025.16,8028.56,3.4000000000005457,,0.0,0.0,0,0,6,0,[],False,False
wseg_003551,,,,,21120,21121,2,2,0,8028.56,8030.56,2.0,,0.0,0.0,0,0,2,0,[],False,False
wseg_003552,,,,,21122,21123,2,2,0,8030.56,8031.98,1.4199999999991633,,0.0,0.0,0,0,2,0,[],False,False
wseg_003553,,,,,21124,21129,6,6,0,8031.98,8033.56,1.5800000000008367,,0.0,0.0,0,0,6,0,[],False,False
wseg_003554,,,,,21130,21132,3,3,0,8033.56,8035.14,1.5799999999999272,,0.0,0.0,0,0,3,0,[],False,False
wseg_003555,,,,,21133,21135,3,3,0,8035.14,8036.52,1.3800000000001091,,1.7399999999997817,1.7399999999997817,1,0,3,0,[],False,False
wseg_003556,,,,,21136,21139,4,4,0,8038.26,8040.66,2.399999999999636,,0.0,0.0,0,0,4,0,[],False,False
wseg_003557,,,,,21140,21141,2,2,0,8040.66,8041.96,1.300000000000182,,0.0,0.0,0,0,2,0,[],False,False
wseg_003558,,,,,21142,21144,3,3,0,8041.96,8043.6,1.6400000000003274,,0.0,0.0,0,0,3,0,[],False,False
wseg_003559,,,,,21145,21146,2,2,0,8043.6,8044.84,1.2399999999997817,,0.0,0.0,0,0,2,0,[],False,False
wseg_003560,,,,,21147,21151,5,5,0,8044.84,8047.28,2.4399999999996,,0.0,0.0,0,0,5,0,[],False,False
wseg_003561,,,,,21152,21155,4,4,0,8047.28,8049.86,2.5799999999999272,,0.0,0.0,0,0,4,0,[],False,False
wseg_003562,,,,,21156,21160,5,5,0,8049.86,8051.92,2.0600000000004,,0.0,0.0,0,0,5,0,[],False,False
wseg_003563,,,,,21161,21164,4,4,0,8051.92,8053.44,1.519999999999527,,0.0,0.0,0,0,4,0,[],False,False
wseg_003564,,,,,21165,21167,3,3,0,8053.44,8055.04,1.6000000000003638,,0.0,0.0,0,0,3,0,[],False,False
wseg_003565,,,,,21168,21172,5,5,0,8055.04,8057.18,2.1400000000003274,,0.7699999999995271,0.7699999999995271,1,0,5,0,[],False,False
wseg_003566,,,,,21173,21176,4,4,0,8057.95,8059.56,1.610000000000582,,0.0,0.0,0,0,4,0,[],False,False
wseg_003567,,,,,21177,21182,6,6,0,8059.56,8061.02,1.4600000000000364,,0.0,0.0,0,0,6,0,[],False,False
wseg_003568,,,,,21183,21186,4,4,0,8061.02,8063.38,2.3599999999996726,,0.0,0.0,0,0,4,0,[],False,False
wseg_003569,,,,,21187,21191,5,5,0,8063.38,8065.06,1.680000000000291,,0.0,0.0,0,0,5,0,[],False,False
wseg_003570,,,,,21192,21195,4,4,0,8065.06,8066.42,1.3599999999996726,,1.8400000000001455,1.8400000000001455,1,0,4,0,[],False,False
wseg_003571,,,,,21196,21199,4,4,0,8068.26,8070.12,1.8599999999996726,,0.0,0.0,0,0,4,0,[],False,False
wseg_003572,,,,,21200,21204,5,5,0,8070.12,8072.48,2.3599999999996726,,0.0,0.0,0,0,5,0,[],False,False
wseg_003573,,,,,21205,21208,4,4,0,8072.48,8074.54,2.0600000000004,,0.0,0.0,0,0,4,0,[],False,False
wseg_003574,,,,,21209,21210,2,2,0,8074.54,8075.14,0.6000000000003638,,0.0,0.0,0,0,2,0,[],False,False
wseg_003575,,,,,21211,21214,4,4,0,8075.14,8076.58,1.4399999999995998,,0.0,0.0,0,0,4,0,[],False,False
wseg_003576,,,,,21215,21218,4,4,0,8076.58,8079.16,2.5799999999999272,,0.0,0.0,0,0,4,0,[],False,False
wseg_003577,,,,,21219,21224,6,6,0,8079.16,8081.06,1.9000000000005457,,0.0,0.0,0,0,6,0,[],False,False
wseg_003578,,,,,21225,21227,3,3,0,8081.06,8083.12,2.0599999999994907,,0.0,0.0,0,0,3,0,[],False,False
wseg_003579,,,,,21228,21236,9,9,0,8083.12,8085.32,2.199999999999818,,0.0,0.0,0,0,9,0,[],False,False
wseg_003580,,,,,21237,21240,4,4,0,8085.32,8086.36,1.0399999999999636,,0.0,0.0,0,0,4,0,[],False,False
wseg_003581,,,,,21241,21245,5,5,0,8086.36,8087.8,1.4400000000005093,,0.0,0.0,0,0,5,0,[],False,False
wseg_003582,,,,,21246,21252,7,7,0,8087.8,8089.16,1.3599999999996726,,0.0,0.0,0,0,7,0,[],False,False
wseg_003583,,,,,21253,21259,7,7,0,8089.16,8091.4,2.2399999999997817,,0.0,0.0,0,0,7,0,[],False,False
wseg_003584,,,,,21260,21266,7,7,0,8091.4,8093.5,2.100000000000364,,0.0,0.0,0,0,7,0,[],False,False
wseg_003585,,,,,21267,21271,5,5,0,8093.5,8095.96,2.4600000000000364,,0.0,0.0,0,0,5,0,[],False,False
wseg_003586,,,,,21272,21274,3,3,0,8095.96,8097.68,1.7200000000002547,,0.0,0.0,0,0,3,0,[],False,False
wseg_003587,,,,,21275,21277,3,3,0,8097.68,8099.52,1.8400000000001455,,0.0,0.0,0,0,3,0,[],False,False
wseg_003588,,,,,21278,21278,1,1,0,8099.52,8100.5,0.9799999999995634,,0.0,0.0,0,0,1,0,[],False,False
wseg_003589,,,,,21279,21286,8,8,0,8100.5,8102.5,2.0,,0.0,0.0,0,0,8,0,[],False,False
wseg_003590,,,,,21287,21294,8,8,0,8102.5,8105.79,3.2899999999999636,,0.3500000000003638,0.3500000000003638,1,0,8,0,[],False,False
wseg_003591,,,,,21295,21300,6,6,0,8106.14,8107.76,1.6199999999998909,,0.0,0.0,0,0,6,0,[],False,False
wseg_003592,,,,,21301,21305,5,5,0,8107.76,8110.22,2.4600000000000364,,0.0,0.0,0,0,5,0,[],False,False
wseg_003593,,,,,21306,21308,3,3,0,8110.22,8111.74,1.519999999999527,,0.0,0.0,0,0,3,0,[],False,False
wseg_003594,,,,,21309,21311,3,3,0,8111.74,8113.46,1.7200000000002547,,0.0,0.0,0,0,3,0,[],False,False
wseg_003595,,,,,21312,21315,4,4,0,8113.46,8114.82,1.3599999999996726,,0.0,0.0,0,0,4,0,[],False,False
wseg_003596,,,,,21316,21321,6,6,0,8114.82,8115.9,1.0799999999999272,,0.0,0.0,0,0,6,0,[],False,False
wseg_003597,,,,,21322,21324,3,3,0,8115.9,8117.4,1.5,,0.0,0.0,0,0,3,0,[],False,False
wseg_003598,,,,,21325,21327,3,3,0,8117.4,8119.54,2.1400000000003274,,0.0,0.0,0,0,3,0,[],False,False
wseg_003599,,,,,21328,21330,3,3,0,8119.54,8121.62,2.0799999999999272,,1.8800000000001091,1.8800000000001091,1,0,3,0,[],False,False
wseg_003600,,,,,21331,21335,5,5,0,8123.5,8125.62,2.119999999999891,,0.0,0.0,0,0,5,0,[],False,False
wseg_003601,,,,,21336,21338,3,3,0,8125.62,8127.3,1.680000000000291,,0.0,0.0,0,0,3,0,[],False,False
wseg_003602,,,,,21339,21340,2,2,0,8127.3,8128.56,1.2600000000002183,,0.0,0.0,0,0,2,0,[],False,False
wseg_003603,,,,,21341,21346,6,6,0,8128.56,8129.76,1.199999999999818,,0.0,0.0,0,0,6,0,[],False,False
wseg_003604,,,,,21347,21351,5,5,0,8129.76,8132.92,3.1599999999998545,,0.0,0.0,0,0,5,0,[],False,False
wseg_003605,,,,,21352,21354,3,3,0,8132.92,8134.72,1.800000000000182,,0.0,0.0,0,0,3,0,[],False,False
wseg_003606,,,,,21355,21360,6,6,0,8134.72,8135.56,0.8400000000001455,,0.0,0.0,0,0,6,0,[],False,False
wseg_003607,,,,,21361,21366,6,6,0,8135.56,8138.3,2.7399999999997817,,0.0,0.0,0,0,6,0,[],False,False
wseg_003608,,,,,21367,21369,3,3,0,8138.3,8140.2,1.8999999999996362,,0.8000000000001819,0.8000000000001819,1,0,3,0,[],False,False
wseg_003609,,,,,21370,21373,4,4,0,8141.0,8142.52,1.5200000000004366,,0.0,0.0,0,0,4,0,[],False,False
wseg_003610,,,,,21374,21377,4,4,0,8142.52,8144.48,1.9599999999991269,,0.0,0.0,0,0,4,0,[],False,False
wseg_003611,,,,,21378,21383,6,6,0,8144.48,8146.9,2.4200000000000728,,0.0,0.0,0,0,6,0,[],False,False
wseg_003612,,,,,21384,21386,3,3,0,8146.9,8147.62,0.7200000000002547,,0.0,0.0,0,0,3,0,[],False,False
wseg_003613,,,,,21387,21393,7,7,0,8147.62,8149.36,1.7399999999997817,,0.0,0.0,0,0,7,0,[],False,False
wseg_003614,,,,,21394,21396,3,3,0,8149.36,8151.88,2.5200000000004366,,1.6799999999993815,1.6799999999993815,1,0,3,0,[],False,False
wseg_003615,,,,,21397,21402,6,6,0,8153.5599999999995,8155.92,2.360000000000582,,0.0,0.0,0,0,6,0,[],False,False
wseg_003616,,,,,21403,21406,4,4,0,8155.92,8156.76,0.8400000000001455,,0.6999999999998181,0.6999999999998181,1,0,4,0,[],False,False
wseg_003617,,,,,21407,21410,4,4,0,8157.46,8158.94,1.4799999999995634,,0.42000000000098225,0.42000000000098225,1,0,4,0,[],False,False
wseg_003618,,,,,21411,21412,2,2,0,8159.360000000001,8160.78,1.4199999999991633,,0.0,0.0,0,0,2,0,[],False,False
wseg_003619,,,,,21413,21419,7,7,0,8160.78,8163.16,2.380000000000109,,0.0,0.0,0,0,7,0,[],False,False
wseg_003620,,,,,21420,21426,7,7,0,8163.16,8165.74,2.5799999999999272,,0.0,0.0,0,0,7,0,[],False,False
wseg_003621,,,,,21427,21432,6,6,0,8165.74,8167.04,1.300000000000182,,0.0,0.0,0,0,6,0,[],False,False
wseg_003622,,,,,21433,21438,6,6,0,8167.04,8169.38,2.3400000000001455,,0.0,0.0,0,0,6,0,[],False,False
wseg_003623,,,,,21439,21446,8,8,0,8169.38,8171.34,1.9600000000000364,,0.0,0.0,0,0,8,0,[],False,False
wseg_003624,,,,,21447,21448,2,2,0,8171.34,8172.36,1.019999999999527,,0.0,0.0,0,0,2,0,[],False,False
wseg_003625,,,,,21449,21456,8,8,0,8172.36,8174.78,2.4200000000000728,,0.0,0.0,0,0,8,0,[],False,False
wseg_003626,,,,,21457,21460,4,4,0,8174.78,8176.36,1.5799999999999272,,0.0,0.0,0,0,4,0,[],False,False
wseg_003627,,,,,21461,21466,6,6,0,8176.36,8178.52,2.160000000000764,,0.0,0.0,0,0,6,0,[],False,False
wseg_003628,,,,,21467,21469,3,3,0,8178.52,8179.82,1.2999999999992724,,0.0,0.0,0,0,3,0,[],False,False
wseg_003629,,,,,21470,21472,3,3,0,8179.82,8181.16,1.3400000000001455,,2.3400000000001455,2.3400000000001455,1,0,3,0,[],False,False
wseg_003630,,,,,21473,21475,3,3,0,8183.5,8183.98,0.47999999999956344,,0.0,0.0,0,0,3,0,[],False,False
wseg_003631,,,,,21476,21479,4,4,0,8183.98,8185.28,1.300000000000182,,0.0,0.0,0,0,4,0,[],False,False
wseg_003632,,,,,21480,21487,8,8,0,8185.28,8188.58,3.300000000000182,,0.0,0.0,0,0,8,0,[],False,False
wseg_003633,,,,,21488,21492,5,5,0,8188.58,8189.8,1.2200000000002547,,0.0,0.0,0,0,5,0,[],False,False
wseg_003634,,,,,21493,21500,8,8,0,8189.8,8192.62,2.8200000000006185,,0.0,0.0,0,0,8,0,[],False,False
wseg_003635,,,,,21501,21502,2,2,0,8192.62,8193.74,1.1199999999989814,,0.0,0.0,0,0,2,0,[],False,False
wseg_003636,,,,,21503,21513,11,11,0,8193.74,8196.84,3.100000000000364,,0.4099999999998545,0.4099999999998545,1,0,11,0,[],False,False
wseg_003637,,,,,21514,21521,8,8,0,8197.25,8199.78,2.530000000000655,,0.0,0.0,0,0,8,0,[],False,False
wseg_003638,,,,,21522,21525,4,4,0,8199.78,8201.12,1.3400000000001455,,0.0,0.0,0,0,4,0,[],False,False
wseg_003639,,,,,21526,21529,4,4,0,8201.12,8202.38,1.2599999999983993,,0.0,0.0,0,0,4,0,[],False,False
wseg_003640,,,,,21530,21536,7,7,0,8202.38,8204.72,2.3400000000001455,,0.0,0.0,0,0,7,0,[],False,False
wseg_003641,,,,,21537,21541,5,5,0,8204.72,8207.5,2.780000000000655,,0.6199999999989814,0.6199999999989814,1,0,5,0,[],False,False
wseg_003642,,,,,21542,21546,5,5,0,8208.119999999999,8209.5,1.3800000000010186,,0.0,0.0,0,0,5,0,[],False,False
wseg_003643,,,,,21547,21551,5,5,0,8209.5,8210.42,0.9200000000000728,,0.0,0.0,0,0,5,0,[],False,False
wseg_003644,,,,,21552,21558,7,7,0,8210.42,8212.66,2.2399999999997817,,0.8400000000001455,0.8400000000001455,1,0,7,0,[],False,False
wseg_003645,,,,,21559,21563,5,5,0,8213.5,8215.1,1.6000000000003638,,0.0,0.0,0,0,5,0,[],False,False
wseg_003646,,,,,21564,21565,2,2,0,8215.1,8216.78,1.680000000000291,,0.7199999999993452,0.7199999999993452,1,0,2,0,[],False,False
wseg_003647,,,,,21566,21569,4,4,0,8217.5,8218.94,1.4400000000005093,,0.0,0.0,0,0,4,0,[],False,False
wseg_003648,,,,,21570,21574,5,5,0,8218.94,8220.22,1.2799999999988358,,0.0,0.0,0,0,5,0,[],False,False
wseg_003649,,,,,21575,21581,7,7,0,8220.22,8223.2,2.9800000000013824,,0.0,0.0,0,0,7,0,[],False,False
wseg_003650,,,,,21582,21590,9,9,0,8223.2,8225.42,2.219999999999345,,0.0,0.0,0,0,9,0,[],False,False
wseg_003651,,,,,21591,21597,7,7,0,8225.42,8227.24,1.819999999999709,,0.0,0.0,0,0,7,0,[],False,False
wseg_003652,,,,,21598,21607,10,10,0,8227.24,8229.3,2.0599999999994907,,0.0,0.0,0,0,10,0,[],False,False
wseg_003653,,,,,21608,21610,3,3,0,8229.3,8230.88,1.5799999999999272,,0.0,0.0,0,0,3,0,[],False,False
wseg_003654,,,,,21611,21617,7,7,0,8230.88,8232.9,2.0200000000004366,,0.0,0.0,0,0,7,0,[],False,False
wseg_003655,,,,,21618,21623,6,6,0,8232.9,8234.94,2.040000000000873,,0.3400000000001455,0.3400000000001455,1,0,6,0,[],False,False
wseg_003656,,,,,21624,21627,4,4,0,8235.28,8236.3,1.0199999999986176,,0.0,0.0,0,0,4,0,[],False,False
wseg_003657,,,,,21628,21630,3,3,0,8236.3,8237.64,1.3400000000001455,,0.0,0.0,0,0,3,0,[],False,False
wseg_003658,,,,,21631,21639,9,9,0,8237.64,8241.04,3.400000000001455,,0.0,0.0,0,0,9,0,[],False,False
wseg_003659,,,,,21640,21646,7,7,0,8241.04,8243.48,2.4399999999986903,,0.020000000000436557,0.020000000000436557,1,0,7,0,[],False,False
wseg_003660,,,,,21647,21649,3,3,0,8243.5,8245.34,1.8400000000001455,,0.0,0.0,0,0,3,0,[],False,False
wseg_003661,,,,,21650,21653,4,4,0,8245.34,8246.42,1.0799999999999272,,0.0,0.0,0,0,4,0,[],False,False
wseg_003662,,,,,21654,21658,5,5,0,8246.42,8248.88,2.459999999999127,,0.0,0.0,0,0,5,0,[],False,False
wseg_003663,,,,,21659,21663,5,5,0,8248.88,8250.5,1.6200000000008004,,0.0,0.0,0,0,5,0,[],False,False
wseg_003664,,,,,21664,21668,5,5,0,8250.5,8252.82,2.319999999999709,,0.0,0.0,0,0,5,0,[],False,False
wseg_003665,,,,,21669,21675,7,7,0,8252.82,8255.06,2.2399999999997817,,0.0,0.0,0,0,7,0,[],False,False
wseg_003666,,,,,21676,21685,10,10,0,8255.06,8257.2,2.140000000001237,,0.0,0.0,0,0,10,0,[],False,False
wseg_003667,,,,,21686,21688,3,3,0,8257.2,8258.92,1.7199999999993452,,0.0,0.0,0,0,3,0,[],False,False
wseg_003668,,,,,21689,21693,5,5,0,8258.92,8261.34,2.4200000000000728,,0.0,0.0,0,0,5,0,[],False,False
wseg_003669,,,,,21694,21698,5,5,0,8261.34,8263.22,1.8799999999991996,,0.0,0.0,0,0,5,0,[],False,False
wseg_003670,,,,,21699,21700,2,2,0,8263.22,8264.64,1.4200000000000728,,0.0,0.0,0,0,2,0,[],False,False
wseg_003671,,,,,21701,21704,4,4,0,8264.64,8266.58,1.9400000000005093,,0.0,0.0,0,0,4,0,[],False,False
wseg_003672,,,,,21705,21708,4,4,0,8266.58,8268.2,1.6200000000008004,,0.0,0.0,0,0,4,0,[],False,False
wseg_003673,,,,,21709,21717,9,9,0,8268.2,8269.74,1.5399999999990541,,0.0,0.0,0,0,9,0,[],False,False
wseg_003674,,,,,21718,21725,8,8,0,8269.74,8272.92,3.180000000000291,,0.5799999999999272,0.5799999999999272,1,0,8,0,[],False,False
wseg_003675,,,,,21726,21727,2,2,0,8273.5,8273.72,0.21999999999934516,,0.0,0.0,0,0,2,0,[],False,False
wseg_003676,,,,,21728,21735,8,8,0,8273.72,8276.12,2.400000000001455,,0.0,0.0,0,0,8,0,[],False,False
wseg_003677,,,,,21736,21743,8,8,0,8276.12,8278.72,2.599999999998545,,0.0,0.0,0,0,8,0,[],False,False
wseg_003678,,,,,21744,21751,8,8,0,8278.72,8280.76,2.040000000000873,,0.0,0.0,0,0,8,0,[],False,False
wseg_003679,,,,,21752,21761,10,10,0,8280.76,8283.3,2.539999999999054,,0.0,0.0,0,0,10,0,[],False,False
wseg_003680,,,,,21762,21764,3,3,0,8283.3,8284.32,1.0200000000004366,,0.0,0.0,0,0,3,0,[],False,False
wseg_003681,,,,,21765,21767,3,3,0,8284.32,8286.92,2.600000000000364,,0.0,0.0,0,0,3,0,[],False,False
wseg_003682,,,,,21768,21773,6,6,0,8286.92,8288.68,1.7600000000002183,,2.3400000000001455,2.3400000000001455,1,0,6,0,[],False,False
wseg_003683,,,,,21774,21782,9,9,0,8291.02,8293.22,2.1999999999989086,,0.0,0.0,0,0,9,0,[],False,False
wseg_003684,,,,,21783,21790,8,8,0,8293.22,8295.02,1.8000000000010914,,0.9599999999991269,0.9599999999991269,1,0,8,0,[],False,False
wseg_003685,,,,,21791,21794,4,4,0,8295.98,8297.74,1.7600000000002183,,0.5,0.5,1,0,4,0,[],False,False
wseg_003686,,,,,21795,21797,3,3,0,8298.24,8299.34,1.1000000000003638,,1.0,1.0,1,0,3,0,[],False,False
wseg_003687,,,,,21798,21799,2,2,0,8300.34,8300.98,0.6399999999994179,,0.6200000000008004,0.6200000000008004,1,0,2,0,[],False,False
wseg_003688,,,,,21800,21800,1,1,0,8301.6,8302.08,0.47999999999956344,,1.4200000000000728,1.4200000000000728,1,0,1,0,[],False,False
wseg_003689,,,,,21801,21803,3,3,0,8303.5,8303.9,0.3999999999996362,,0.0,0.0,0,0,3,0,[],False,False
wseg_003690,,,,,21804,21806,3,3,0,8303.9,8304.64,0.7399999999997817,,3.4200000000000728,3.4200000000000728,1,0,3,0,[],False,False
wseg_003691,,,,,21807,21810,4,4,0,8308.06,8309.92,1.860000000000582,,0.0,0.0,0,0,4,0,[],False,False
wseg_003692,,,,,21811,21812,2,2,0,8309.92,8310.8,0.8799999999991996,,0.0,0.0,0,0,2,0,[],False,False
wseg_003693,,,,,21813,21815,3,3,0,8310.8,8312.76,1.9600000000009459,,0.5200000000004366,0.5200000000004366,1,0,3,0,[],False,False
wseg_003694,,,,,21816,21820,5,5,0,8313.28,8315.08,1.7999999999992724,,0.0,0.0,0,0,5,0,[],False,False
wseg_003695,,,,,21821,21830,10,10,0,8315.08,8317.7,2.6200000000008004,,0.0,0.0,0,0,10,0,[],False,False
wseg_003696,,,,,21831,21835,5,5,0,8317.7,8319.42,1.7199999999993452,,0.0,0.0,0,0,5,0,[],False,False
wseg_003697,,,,,21836,21838,3,3,0,8319.42,8320.64,1.2199999999993452,,0.0,0.0,0,0,3,0,[],False,False
wseg_003698,,,,,21839,21844,6,6,0,8320.64,8323.02,2.3800000000010186,,0.0,0.0,0,0,6,0,[],False,False
wseg_003699,,,,,21845,21847,3,3,0,8323.02,8324.88,1.859999999998763,,0.0,0.0,0,0,3,0,[],False,False
wseg_003700,,,,,21848,21853,6,6,0,8324.88,8326.82,1.9400000000005093,,0.0,0.0,0,0,6,0,[],False,False
wseg_003701,,,,,21854,21858,5,5,0,8326.82,8328.08,1.2600000000002183,,0.0,0.0,0,0,5,0,[],False,False
wseg_003702,,,,,21859,21865,7,7,0,8328.08,8329.72,1.639999999999418,,0.0,0.0,0,0,7,0,[],False,False
wseg_003703,,,,,21866,21872,7,7,0,8329.72,8333.06,3.3400000000001455,,0.4400000000005093,0.4400000000005093,1,0,7,0,[],False,False
wseg_003704,,,,,21873,21878,6,6,0,8333.5,8335.06,1.5599999999994907,,0.0,0.0,0,0,6,0,[],False,False
wseg_003705,,,,,21879,21886,8,8,0,8335.06,8337.74,2.680000000000291,,0.0,0.0,0,0,8,0,[],False,False
wseg_003706,,,,,21887,21889,3,3,0,8337.74,8339.04,1.3000000000010914,,0.0,0.0,0,0,3,0,[],False,False
wseg_003707,,,,,21890,21897,8,8,0,8339.04,8340.74,1.6999999999989086,,0.0,0.0,0,0,8,0,[],False,False
wseg_003708,,,,,21898,21901,4,4,0,8340.74,8341.94,1.2000000000007276,,0.0,0.0,0,0,4,0,[],False,False
wseg_003709,,,,,21902,21906,5,5,0,8341.94,8344.32,2.3799999999991996,,0.0,0.0,0,0,5,0,[],False,False
wseg_003710,,,,,21907,21910,4,4,0,8344.32,8345.26,0.9400000000005093,,0.0,0.0,0,0,4,0,[],False,False
wseg_003711,,,,,21911,21920,10,10,0,8345.26,8348.18,2.9200000000000728,,0.0,0.0,0,0,10,0,[],False,False
wseg_003712,,,,,21921,21923,3,3,0,8348.18,8349.1,0.9200000000000728,,0.0,0.0,0,0,3,0,[],False,False
wseg_003713,,,,,21924,21932,9,9,0,8349.1,8351.44,2.3400000000001455,,0.0,0.0,0,0,9,0,[],False,False
wseg_003714,,,,,21933,21941,9,9,0,8351.44,8353.84,2.399999999999636,,0.0,0.0,0,0,9,0,[],False,False
wseg_003715,,,,,21942,21947,6,6,0,8353.84,8355.5,1.6599999999998545,,0.0,0.0,0,0,6,0,[],False,False
wseg_003716,,,,,21948,21953,6,6,0,8355.5,8357.14,1.639999999999418,,0.0,0.0,0,0,6,0,[],False,False
wseg_003717,,,,,21954,21957,4,4,0,8357.14,8358.44,1.3000000000010914,,0.0,0.0,0,0,4,0,[],False,False
wseg_003718,,,,,21958,21961,4,4,0,8358.44,8359.8,1.359999999998763,,0.0,0.0,0,0,4,0,[],False,False
wseg_003719,,,,,21962,21965,4,4,0,8359.8,8361.14,1.3400000000001455,,1.1000000000003638,1.1000000000003638,1,0,4,0,[],False,False
wseg_003720,,,,,21966,21968,3,3,0,8362.24,8363.48,1.2399999999997817,,0.0,0.0,0,0,3,0,[],False,False
wseg_003721,,,,,21969,21973,5,5,0,8363.48,8365.02,1.5400000000008731,,3.4200000000000728,3.4200000000000728,1,0,5,0,[],False,False
wseg_003722,,,,,21974,21976,3,3,0,8368.44,8370.84,2.399999999999636,,0.0,0.0,0,0,3,0,[],False,False
wseg_003723,,,,,21977,21978,2,2,0,8370.84,8372.1,1.2600000000002183,,0.0,0.0,0,0,2,0,[],False,False
wseg_003724,,,,,21979,21985,7,7,0,8372.1,8374.4,2.2999999999992724,,0.0,0.0,0,0,7,0,[],False,False
wseg_003725,,,,,21986,21991,6,6,0,8374.4,8375.58,1.180000000000291,,0.0,0.0,0,0,6,0,[],False,False
wseg_003726,,,,,21992,21998,7,7,0,8375.58,8378.0,2.4200000000000728,,0.0,0.0,0,0,7,0,[],False,False
wseg_003727,,,,,21999,22001,3,3,0,8378.0,8380.82,2.819999999999709,,0.0,0.0,0,0,3,0,[],False,False
wseg_003728,,,,,22002,22004,3,3,0,8380.82,8382.12,1.3000000000010914,,0.0,0.0,0,0,3,0,[],False,False
wseg_003729,,,,,22005,22009,5,5,0,8382.12,8383.54,1.4200000000000728,,0.0,0.0,0,0,5,0,[],False,False
wseg_003730,,,,,22010,22015,6,6,0,8383.54,8384.4,0.8599999999987631,,0.0,0.0,0,0,6,0,[],False,False
wseg_003731,,,,,22016,22024,9,9,0,8384.4,8386.8,2.399999999999636,,1.640000000001237,1.640000000001237,1,0,9,0,[],False,False
wseg_003732,,,,,22025,22028,4,4,0,8388.44,8388.68,0.23999999999978172,,0.0,0.0,0,0,4,0,[],False,False
wseg_003733,,,,,22029,22037,9,9,0,8388.68,8391.32,2.639999999999418,,0.0,0.0,0,0,9,0,[],False,False
wseg_003734,,,,,22038,22043,6,6,0,8391.32,8394.02,2.7000000000007276,,0.0,0.0,0,0,6,0,[],False,False
wseg_003735,,,,,22044,22046,3,3,0,8394.02,8394.98,0.9599999999991269,,0.0,0.0,0,0,3,0,[],False,False
wseg_003736,,,,,22047,22052,6,6,0,8394.98,8397.48,2.5,,0.0,0.0,0,0,6,0,[],False,False
wseg_003737,,,,,22053,22057,5,5,0,8397.48,8399.2,1.7200000000011642,,0.0,0.0,0,0,5,0,[],False,False
wseg_003738,,,,,22058,22066,9,9,0,8399.2,8401.56,2.359999999998763,,0.0,0.0,0,0,9,0,[],False,False
wseg_003739,,,,,22067,22075,9,9,0,8401.56,8403.62,2.0600000000013097,,0.0,0.0,0,0,9,0,[],False,False
wseg_003740,,,,,22076,22083,8,8,0,8403.62,8405.98,2.359999999998763,,0.0,0.0,0,0,8,0,[],False,False
wseg_003741,,,,,22084,22089,6,6,0,8405.98,8408.2,2.220000000001164,,0.0,0.0,0,0,6,0,[],False,False
wseg_003742,,,,,22090,22096,7,7,0,8408.2,8409.72,1.5199999999986176,,0.0,0.0,0,0,7,0,[],False,False
wseg_003743,,,,,22097,22104,8,8,0,8409.72,8412.68,2.960000000000946,,0.0,0.0,0,0,8,0,[],False,False
wseg_003744,,,,,22105,22111,7,7,0,8412.68,8413.7,1.0200000000004366,,0.0,0.0,0,0,7,0,[],False,False
wseg_003745,,,,,22112,22116,5,5,0,8413.7,8416.0,2.2999999999992724,,0.0,0.0,0,0,5,0,[],False,False
wseg_003746,,,,,22117,22128,12,12,0,8416.0,8418.2,2.2000000000007276,,0.23999999999978172,0.23999999999978172,1,0,12,0,[],False,False
wseg_003747,,,,,22129,22139,11,11,0,8418.44,8420.42,1.9799999999995634,,0.0,0.0,0,0,11,0,[],False,False
wseg_003748,,,,,22140,22143,4,4,0,8420.42,8422.28,1.860000000000582,,0.0,0.0,0,0,4,0,[],False,False
wseg_003749,,,,,22144,22152,9,9,0,8422.28,8424.06,1.7799999999988358,,0.0,0.0,0,0,9,0,[],False,False
wseg_003750,,,,,22153,22157,5,5,0,8424.06,8426.14,2.0799999999999272,,0.5599999999994907,0.5599999999994907,1,0,5,0,[],False,False
wseg_003751,,,,,22158,22158,1,1,0,8426.699999999999,8427.14,0.4400000000005093,,0.8400000000001455,0.8400000000001455,1,0,1,0,[],False,False
wseg_003752,,,,,22159,22164,6,6,0,8427.98,8430.3,2.319999999999709,,0.0,0.0,0,0,6,0,[],False,False
wseg_003753,,,,,22165,22171,7,7,0,8430.3,8432.48,2.180000000000291,,0.0,0.0,0,0,7,0,[],False,False
wseg_003754,,,,,22172,22173,2,2,0,8432.48,8433.48,1.0,,0.0,0.0,0,0,2,0,[],False,False
wseg_003755,,,,,22174,22180,7,7,0,8433.48,8435.64,2.1599999999998545,,0.7999999999992724,0.7999999999992724,1,0,7,0,[],False,False
wseg_003756,,,,,22181,22183,3,3,0,8436.439999999999,8437.56,1.1200000000008004,,1.0,1.0,1,0,3,0,[],False,False
wseg_003757,,,,,22184,22186,3,3,0,8438.56,8439.34,0.7800000000006548,,0.0,0.0,0,0,3,0,[],False,False
wseg_003758,,,,,22187,22195,9,9,0,8439.34,8441.12,1.7800000000006548,,3.6999999999989086,3.6999999999989086,1,0,9,0,[],False,False
wseg_003759,,,,,22196,22200,5,5,0,8444.82,8446.18,1.360000000000582,,0.0,0.0,0,0,5,0,[],False,False
wseg_003760,,,,,22201,22209,9,9,0,8446.18,8448.42,2.2399999999997817,,0.020000000000436557,0.020000000000436557,1,0,9,0,[],False,False
wseg_003761,,,,,22210,22210,1,1,0,8448.44,8448.64,0.1999999999989086,,1.9599999999991269,1.9599999999991269,1,0,1,0,[],False,False
wseg_003762,,,,,22211,22220,10,10,0,8450.599999999999,8452.68,2.0800000000017462,,0.0,0.0,0,0,10,0,[],False,False
wseg_003763,,,,,22221,22230,10,10,0,8452.68,8454.16,1.4799999999995634,,0.0,0.0,0,0,10,0,[],False,False
wseg_003764,,,,,22231,22232,2,2,0,8454.16,8454.96,0.7999999999992724,,0.3600000000005821,0.3600000000005821,1,0,2,0,[],False,False
wseg_003765,,,,,22233,22241,9,9,0,8455.32,8458.14,2.819999999999709,,0.0,0.0,0,0,9,0,[],False,False
wseg_003766,,,,,22242,22245,4,4,0,8458.14,8459.48,1.3400000000001455,,0.0,0.0,0,0,4,0,[],False,False
wseg_003767,,,,,22246,22252,7,7,0,8459.48,8462.06,2.5799999999999272,,0.0,0.0,0,0,7,0,[],False,False
wseg_003768,,,,,22253,22257,5,5,0,8462.06,8463.44,1.3800000000010186,,0.0,0.0,0,0,5,0,[],False,False
wseg_003769,,,,,22258,22262,5,5,0,8463.44,8465.48,2.039999999999054,,0.0,0.0,0,0,5,0,[],False,False
wseg_003770,,,,,22263,22272,10,10,0,8465.48,8467.76,2.280000000000655,,1.0599999999994907,1.0599999999994907,1,0,10,0,[],False,False
wseg_003771,,,,,22273,22275,3,3,0,8468.82,8469.78,0.9600000000009459,,0.0,0.0,0,0,3,0,[],False,False
wseg_003772,,,,,22276,22287,12,12,0,8469.78,8472.18,2.399999999999636,,0.0,0.0,0,0,12,0,[],False,False
wseg_003773,,,,,22288,22298,11,11,0,8472.18,8474.12,1.9400000000005093,,0.3999999999978172,0.3999999999978172,1,0,11,0,[],False,False
wseg_003774,,,,,22299,22304,6,6,0,8474.519999999999,8475.56,1.0400000000008731,,0.0,0.0,0,0,6,0,[],False,False
wseg_003775,,,,,22305,22307,3,3,0,8475.56,8476.04,0.48000000000138243,,4.8399999999983265,4.8399999999983265,1,0,3,0,[],False,False
wseg_003776,,,,,22308,22310,3,3,0,8480.88,8483.28,2.400000000001455,,4.1599999999980355,4.1599999999980355,1,0,3,0,[],False,False
wseg_003777,,,,,22311,22318,8,8,0,8487.439999999999,8489.06,1.6200000000008004,,0.8799999999991996,0.8799999999991996,1,0,8,0,[],False,False
wseg_003778,,,,,22319,22322,4,4,0,8489.939999999999,8491.2,1.2600000000020373,,0.0,0.0,0,0,4,0,[],False,False
wseg_003779,,,,,22323,22324,2,2,0,8491.2,8492.16,0.9599999999991269,,0.6599999999998545,0.6599999999998545,1,0,2,0,[],False,False
wseg_003780,,,,,22325,22330,6,6,0,8492.82,8494.46,1.639999999999418,,0.5600000000013097,0.5600000000013097,1,0,6,0,[],False,False
wseg_003781,,,,,22331,22334,4,4,0,8495.02,8496.28,1.2600000000002183,,3.7599999999983993,3.7599999999983993,1,0,4,0,[],False,False
wseg_003782,,,,,22335,22338,4,4,0,8500.039999999999,8501.4,1.360000000000582,,2.3800000000010186,2.3800000000010186,1,0,4,0,[],False,False
wseg_003783,,,,,22339,22343,5,5,0,8503.78,8505.9,2.1199999999989814,,0.0,0.0,0,0,5,0,[],False,False
wseg_003784,,,,,22344,22349,6,6,0,8505.9,8508.76,2.860000000000582,,0.0,0.0,0,0,6,0,[],False,False
wseg_003785,,,,,22350,22353,4,4,0,8508.76,8510.42,1.6599999999998545,,0.0,0.0,0,0,4,0,[],False,False
wseg_003786,,,,,22354,22357,4,4,0,8510.42,8512.4,1.9799999999995634,,0.0,0.0,0,0,4,0,[],False,False
wseg_003787,,,,,22358,22359,2,2,0,8512.4,8513.46,1.0599999999994907,,0.0,0.0,0,0,2,0,[],False,False
wseg_003788,,,,,22360,22364,5,5,0,8513.46,8514.86,1.4000000000014552,,1.6199999999989814,1.6199999999989814,1,0,5,0,[],False,False
wseg_003789,,,,,22365,22366,2,2,0,8516.48,8517.619999999999,1.139999999999418,,0.5400000000008731,0.5400000000008731,1,0,2,0,[],False,False
wseg_003790,,,,,22367,22371,5,5,0,8518.16,8519.86,1.7000000000007276,,0.0,0.0,0,0,5,0,[],False,False
wseg_003791,,,,,22372,22375,4,4,0,8519.86,8521.72,1.859999999998763,,3.4200000000000728,3.4200000000000728,1,0,4,0,[],False,False
wseg_003792,,,,,22376,22380,5,5,0,8525.14,8527.2,2.0600000000013097,,0.0,0.0,0,0,5,0,[],False,False
wseg_003793,,,,,22381,22382,2,2,0,8527.2,8528.98,1.7799999999988358,,1.0400000000008731,1.0400000000008731,1,0,2,0,[],False,False
wseg_003794,,,,,22383,22386,4,4,0,8530.02,8531.38,1.359999999998763,,0.020000000000436557,0.020000000000436557,1,0,4,0,[],False,False
wseg_003795,,,,,22387,22390,4,4,0,8531.4,8533.0,1.6000000000003638,,0.0,0.0,0,0,4,0,[],False,False
wseg_003796,,,,,22391,22394,4,4,0,8533.0,8534.0,1.0,,0.0,0.0,0,0,4,0,[],False,False
wseg_003797,,,,,22395,22400,6,6,0,8534.0,8535.68,1.680000000000291,,0.0,0.0,0,0,6,0,[],False,False
wseg_003798,,,,,22401,22406,6,6,0,8535.68,8537.8,2.1199999999989814,,0.0,0.0,0,0,6,0,[],False,False
wseg_003799,,,,,22407,22411,5,5,0,8537.8,8540.06,2.2600000000002183,,0.0,0.0,0,0,5,0,[],False,False
wseg_003800,,,,,22412,22412,1,1,0,8540.06,8540.56,0.5,,0.8400000000001455,0.8400000000001455,1,0,1,0,[],False,False
wseg_003801,,,,,22413,22413,1,1,0,8541.4,8542.0,0.6000000000003638,,1.679999999998472,1.679999999998472,1,0,1,0,[],False,False
wseg_003802,,,,,22414,22418,5,5,0,8543.679999999998,8545.66,1.9800000000013824,,0.6999999999989086,0.6999999999989086,1,0,5,0,[],False,False
wseg_003803,,,,,22419,22421,3,3,0,8546.359999999999,8548.02,1.6600000000016735,,0.0,0.0,0,0,3,0,[],False,False
wseg_003804,,,,,22422,22426,5,5,0,8548.02,8549.84,1.819999999999709,,0.0,0.0,0,0,5,0,[],False,False
wseg_003805,,,,,22427,22429,3,3,0,8549.84,8550.64,0.7999999999992724,,0.0,0.0,0,0,3,0,[],False,False
wseg_003806,,,,,22430,22434,5,5,0,8550.64,8552.92,2.280000000000655,,0.0,0.0,0,0,5,0,[],False,False
wseg_003807,,,,,22435,22438,4,4,0,8552.92,8554.44,1.5200000000004366,,0.0,0.0,0,0,4,0,[],False,False
wseg_003808,,,,,22439,22442,4,4,0,8554.44,8556.18,1.7399999999997817,,0.0,0.0,0,0,4,0,[],False,False
wseg_003809,,,,,22443,22448,6,6,0,8556.18,8557.92,1.7399999999997817,,0.0,0.0,0,0,6,0,[],False,False
wseg_003810,,,,,22449,22450,2,2,0,8557.92,8558.6,0.680000000000291,,0.0,0.0,0,0,2,0,[],False,False
wseg_003811,,,,,22451,22456,6,6,0,8558.6,8560.58,1.9799999999995634,,0.0,0.0,0,0,6,0,[],False,False
wseg_003812,,,,,22457,22459,3,3,0,8560.58,8561.88,1.2999999999992724,,0.0,0.0,0,0,3,0,[],False,False
wseg_003813,,,,,22460,22463,4,4,0,8561.88,8564.22,2.3400000000001455,,0.0,0.0,0,0,4,0,[],False,False
wseg_003814,,,,,22464,22467,4,4,0,8564.22,8565.82,1.6000000000003638,,0.0,0.0,0,0,4,0,[],False,False
wseg_003815,,,,,22468,22473,6,6,0,8565.82,8567.44,1.6200000000008004,,0.0,0.0,0,0,6,0,[],False,False
wseg_003816,,,,,22474,22479,6,6,0,8567.44,8569.08,1.639999999999418,,0.0,0.0,0,0,6,0,[],False,False
wseg_003817,,,,,22480,22487,8,8,0,8569.08,8571.54,2.460000000000946,,0.0,0.0,0,0,8,0,[],False,False
wseg_003818,,,,,22488,22493,6,6,0,8571.54,8573.36,1.819999999999709,,0.0,0.0,0,0,6,0,[],False,False
wseg_003819,,,,,22494,22498,5,5,0,8573.36,8575.08,1.7199999999993452,,0.0,0.0,0,0,5,0,[],False,False
wseg_003820,,,,,22499,22505,7,7,0,8575.08,8577.08,2.0,,0.0,0.0,0,0,7,0,[],False,False
wseg_003821,,,,,22506,22509,4,4,0,8577.08,8577.7,0.6200000000008004,,0.0,0.0,0,0,4,0,[],False,False
wseg_003822,,,,,22510,22513,4,4,0,8577.7,8584.18,6.479999999999563,,0.0,0.0,0,0,4,0,[],False,False
wseg_003823,,,,,22514,22521,8,8,0,8584.18,8585.78,1.6000000000003638,,0.0,0.0,0,0,8,0,[],False,False
wseg_003824,,,,,22522,22526,5,5,0,8585.78,8588.38,2.599999999998545,,0.0,0.0,0,0,5,0,[],False,False
wseg_003825,,,,,22527,22532,6,6,0,8588.38,8590.02,1.640000000001237,,0.0,0.0,0,0,6,0,[],False,False
wseg_003826,,,,,22533,22538,6,6,0,8590.02,8591.6,1.5799999999999272,,0.5400000000008731,0.5400000000008731,1,0,6,0,[],False,False
wseg_003827,,,,,22539,22547,9,9,0,8592.140000000001,8593.88,1.7399999999979627,,0.0,0.0,0,0,9,0,[],False,False
wseg_003828,,,,,22548,22550,3,3,0,8593.88,8594.48,0.6000000000003638,,1.3000000000010914,1.3000000000010914,1,0,3,0,[],False,False
wseg_003829,,,,,22551,22554,4,4,0,8595.78,8597.14,1.359999999998763,,0.0,0.0,0,0,4,0,[],False,False
wseg_003830,,,,,22555,22562,8,8,0,8597.14,8599.12,1.9800000000013824,,0.0,0.0,0,0,8,0,[],False,False
wseg_003831,,,,,22563,22570,8,8,0,8599.12,8601.92,2.7999999999992724,,0.5,0.5,1,0,8,0,[],False,False
wseg_003832,,,,,22571,22574,4,4,0,8602.42,8603.2,0.7800000000006548,,0.0,0.0,0,0,4,0,[],False,False
wseg_003833,,,,,22575,22579,5,5,0,8603.2,8604.88,1.679999999998472,,0.0,0.0,0,0,5,0,[],False,False
wseg_003834,,,,,22580,22586,7,7,0,8604.88,8606.76,1.8800000000010186,,0.0,0.0,0,0,7,0,[],False,False
wseg_003835,,,,,22587,22589,3,3,0,8606.76,8608.58,1.819999999999709,,0.0,0.0,0,0,3,0,[],False,False
wseg_003836,,,,,22590,22598,9,9,0,8608.58,8610.9,2.319999999999709,,0.0,0.0,0,0,9,0,[],False,False
wseg_003837,,,,,22599,22603,5,5,0,8610.9,8613.3,2.399999999999636,,0.8800000000010186,0.8800000000010186,1,0,5,0,[],False,False
wseg_003838,,,,,22604,22606,3,3,0,8614.18,8615.56,1.3799999999991996,,0.0,0.0,0,0,3,0,[],False,False
wseg_003839,,,,,22607,22616,10,10,0,8615.56,8617.18,1.6200000000008004,,0.0,0.0,0,0,10,0,[],False,False
wseg_003840,,,,,22617,22624,8,8,0,8617.18,8619.8,2.6199999999989814,,0.0,0.0,0,0,8,0,[],False,False
wseg_003841,,,,,22625,22630,6,6,0,8619.8,8621.7,1.9000000000014552,,0.0,0.0,0,0,6,0,[],False,False
wseg_003842,,,,,22631,22635,5,5,0,8621.7,8623.26,1.5599999999994907,,0.0,0.0,0,0,5,0,[],False,False
wseg_003843,,,,,22636,22643,8,8,0,8623.26,8626.0,2.7399999999997817,,0.0,0.0,0,0,8,0,[],False,False
wseg_003844,,,,,22644,22649,6,6,0,8626.0,8627.74,1.7399999999997817,,0.0,0.0,0,0,6,0,[],False,False
wseg_003845,,,,,22650,22652,3,3,0,8627.74,8629.36,1.6200000000008004,,0.7399999999997817,0.7399999999997817,1,0,3,0,[],False,False
wseg_003846,,,,,22653,22657,5,5,0,8630.1,8631.38,1.2799999999988358,,0.0,0.0,0,0,5,0,[],False,False
wseg_003847,,,,,22658,22665,8,8,0,8631.38,8633.08,1.7000000000007276,,0.0,0.0,0,0,8,0,[],False,False
wseg_003848,,,,,22666,22670,5,5,0,8633.08,8634.58,1.5,,0.0,0.0,0,0,5,0,[],False,False
wseg_003849,,,,,22671,22679,9,9,0,8634.58,8637.48,2.899999999999636,,0.0,0.0,0,0,9,0,[],False,False
wseg_003850,,,,,22680,22683,4,4,0,8637.48,8638.72,1.2399999999997817,,0.5799999999999272,0.5799999999999272,1,0,4,0,[],False,False
wseg_003851,,,,,22684,22689,6,6,0,8639.3,8641.1,1.8000000000010914,,0.0,0.0,0,0,6,0,[],False,False
wseg_003852,,,,,22690,22698,9,9,0,8641.1,8643.72,2.6199999999989814,,0.4600000000009459,0.4600000000009459,1,0,9,0,[],False,False
wseg_003853,,,,,22699,22706,8,8,0,8644.18,8646.22,2.039999999999054,,0.0,0.0,0,0,8,0,[],False,False
wseg_003854,,,,,22707,22711,5,5,0,8646.22,8647.46,1.2399999999997817,,0.0,0.0,0,0,5,0,[],False,False
wseg_003855,,,,,22712,22717,6,6,0,8647.46,8649.1,1.640000000001237,,0.0,0.0,0,0,6,0,[],False,False
wseg_003856,,,,,22718,22721,4,4,0,8649.1,8650.56,1.4599999999991269,,0.0,0.0,0,0,4,0,[],False,False
wseg_003857,,,,,22722,22727,6,6,0,8650.56,8652.82,2.2600000000002183,,1.9400000000005093,1.9400000000005093,1,0,6,0,[],False,False
wseg_003858,,,,,22728,22729,2,2,0,8654.76,8655.52,0.7600000000002183,,0.5999999999985448,0.5999999999985448,1,0,2,0,[],False,False
wseg_003859,,,,,22730,22732,3,3,0,8656.119999999999,8657.1,0.9800000000013824,,0.0,0.0,0,0,3,0,[],False,False
wseg_003860,,,,,22733,22744,12,12,0,8657.1,8659.66,2.5599999999994907,,0.0,0.0,0,0,12,0,[],False,False
wseg_003861,,,,,22745,22750,6,6,0,8659.66,8661.12,1.4600000000009459,,0.0,0.0,0,0,6,0,[],False,False
wseg_003862,,,,,22751,22753,3,3,0,8661.12,8662.52,1.3999999999996362,,3.039999999999054,3.039999999999054,1,0,3,0,[],False,False
wseg_003863,,,,,22754,22756,3,3,0,8665.56,8666.9,1.3400000000001455,,0.0,0.0,0,0,3,0,[],False,False
wseg_003864,,,,,22757,22759,3,3,0,8666.9,8668.62,1.7200000000011642,,1.5399999999990541,1.5399999999990541,1,0,3,0,[],False,False
wseg_003865,,,,,22760,22764,5,5,0,8670.16,8672.12,1.9600000000009459,,0.0,0.0,0,0,5,0,[],False,False
wseg_003866,,,,,22765,22766,2,2,0,8672.12,8672.78,0.6599999999998545,,1.3999999999996362,1.3999999999996362,1,0,2,0,[],False,False
wseg_003867,,,,,22767,22772,6,6,0,8674.18,8674.9,0.7199999999993452,,3.400000000001455,3.400000000001455,1,0,6,0,[],False,False
wseg_003868,,,,,22773,22776,4,4,0,8678.300000000001,8679.94,1.639999999999418,,0.0,0.0,0,0,4,0,[],False,False
wseg_003869,,,,,22777,22783,7,7,0,8679.94,8681.52,1.5799999999999272,,0.0,0.0,0,0,7,0,[],False,False
wseg_003870,,,,,22784,22790,7,7,0,8681.52,8683.78,2.2600000000002183,,0.0,0.0,0,0,7,0,[],False,False
wseg_003871,,,,,22791,22797,7,7,0,8683.78,8685.68,1.8999999999996362,,0.0,0.0,0,0,7,0,[],False,False
wseg_003872,,,,,22798,22800,3,3,0,8685.68,8687.22,1.5399999999990541,,0.7999999999992724,0.7999999999992724,1,0,3,0,[],False,False
wseg_003873,,,,,22801,22806,6,6,0,8688.019999999999,8690.16,2.140000000001237,,0.0,0.0,0,0,6,0,[],False,False
wseg_003874,,,,,22807,22809,3,3,0,8690.16,8691.26,1.1000000000003638,,0.0,0.0,0,0,3,0,[],False,False
wseg_003875,,,,,22810,22813,4,4,0,8691.26,8693.12,1.860000000000582,,0.0,0.0,0,0,4,0,[],False,False
wseg_003876,,,,,22814,22822,9,9,0,8693.12,8695.88,2.7599999999983993,,0.0,0.0,0,0,9,0,[],False,False
wseg_003877,,,,,22823,22830,8,8,0,8695.88,8698.08,2.2000000000007276,,0.0,0.0,0,0,8,0,[],False,False
wseg_003878,,,,,22831,22835,5,5,0,8698.08,8699.8,1.7199999999993452,,0.0,0.0,0,0,5,0,[],False,False
wseg_003879,,,,,22836,22839,4,4,0,8699.8,8700.98,1.180000000000291,,0.0,0.0,0,0,4,0,[],False,False
wseg_003880,,,,,22840,22846,7,7,0,8700.98,8703.98,3.0,,0.820000000001528,0.820000000001528,1,0,7,0,[],False,False
wseg_003881,,,,,22847,22848,2,2,0,8704.800000000001,8705.96,1.1599999999980355,,0.0,0.0,0,0,2,0,[],False,False
wseg_003882,,,,,22849,22853,5,5,0,8705.96,8708.3,2.3400000000001455,,0.0,0.0,0,0,5,0,[],False,False
wseg_003883,,,,,22854,22861,8,8,0,8708.3,8710.26,1.9600000000009459,,0.0,0.0,0,0,8,0,[],False,False
wseg_003884,,,,,22862,22867,6,6,0,8710.26,8712.32,2.0599999999994907,,0.0,0.0,0,0,6,0,[],False,False
wseg_003885,,,,,22868,22870,3,3,0,8712.32,8714.12,1.8000000000010914,,0.0,0.0,0,0,3,0,[],False,False
wseg_003886,,,,,22871,22872,2,2,0,8714.12,8715.94,1.819999999999709,,0.0,0.0,0,0,2,0,[],False,False
wseg_003887,,,,,22873,22875,3,3,0,8715.94,8717.66,1.7199999999993452,,0.0,0.0,0,0,3,0,[],False,False
wseg_003888,,,,,22876,22882,7,7,0,8717.66,8719.34,1.680000000000291,,0.5599999999994907,0.5599999999994907,1,0,7,0,[],False,False
wseg_003889,,,,,22883,22886,4,4,0,8719.9,8721.36,1.4600000000009459,,0.0,0.0,0,0,4,0,[],False,False
wseg_003890,,,,,22887,22892,6,6,0,8721.36,8723.3,1.9399999999986903,,0.0,0.0,0,0,6,0,[],False,False
wseg_003891,,,,,22893,22896,4,4,0,8723.3,8725.12,1.820000000001528,,0.8399999999983265,0.8399999999983265,1,0,4,0,[],False,False
wseg_003892,,,,,22897,22898,2,2,0,8725.96,8727.18,1.2200000000011642,,1.0,1.0,1,0,2,0,[],False,False
wseg_003893,,,,,22899,22901,3,3,0,8728.18,8729.22,1.0399999999990541,,0.0,0.0,0,0,3,0,[],False,False
wseg_003894,,,,,22902,22907,6,6,0,8729.22,8731.12,1.9000000000014552,,0.819999999999709,0.819999999999709,1,0,6,0,[],False,False
wseg_003895,,,,,22908,22915,8,8,0,8731.94,8734.16,2.219999999999345,,0.020000000000436557,0.020000000000436557,1,0,8,0,[],False,False
wseg_003896,,,,,22916,22923,8,8,0,8734.18,8736.08,1.8999999999996362,,0.0,0.0,0,0,8,0,[],False,False
wseg_003897,,,,,22924,22928,5,5,0,8736.08,8737.32,1.2399999999997817,,0.0,0.0,0,0,5,0,[],False,False
wseg_003898,,,,,22929,22933,5,5,0,8737.32,8740.18,2.860000000000582,,0.0,0.0,0,0,5,0,[],False,False
wseg_003899,,,,,22934,22943,10,10,0,8740.18,8742.22,2.039999999999054,,0.0,0.0,0,0,10,0,[],False,False
wseg_003900,,,,,22944,22948,5,5,0,8742.22,8743.98,1.7600000000002183,,0.0,0.0,0,0,5,0,[],False,False
wseg_003901,,,,,22949,22953,5,5,0,8743.98,8746.0,2.0200000000004366,,0.0,0.0,0,0,5,0,[],False,False
wseg_003902,,,,,22954,22959,6,6,0,8746.0,8747.74,1.7399999999997817,,0.0,0.0,0,0,6,0,[],False,False
wseg_003903,,,,,22960,22968,9,9,0,8747.74,8749.9,2.1599999999998545,,0.0,0.0,0,0,9,0,[],False,False
wseg_003904,,,,,22969,22974,6,6,0,8749.9,8751.98,2.0799999999999272,,0.0,0.0,0,0,6,0,[],False,False
wseg_003905,,,,,22975,22975,1,1,0,8751.98,8752.14,0.15999999999985448,,1.9400000000023283,1.9400000000023283,1,0,1,0,[],False,False
wseg_003906,,,,,22976,22981,6,6,0,8754.080000000002,8756.62,2.539999999999054,,0.0,0.0,0,0,6,0,[],False,False
wseg_003907,,,,,22982,22987,6,6,0,8756.62,8758.3,1.679999999998472,,0.0,0.0,0,0,6,0,[],False,False
wseg_003908,,,,,22988,22994,7,7,0,8758.3,8759.82,1.5200000000004366,,0.0,0.0,0,0,7,0,[],False,False
wseg_003909,,,,,22995,22996,2,2,0,8759.82,8760.84,1.0200000000004366,,0.0,0.0,0,0,2,0,[],False,False
wseg_003910,,,,,22997,23008,12,12,0,8760.84,8764.16,3.319999999999709,,0.020000000000436557,0.020000000000436557,1,0,12,0,[],False,False
wseg_003911,,,,,23009,23015,7,7,0,8764.18,8766.1,1.9200000000000728,,0.0,0.0,0,0,7,0,[],False,False
wseg_003912,,,,,23016,23019,4,4,0,8766.1,8768.28,2.180000000000291,,0.0,0.0,0,0,4,0,[],False,False
wseg_003913,,,,,23020,23025,6,6,0,8768.28,8769.64,1.359999999998763,,0.0,0.0,0,0,6,0,[],False,False
wseg_003914,,,,,23026,23034,9,9,0,8769.64,8771.94,2.3000000000010914,,0.0,0.0,0,0,9,0,[],False,False
wseg_003915,,,,,23035,23044,10,10,0,8771.94,8774.22,2.279999999998836,,0.0,0.0,0,0,10,0,[],False,False
wseg_003916,,,,,23045,23046,2,2,0,8774.22,8774.7,0.48000000000138243,,3.4799999999995634,3.4799999999995634,1,0,2,0,[],False,False
wseg_003917,,,,,23047,23054,8,8,0,8778.18,8780.1,1.9200000000000728,,0.0,0.0,0,0,8,0,[],False,False
wseg_003918,,,,,23055,23060,6,6,0,8780.1,8781.7,1.6000000000003638,,0.0,0.0,0,0,6,0,[],False,False
wseg_003919,,,,,23061,23065,5,5,0,8781.7,8782.64,0.9399999999986903,,2.4400000000005093,2.4400000000005093,1,0,5,0,[],False,False
wseg_003920,,,,,23066,23069,4,4,0,8785.08,8786.18,1.1000000000003638,,0.0,0.0,0,0,4,0,[],False,False
wseg_003921,,,,,23070,23075,6,6,0,8786.18,8788.06,1.8799999999991996,,0.4000000000014552,0.4000000000014552,1,0,6,0,[],False,False
wseg_003922,,,,,23076,23078,3,3,0,8788.460000000001,8789.3,0.8399999999983265,,0.5800000000017462,0.5800000000017462,1,0,3,0,[],False,False
wseg_003923,,,,,23079,23085,7,7,0,8789.880000000001,8791.88,1.999999999998181,,0.0,0.0,0,0,7,0,[],False,False
wseg_003924,,,,,23086,23092,7,7,0,8791.88,8793.9,2.0200000000004366,,0.0,0.0,0,0,7,0,[],False,False
wseg_003925,,,,,23093,23094,2,2,0,8793.9,8794.46,0.5599999999994907,,1.9200000000018917,1.9200000000018917,1,0,2,0,[],False,False
wseg_003926,,,,,23095,23097,3,3,0,8796.380000000001,8797.6,1.2199999999993452,,0.0,0.0,0,0,3,0,[],False,False
wseg_003927,,,,,23098,23105,8,8,0,8797.6,8799.5,1.8999999999996362,,0.0,0.0,0,0,8,0,[],False,False
wseg_003928,,,,,23106,23117,12,12,0,8799.5,8801.76,2.2600000000002183,,0.0,0.0,0,0,12,0,[],False,False
wseg_003929,,,,,23118,23128,11,11,0,8801.76,8803.66,1.8999999999996362,,2.0800000000017462,2.0800000000017462,1,0,11,0,[],False,False
wseg_003930,,,,,23129,23132,4,4,0,8805.740000000002,8806.72,0.9799999999977445,,2.9800000000032014,2.9800000000032014,1,0,4,0,[],False,False
wseg_003931,,,,,23133,23138,6,6,0,8809.700000000003,8811.68,1.9799999999977445,,0.0,0.0,0,0,6,0,[],False,False
wseg_003932,,,,,23139,23144,6,6,0,8811.68,8813.4,1.7199999999993452,,0.0,0.0,0,0,6,0,[],False,False
wseg_003933,,,,,23145,23150,6,6,0,8813.4,8815.92,2.5200000000004366,,0.0,0.0,0,0,6,0,[],False,False
wseg_003934,,,,,23151,23155,5,5,0,8815.92,8817.4,1.4799999999995634,,0.0,0.0,0,0,5,0,[],False,False
wseg_003935,,,,,23156,23158,3,3,0,8817.4,8819.1,1.7000000000007276,,0.0,0.0,0,0,3,0,[],False,False
wseg_003936,,,,,23159,23170,12,12,0,8819.1,8821.74,2.639999999999418,,0.13999999999941792,0.13999999999941792,1,0,12,0,[],False,False
wseg_003937,,,,,23171,23180,10,10,0,8821.88,8823.84,1.9600000000009459,,0.0,0.0,0,0,10,0,[],False,False
wseg_003938,,,,,23181,23189,9,9,0,8823.84,8825.54,1.7000000000007276,,0.0,0.0,0,0,9,0,[],False,False
wseg_003939,,,,,23190,23192,3,3,0,8825.54,8826.4,0.8599999999987631,,0.819999999999709,0.819999999999709,1,0,3,0,[],False,False
wseg_003940,,,,,23193,23198,6,6,0,8827.22,8829.88,2.6599999999998545,,0.0,0.0,0,0,6,0,[],False,False
wseg_003941,,,,,23199,23206,8,8,0,8829.88,8831.94,2.0600000000013097,,1.0399999999990541,1.0399999999990541,1,0,8,0,[],False,False
wseg_003942,,,,,23207,23209,3,3,0,8832.98,8833.96,0.9799999999995634,,0.0,0.0,0,0,3,0,[],False,False
wseg_003943,,,,,23210,23212,3,3,0,8833.96,8835.14,1.180000000000291,,0.7999999999992724,0.7999999999992724,1,0,3,0,[],False,False
wseg_003944,,,,,23213,23219,7,7,0,8835.939999999999,8837.9,1.9600000000009459,,0.7999999999992724,0.7999999999992724,1,0,7,0,[],False,False
wseg_003945,,,,,23220,23221,2,2,0,8838.699999999999,8839.6,0.9000000000014552,,0.0,0.0,0,0,2,0,[],False,False
wseg_003946,,,,,23222,23222,1,1,0,8839.6,8840.24,0.6399999999994179,,2.280000000000655,2.280000000000655,1,0,1,0,[],False,False
wseg_003947,,,,,23223,23226,4,4,0,8842.52,8844.16,1.639999999999418,,0.0,0.0,0,0,4,0,[],False,False
wseg_003948,,,,,23227,23228,2,2,0,8844.16,8844.82,0.6599999999998545,,0.0,0.0,0,0,2,0,[],False,False
wseg_003949,,,,,23229,23237,9,9,0,8844.82,8847.98,3.1599999999998545,,0.0,0.0,0,0,9,0,[],False,False
wseg_003950,,,,,23238,23245,8,8,0,8847.98,8849.8,1.819999999999709,,0.0,0.0,0,0,8,0,[],False,False
wseg_003951,,,,,23246,23251,6,6,0,8849.8,8851.44,1.640000000001237,,0.4399999999986903,0.4399999999986903,1,0,6,0,[],False,False
wseg_003952,,,,,23252,23257,6,6,0,8851.88,8853.7,1.820000000001528,,0.0,0.0,0,0,6,0,[],False,False
wseg_003953,,,,,23258,23263,6,6,0,8853.7,8855.88,2.179999999998472,,0.0,0.0,0,0,6,0,[],False,False
wseg_003954,,,,,23264,23268,5,5,0,8855.88,8857.62,1.7400000000016007,,0.0,0.0,0,0,5,0,[],False,False
wseg_003955,,,,,23269,23275,7,7,0,8857.62,8859.82,2.1999999999989086,,0.0,0.0,0,0,7,0,[],False,False
wseg_003956,,,,,23276,23282,7,7,0,8859.82,8861.5,1.680000000000291,,0.0,0.0,0,0,7,0,[],False,False
wseg_003957,,,,,23283,23288,6,6,0,8861.5,8863.32,1.819999999999709,,0.31999999999970896,0.31999999999970896,1,0,6,0,[],False,False
wseg_003958,,,,,23289,23294,6,6,0,8863.64,8865.36,1.7200000000011642,,0.27999999999883585,0.27999999999883585,1,0,6,0,[],False,False
wseg_003959,,,,,23295,23300,6,6,0,8865.64,8867.78,2.140000000001237,,0.0,0.0,0,0,6,0,[],False,False
wseg_003960,,,,,23301,23302,2,2,0,8867.78,8869.32,1.5399999999990541,,0.2600000000002183,0.2600000000002183,1,0,2,0,[],False,False
wseg_003961,,,,,23303,23307,5,5,0,8869.58,8871.16,1.5799999999999272,,0.5600000000013097,0.5600000000013097,1,0,5,0,[],False,False
wseg_003962,,,,,23308,23312,5,5,0,8871.720000000001,8873.96,2.2399999999979627,,0.0,0.0,0,0,5,0,[],False,False
wseg_003963,,,,,23313,23313,1,1,0,8873.96,8874.88,0.9200000000000728,,0.0,0.0,0,0,1,0,[],False,False
wseg_003964,,,,,23314,23319,6,6,0,8874.88,8877.54,2.6600000000016735,,0.0,0.0,0,0,6,0,[],False,False
wseg_003965,,,,,23320,23328,9,9,0,8877.54,8880.3,2.7599999999983993,,0.0,0.0,0,0,9,0,[],False,False
wseg_003966,,,,,23329,23331,3,3,0,8880.3,8881.86,1.5600000000013097,,0.019999999998617568,0.019999999998617568,1,0,3,0,[],False,False
wseg_003967,,,,,23332,23335,4,4,0,8881.88,8883.12,1.2400000000016007,,0.0,0.0,0,0,4,0,[],False,False
wseg_003968,,,,,23336,23340,5,5,0,8883.12,8884.7,1.5799999999999272,,0.0,0.0,0,0,5,0,[],False,False
wseg_003969,,,,,23341,23343,3,3,0,8884.7,8886.7,2.0,,0.0,0.0,0,0,3,0,[],False,False
wseg_003970,,,,,23344,23351,8,8,0,8886.7,8890.14,3.4399999999986903,,0.0,0.0,0,0,8,0,[],False,False
wseg_003971,,,,,23352,23355,4,4,0,8890.14,8891.74,1.6000000000003638,,0.0,0.0,0,0,4,0,[],False,False
wseg_003972,,,,,23356,23360,5,5,0,8891.74,8893.22,1.4799999999995634,,0.0,0.0,0,0,5,0,[],False,False
wseg_003973,,,,,23361,23364,4,4,0,8893.22,8895.76,2.540000000000873,,0.0,0.0,0,0,4,0,[],False,False
wseg_003974,,,,,23365,23367,3,3,0,8895.76,8897.14,1.3799999999991996,,0.42000000000007276,0.42000000000007276,1,0,3,0,[],False,False
wseg_003975,,,,,23368,23372,5,5,0,8897.56,8899.22,1.6599999999998545,,0.0,0.0,0,0,5,0,[],False,False
wseg_003976,,,,,23373,23377,5,5,0,8899.22,8901.0,1.7800000000006548,,0.0,0.0,0,0,5,0,[],False,False
wseg_003977,,,,,23378,23382,5,5,0,8901.0,8902.72,1.7199999999993452,,0.0,0.0,0,0,5,0,[],False,False
wseg_003978,,,,,23383,23388,6,6,0,8902.72,8904.46,1.7399999999997817,,0.0,0.0,0,0,6,0,[],False,False
wseg_003979,,,,,23389,23393,5,5,0,8904.46,8906.16,1.7000000000007276,,0.0,0.0,0,0,5,0,[],False,False
wseg_003980,,,,,23394,23399,6,6,0,8906.16,8908.02,1.860000000000582,,0.0,0.0,0,0,6,0,[],False,False
wseg_003981,,,,,23400,23405,6,6,0,8908.02,8909.5,1.4799999999995634,,3.5200000000004366,3.5200000000004366,1,0,6,0,[],False,False
wseg_003982,,,,,23406,23406,1,1,0,8913.02,8913.58,0.5599999999994907,,0.0,0.0,0,0,1,0,[],False,False
wseg_003983,,,,,23407,23410,4,4,0,8913.58,8914.28,0.7000000000007276,,0.0,0.0,0,1,4,0,[],False,False
wseg_003984,,,,,23411,23416,6,6,0,8914.28,8916.82,2.539999999999054,,0.0,0.0,0,0,6,0,[],False,False
wseg_003985,,,,,23417,23425,9,9,0,8916.82,8919.46,2.639999999999418,,0.0,0.0,0,0,9,0,[],False,False
wseg_003986,,,,,23426,23431,6,6,0,8919.46,8921.48,2.0200000000004366,,0.0,0.0,0,0,6,0,[],False,False
wseg_003987,,,,,23432,23435,4,4,0,8921.48,8923.8,2.319999999999709,,0.0,0.0,0,0,4,0,[],False,False
wseg_003988,,,,,23436,23438,3,3,0,8923.8,8924.52,0.7200000000011642,,0.0,0.0,0,0,3,0,[],False,False
wseg_003989,,,,,23439,23444,6,6,0,8924.52,8926.72,2.1999999999989086,,0.0,0.0,0,0,6,0,[],False,False
wseg_003990,,,,,23445,23448,4,4,0,8926.72,8928.36,1.640000000001237,,0.0,0.0,0,0,4,0,[],False,False
wseg_003991,,,,,23449,23450,2,2,0,8928.36,8929.6,1.2399999999997817,,0.0,0.0,0,0,2,0,[],False,False
wseg_003992,,,,,23451,23457,7,7,0,8929.6,8931.4,1.7999999999992724,,0.0,0.0,0,0,7,0,[],False,False
wseg_003993,,,,,23458,23465,8,8,0,8931.4,8932.8,1.3999999999996362,,0.0,0.0,0,0,8,0,[],False,False
wseg_003994,,,,,23466,23471,6,6,0,8932.8,8934.42,1.6200000000008004,,0.0,0.0,0,0,6,0,[],False,False
wseg_003995,,,,,23472,23479,8,8,0,8934.42,8937.28,2.860000000000582,,0.0,0.0,0,0,8,0,[],False,False
wseg_003996,,,,,23480,23486,7,7,0,8937.28,8939.78,2.5,,0.0,0.0,0,0,7,0,[],False,False
wseg_003997,,,,,23487,23489,3,3,0,8939.78,8941.28,1.5,,0.679999999998472,0.679999999998472,1,0,3,0,[],False,False
wseg_003998,,,,,23490,23495,6,6,0,8941.96,8943.32,1.360000000000582,,0.0,0.0,0,0,6,0,[],False,False
wseg_003999,,,,,23496,23497,2,2,0,8943.32,8943.74,0.42000000000007276,,0.0,0.0,0,0,2,0,[],False,False
wseg_004000,,,,,23498,23504,7,7,0,8943.74,8947.04,3.3000000000010914,,0.0,0.0,0,0,7,0,[],False,False
wseg_004001,,,,,23505,23508,4,4,0,8947.04,8949.88,2.8399999999983265,,0.0,0.0,0,0,4,0,[],False,False
wseg_004002,,,,,23509,23510,2,2,0,8949.88,8951.28,1.4000000000014552,,0.0,0.0,0,0,2,0,[],False,False
wseg_004003,,,,,23511,23514,4,4,0,8951.28,8952.74,1.4599999999991269,,0.0,0.0,0,0,4,0,[],False,False
wseg_004004,,,,,23515,23520,6,6,0,8952.74,8954.26,1.5200000000004366,,0.0,0.0,0,0,6,0,[],False,False
wseg_004005,,,,,23521,23523,3,3,0,8954.26,8955.14,0.8799999999991996,,0.0,0.0,0,0,3,0,[],False,False
wseg_004006,,,,,23524,23526,3,3,0,8955.14,8958.76,3.6200000000008004,,0.5200000000004366,0.5200000000004366,1,0,3,0,[],False,False
wseg_004007,,,,,23527,23531,5,5,0,8959.28,8960.3,1.0199999999986176,,0.8999999999996362,0.8999999999996362,1,0,5,0,[],False,False
wseg_004008,,,,,23532,23532,1,1,0,8961.199999999999,8961.8,0.6000000000003638,,0.0,0.0,0,0,1,0,[],False,False
wseg_004009,,,,,23533,23538,6,6,0,8961.8,8964.0,2.2000000000007276,,0.0,0.0,0,0,6,0,[],False,False
wseg_004010,,,,,23539,23549,11,11,0,8964.0,8966.96,2.959999999999127,,0.32000000000152795,0.32000000000152795,1,0,11,0,[],False,False
wseg_004011,,,,,23550,23555,6,6,0,8967.28,8969.14,1.859999999998763,,0.0,0.0,0,0,6,0,[],False,False
wseg_004012,,,,,23556,23562,7,7,0,8969.14,8971.3,2.1599999999998545,,0.0,0.0,0,0,7,0,[],False,False
wseg_004013,,,,,23563,23568,6,6,0,8971.3,8973.44,2.140000000001237,,0.0,0.0,0,0,6,0,[],False,False
wseg_004014,,,,,23569,23576,8,8,0,8973.44,8975.38,1.9399999999986903,,0.0,0.0,0,0,8,0,[],False,False
wseg_004015,,,,,23577,23583,7,7,0,8975.38,8976.56,1.180000000000291,,0.0,0.0,0,0,7,0,[],False,False
wseg_004016,,,,,23584,23588,5,5,0,8976.56,8978.96,2.399999999999636,,0.0,0.0,0,0,5,0,[],False,False
wseg_004017,,,,,23589,23593,5,5,0,8978.96,8979.62,0.6600000000016735,,0.8799999999991996,0.8799999999991996,1,0,5,0,[],False,False
wseg_004018,,,,,23594,23596,3,3,0,8980.5,8981.56,1.0599999999994907,,0.0,0.0,0,0,3,0,[],False,False
wseg_004019,,,,,23597,23605,9,9,0,8981.56,8983.36,1.8000000000010914,,0.0,0.0,0,0,9,0,[],False,False
wseg_004020,,,,,23606,23610,5,5,0,8983.36,8984.32,0.9599999999991269,,0.0,0.0,0,0,5,0,[],False,False
wseg_004021,,,,,23611,23619,9,9,0,8984.32,8986.26,1.9400000000005093,,1.9200000000000728,1.9200000000000728,1,0,9,0,[],False,False
wseg_004022,,,,,23620,23622,3,3,0,8988.18,8989.02,0.8400000000001455,,0.0,0.0,0,0,3,0,[],False,False
wseg_004023,,,,,23623,23625,3,3,0,8989.02,8990.1,1.0799999999999272,,2.219999999999345,2.219999999999345,1,0,3,0,[],False,False
wseg_004024,,,,,23626,23634,9,9,0,8992.32,8994.26,1.9400000000005093,,0.0,0.0,0,0,9,0,[],False,False
wseg_004025,,,,,23635,23648,14,14,0,8994.26,8996.86,2.600000000000364,,0.42000000000007276,0.42000000000007276,1,0,14,0,[],False,False
wseg_004026,,,,,23649,23652,4,4,0,8997.28,8999.16,1.8799999999991996,,4.040000000000873,4.040000000000873,1,0,4,0,[],False,False
wseg_004027,,,,,23653,23656,4,4,0,9003.2,9004.8,1.5999999999985448,,1.7400000000016007,1.7400000000016007,1,0,4,0,[],False,False
wseg_004028,,,,,23657,23661,5,5,0,9006.54,9008.6,2.0599999999994907,,1.3000000000010914,1.3000000000010914,1,0,5,0,[],False,False
wseg_004029,,,,,23662,23663,2,2,0,9009.900000000001,9011.08,1.179999999998472,,0.0,0.0,0,0,2,0,[],False,False
wseg_004030,,,,,23664,23667,4,4,0,9011.08,9012.78,1.7000000000007276,,0.0,0.0,0,0,4,0,[],False,False
wseg_004031,,,,,23668,23671,4,4,0,9012.78,9014.42,1.639999999999418,,0.0,0.0,0,0,4,0,[],False,False
wseg_004032,,,,,23672,23676,5,5,0,9014.42,9015.82,1.3999999999996362,,3.0,3.0,1,0,5,0,[],False,False
wseg_004033,,,,,23677,23685,9,9,0,9018.82,9021.06,2.2399999999997817,,0.0,0.0,0,0,9,0,[],False,False
wseg_004034,,,,,23686,23691,6,6,0,9021.06,9022.98,1.9200000000000728,,0.0,0.0,0,0,6,0,[],False,False
wseg_004035,,,,,23692,23695,4,4,0,9022.98,9024.8,1.819999999999709,,0.0,0.0,0,0,4,0,[],False,False
wseg_004036,,,,,23696,23702,7,7,0,9024.8,9027.1,2.3000000000010914,,0.18000000000029104,0.18000000000029104,1,0,7,0,[],False,False
wseg_004037,,,,,23703,23708,6,6,0,9027.28,9028.84,1.5599999999994907,,0.0,0.0,0,0,6,0,[],False,False
wseg_004038,,,,,23709,23713,5,5,0,9028.84,9030.72,1.8799999999991996,,0.42000000000189175,0.42000000000189175,1,0,5,0,[],False,False
wseg_004039,,,,,23714,23721,8,8,0,9031.140000000001,9033.14,1.999999999998181,,0.0,0.0,0,0,8,0,[],False,False
wseg_004040,,,,,23722,23725,4,4,0,9033.14,9034.38,1.2399999999997817,,22.900000000001455,22.900000000001455,1,0,4,0,[],False,False
wseg_004041,,,,,23726,23728,3,3,0,9057.28,9065.28,8.0,,48.68000000000029,48.68000000000029,1,0,3,0,[],False,False
wseg_004042,,,,,23729,23730,2,2,0,9113.960000000001,9116.76,2.7999999999992724,,0.5200000000004366,0.5200000000004366,1,0,2,0,[],False,False
wseg_004043,,,,,23731,23733,3,3,0,9117.28,9147.26,29.979999999999563,,26.700000000000728,26.700000000000728,1,0,3,0,[],False,False
wseg_004044,,,,,23734,23736,3,3,0,9173.960000000001,9177.26,3.2999999999992724,,26.399999999999636,26.399999999999636,1,0,3,0,[],False,False
wseg_004045,,,,,23737,23739,3,3,0,9203.66,9207.26,3.600000000000364,,0.020000000000436557,0.020000000000436557,1,0,3,0,[],False,False
wseg_004046,,,,,23740,23742,3,3,0,9207.28,9237.26,29.979999999999563,,26.700000000000728,26.700000000000728,1,0,3,0,[],False,False
wseg_004047,,,,,23743,23745,3,3,0,9263.960000000001,9267.26,3.2999999999992724,,0.020000000000436557,0.020000000000436557,1,0,3,0,[],False,False
wseg_004048,,,,,23746,23748,3,3,0,9267.28,9270.94,3.6599999999998545,,0.0,0.0,0,0,3,0,[],False,False
wseg_004049,,,,,23749,23751,3,3,0,9270.94,9270.96,0.019999999998617568,,52.94000000000233,52.94000000000233,1,0,3,0,[],False,False
wseg_004050,,,,,23752,23754,3,3,0,9323.900000000001,9327.26,3.359999999998763,,241.84000000000015,241.84000000000015,1,0,3,0,[],False,False
wseg_004051,,,,,23755,23757,3,3,0,9569.1,9573.28,4.180000000000291,,606.6800000000003,606.6800000000003,1,0,3,0,[],False,False
wseg_004052,,,,,23758,23760,3,3,0,10179.960000000001,10183.18,3.219999999999345,,1.3800000000010186,1.3800000000010186,1,0,3,0,[],False,False
wseg_004053,,,,,23761,23761,1,1,0,10184.560000000001,10185.04,0.47999999999956344,,1.139999999999418,1.139999999999418,1,0,1,0,[],False,False
wseg_004054,,,,,23762,23770,9,9,0,10186.18,10187.72,1.5399999999990541,,0.0,0.0,0,1,9,0,[],False,False
wseg_004055,,,,,23771,23774,4,4,0,10187.72,10188.58,0.8600000000005821,,0.0,0.0,0,0,4,0,[],False,False
wseg_004056,,,,,23775,23776,2,2,0,10188.58,10189.06,0.47999999999956344,,0.0,0.0,0,0,2,0,[],False,False
wseg_004057,,,,,23777,23788,12,12,0,10189.06,10192.9,3.8400000000001455,,0.0,0.0,0,0,12,0,[],False,False
wseg_004058,,,,,23789,23793,5,5,0,10192.9,10194.46,1.5599999999994907,,0.0,0.0,0,0,5,0,[],False,False
wseg_004059,,,,,23794,23799,6,6,0,10194.46,10196.24,1.7800000000006548,,1.0400000000008731,1.0400000000008731,1,0,6,0,[],False,False
wseg_004060,,,,,23800,23814,15,15,0,10197.28,10201.38,4.099999999998545,,0.5600000000013097,0.7400000000016007,2,0,15,0,[],False,False
wseg_004061,,,,,23815,23829,15,15,0,10201.94,10205.82,3.8799999999991996,,0.2000000000007276,0.2000000000007276,1,0,15,0,[],False,False
wseg_004062,,,,,23830,23845,16,16,0,10205.82,10210.08,4.260000000000218,,0.28000000000065484,0.28000000000065484,1,0,16,0,[],False,False
wseg_004063,,,,,23846,23856,11,11,0,10210.08,10213.08,3.0,,0.020000000000436557,0.020000000000436557,1,0,11,0,[],False,False
wseg_004064,,,,,23857,23871,15,15,0,10213.08,10216.8,3.719999999999345,,0.4400000000005093,0.4400000000005093,1,0,15,0,[],False,False
wseg_004065,,,,,23872,23885,14,14,0,10216.8,10219.86,3.0600000000013097,,0.7800000000006548,0.9200000000018917,2,0,14,0,[],False,False
wseg_004066,,,,,23886,23900,15,15,0,10220.640000000001,10224.74,4.099999999998545,,0.12000000000080036,0.1400000000012369,2,0,15,0,[],False,False
wseg_004067,,,,,23901,23911,11,11,0,10224.74,10228.16,3.4200000000000728,,0.0,0.0,0,0,11,0,[],False,False
wseg_004068,,,,,23912,23926,15,15,0,10228.16,10233.32,5.1599999999998545,,0.7800000000006548,1.1600000000016735,3,0,15,0,[],False,False
wseg_004069,,,,,23927,23938,12,12,0,10233.32,10236.86,3.540000000000873,,0.7399999999997817,0.8399999999983265,2,0,12,0,[],False,False
wseg_004070,,,,,23939,23955,17,17,0,10237.6,10241.48,3.8799999999991996,,0.0,0.0,0,0,17,0,[],False,False
wseg_004071,,,,,23956,23971,16,16,0,10241.48,10245.32,3.8400000000001455,,0.3999999999996362,0.4600000000009459,2,0,16,0,[],False,False
wseg_004072,,,,,23972,23982,11,11,0,10245.32,10249.68,4.360000000000582,,0.05999999999949068,0.05999999999949068,1,0,11,0,[],False,False
wseg_004073,,,,,23983,23993,11,11,0,10249.68,10251.56,1.8799999999991996,,1.4200000000000728,1.5400000000008731,2,0,11,0,[],False,False
wseg_004074,,,,,23994,23998,5,5,0,10252.98,10254.54,1.5600000000013097,,0.1999999999989086,0.1999999999989086,1,0,5,0,[],False,False
wseg_004075,,,,,23999,24015,17,17,0,10254.74,10260.2,5.460000000000946,,0.9799999999995634,0.9799999999995634,1,0,17,0,[],False,False
wseg_004076,,,,,24016,24030,15,15,0,10260.2,10264.7,4.5,,0.0,0.0,0,0,15,0,[],False,False
wseg_004077,,,,,24031,24047,17,17,0,10264.7,10268.98,4.279999999998836,,0.0,0.0,0,0,17,0,[],False,False
wseg_004078,,,,,24048,24058,11,11,0,10268.98,10273.76,4.780000000000655,,0.5999999999985448,0.5999999999985448,1,0,11,0,[],False,False
wseg_004079,,,,,24059,24074,16,16,0,10273.76,10279.18,5.420000000000073,,0.040000000000873115,0.040000000000873115,1,0,16,0,[],False,False
wseg_004080,,,,,24075,24086,12,12,0,10279.18,10284.64,5.459999999999127,,0.07999999999992724,0.07999999999992724,1,0,12,0,[],False,False
wseg_004081,,,,,24087,24105,19,19,0,10284.64,10289.58,4.940000000000509,,0.0,0.0,0,0,19,0,[],False,False
wseg_004082,,,,,24106,24123,18,18,0,10289.58,10294.38,4.799999999999272,,0.6200000000008004,0.680000000000291,2,0,18,0,[],False,False
wseg_004083,,,,,24124,24141,18,18,0,10294.38,10298.94,4.56000000000131,,0.07999999999992724,0.07999999999992724,1,0,18,0,[],False,False
wseg_004084,,,,,24142,24155,14,14,0,10298.94,10304.46,5.519999999998618,,0.6000000000003638,0.9600000000009459,3,0,14,0,[],False,False
wseg_004085,,,,,24156,24170,15,15,0,10304.46,10309.6,5.140000000001237,,0.05999999999949068,0.05999999999949068,1,0,15,0,[],False,False
wseg_004086,,,,,24171,24186,16,16,0,10309.6,10314.62,5.020000000000437,,0.019999999998617568,0.019999999998617568,1,0,16,0,[],False,False
wseg_004087,,,,,24187,24202,16,16,0,10314.64,10320.08,5.440000000000509,,0.2400000000016007,0.2400000000016007,1,0,16,0,[],False,False
wseg_004088,,,,,24203,24216,14,14,0,10320.08,10324.82,4.739999999999782,,0.4400000000005093,0.4400000000005093,1,0,14,0,[],False,False
wseg_004089,,,,,24217,24230,14,14,0,10325.26,10330.28,5.020000000000437,,0.2000000000007276,0.2000000000007276,1,0,14,0,[],False,False
wseg_004090,,,,,24231,24245,15,15,0,10330.28,10337.06,6.779999999998836,,0.13999999999941792,0.13999999999941792,1,0,15,0,[],False,False
wseg_004091,,,,,24246,24260,15,15,0,10337.06,10344.56,7.5,,0.07999999999992724,0.07999999999992724,1,0,15,0,[],False,False
wseg_004092,,,,,24261,24273,13,13,0,10344.64,10348.3,3.6599999999998545,,0.4600000000009459,0.4600000000009459,1,0,13,0,[],False,False
wseg_004093,,,,,24274,24290,17,17,0,10348.76,10353.3,4.539999999999054,,0.5400000000008731,0.8800000000010186,2,0,17,0,[],False,False
wseg_004094,,,,,24291,24303,13,13,0,10353.84,10360.16,6.319999999999709,,0.0,0.0,0,0,13,0,[],False,False
wseg_004095,,,,,24304,24320,17,17,0,10360.16,10364.3,4.139999999999418,,0.0,0.0,0,0,17,0,[],False,False
wseg_004096,,,,,24321,24330,10,10,0,10364.3,10367.72,3.4200000000000728,,0.23999999999978172,0.23999999999978172,1,0,10,0,[],False,False
wseg_004097,,,,,24331,24345,15,15,0,10367.72,10373.46,5.739999999999782,,1.180000000000291,1.180000000000291,1,0,15,0,[],False,False
wseg_004098,,,,,24346,24362,17,17,0,10374.64,10378.02,3.3800000000010186,,0.040000000000873115,0.040000000000873115,1,0,17,0,[],False,False
wseg_004099,,,,,24363,24378,16,16,0,10378.02,10382.1,4.079999999999927,,0.13999999999941792,0.13999999999941792,1,0,16,0,[],False,False
wseg_004100,,,,,24379,24392,14,14,0,10382.1,10386.94,4.8400000000001455,,0.0,0.0,0,0,14,0,[],False,False
wseg_004101,,,,,24393,24405,13,13,0,10386.94,10392.14,5.199999999998909,,0.13999999999941792,0.13999999999941792,1,0,13,0,[],False,False
wseg_004102,,,,,24406,24422,17,17,0,10392.14,10396.34,4.200000000000728,,0.0,0.0,0,0,17,0,[],False,False
wseg_004103,,,,,24423,24437,15,15,0,10396.34,10400.6,4.260000000000218,,0.3999999999996362,0.47999999999956344,2,0,15,0,[],False,False
wseg_004104,,,,,24438,24446,9,9,0,10400.6,10403.54,2.9400000000005093,,0.1000000000003638,0.1000000000003638,1,0,9,0,[],False,False
wseg_004105,,,,,24447,24461,15,15,0,10403.54,10408.52,4.979999999999563,,0.15999999999985448,0.21999999999934516,2,0,15,0,[],False,False
wseg_004106,,,,,24462,24478,17,17,0,10408.52,10412.62,4.100000000000364,,0.5599999999994907,0.679999999998472,3,0,17,0,[],False,False
wseg_004107,,,,,24479,24493,15,15,0,10412.68,10417.72,5.039999999999054,,0.5399999999990541,0.6399999999994179,2,0,15,0,[],False,False
wseg_004108,,,,,24494,24510,17,17,0,10417.82,10422.64,4.819999999999709,,1.0200000000004366,1.1600000000016735,2,0,17,0,[],False,False
wseg_004109,,,,,24511,24525,15,15,0,10423.66,10427.0,3.3400000000001455,,0.05999999999949068,0.05999999999949068,1,0,15,0,[],False,False
wseg_004110,,,,,24526,24541,16,16,0,10427.0,10430.72,3.719999999999345,,0.06000000000130967,0.06000000000130967,1,0,16,0,[],False,False
wseg_004111,,,,,24542,24552,11,11,0,10430.72,10433.28,2.5600000000013097,,0.5799999999999272,0.8400000000001455,2,0,11,0,[],False,False
wseg_004112,,,,,24553,24567,15,15,0,10433.54,10437.78,4.239999999999782,,0.07999999999992724,0.3000000000029104,6,0,15,0,[],False,False
wseg_004113,,,,,24568,24581,14,14,0,10437.78,10443.08,5.299999999999272,,0.07999999999992724,0.07999999999992724,1,0,14,0,[],False,False
wseg_004114,,,,,24582,24599,18,18,0,10443.08,10448.02,4.940000000000509,,0.33999999999832653,0.5199999999986176,2,0,18,0,[],False,False
wseg_004115,,,,,24600,24613,14,14,0,10448.02,10452.42,4.399999999999636,,0.5400000000008731,0.5400000000008731,1,0,14,0,[],False,False
wseg_004116,,,,,24614,24627,14,14,0,10452.42,10457.7,5.280000000000655,,0.1999999999989086,0.5199999999986176,3,0,14,0,[],False,False
wseg_004117,,,,,24628,24644,17,17,0,10457.7,10462.1,4.399999999999636,,0.0,0.0,0,0,17,0,[],False,False
wseg_004118,,,,,24645,24664,20,20,0,10462.1,10463.52,1.4200000000000728,,0.0,0.0,0,0,20,0,[],False,False
wseg_004119,,,,,24665,24683,19,19,0,10463.52,10463.62,0.1000000000003638,,0.0,0.0,0,0,19,0,[],False,False
wseg_004120,,,,,24684,24699,16,16,0,10463.62,10467.12,3.5,,0.020000000000436557,0.020000000000436557,1,0,16,0,[],False,False
wseg_004121,,,,,24700,24717,18,18,0,10467.12,10471.84,4.719999999999345,,0.3999999999996362,0.47999999999956344,2,0,18,0,[],False,False
wseg_004122,,,,,24718,24730,13,13,0,10471.84,10476.6,4.760000000000218,,0.06000000000130967,0.08000000000174623,2,0,13,0,[],False,False
wseg_004123,,,,,24731,24743,13,13,0,10476.6,10481.94,5.3400000000001455,,0.9600000000009459,1.1999999999989086,4,0,13,0,[],False,False
wseg_004124,,,,,24744,24760,17,17,0,10481.96,10485.68,3.720000000001164,,0.11999999999898137,0.21999999999934516,3,0,17,0,[],False,False
wseg_004125,,,,,24761,24775,15,15,0,10485.68,10490.36,4.680000000000291,,0.020000000000436557,0.020000000000436557,1,0,15,0,[],False,False
wseg_004126,,,,,24776,24784,9,9,0,10490.36,10493.08,2.719999999999345,,0.3599999999987631,0.3599999999987631,1,0,9,0,[],False,False
wseg_004127,,,,,24785,24794,10,10,0,10493.08,10497.3,4.219999999999345,,0.1000000000003638,0.13999999999941792,2,0,10,0,[],False,False
wseg_004128,,,,,24795,24808,14,14,0,10497.3,10501.94,4.640000000001237,,0.1400000000012369,0.3599999999987631,4,0,14,0,[],False,False
wseg_004129,,,,,24809,24816,8,8,0,10501.98,10503.92,1.9400000000005093,,0.8400000000001455,0.8400000000001455,1,0,8,0,[],False,False
wseg_004130,,,,,24817,24829,13,13,0,10504.76,10509.98,5.219999999999345,,0.18000000000029104,0.18000000000029104,1,0,13,0,[],False,False
wseg_004131,,,,,24830,24844,15,15,0,10509.98,10514.56,4.579999999999927,,0.0,0.0,0,0,15,0,[],False,False
wseg_004132,,,,,24845,24860,16,16,0,10514.56,10518.12,3.5600000000013097,,0.37999999999919964,0.7600000000002183,4,0,16,0,[],False,False
wseg_004133,,,,,24861,24876,16,16,0,10518.12,10522.24,4.119999999998981,,0.13999999999941792,0.3400000000001455,3,0,16,0,[],False,False
wseg_004134,,,,,24877,24880,4,4,0,10522.24,10523.06,0.819999999999709,,2.900000000001455,2.900000000001455,1,0,4,0,[],False,False
wseg_004135,,,,,24881,24898,18,18,0,10525.960000000001,10532.42,6.459999999999127,,0.31999999999970896,0.6000000000003638,3,0,18,0,[],False,False
wseg_004136,,,,,24899,24912,14,14,0,10532.42,10537.26,4.8400000000001455,,0.0,0.0,0,0,14,0,[],False,False
wseg_004137,,,,,24913,24923,11,11,0,10537.26,10542.54,5.280000000000655,,0.08000000000174623,0.1000000000003638,2,0,11,0,[],False,False
wseg_004138,,,,,24924,24941,18,18,0,10542.56,10546.8,4.239999999999782,,0.18000000000029104,0.2000000000007276,2,0,18,0,[],False,False
wseg_004139,,,,,24942,24955,14,14,0,10546.8,10551.96,5.1599999999998545,,0.5200000000004366,0.7000000000007276,3,0,14,0,[],False,False
wseg_004140,,,,,24956,24959,4,4,0,10551.96,10553.04,1.0800000000017462,,0.7599999999983993,0.7599999999983993,1,0,4,0,[],False,False
wseg_004141,,,,,24960,24975,16,16,0,10553.8,10559.7,5.900000000001455,,0.9399999999986903,1.3400000000001455,5,0,16,0,[],False,False
wseg_004142,,,,,24976,24990,15,15,0,10559.78,10565.64,5.859999999998763,,0.11999999999898137,0.27999999999883585,3,0,15,0,[],False,False
wseg_004143,,,,,24991,25006,16,16,0,10565.64,10569.66,4.020000000000437,,0.020000000000436557,0.020000000000436557,1,0,16,0,[],False,False
wseg_004144,,,,,25007,25021,15,15,0,10569.66,10573.08,3.4200000000000728,,0.21999999999934516,0.21999999999934516,1,0,15,0,[],False,False
wseg_004145,,,,,25022,25036,15,15,0,10573.08,10576.6,3.5200000000004366,,0.13999999999941792,0.23999999999978172,2,0,15,0,[],False,False
wseg_004146,,,,,25037,25052,16,16,0,10576.6,10580.42,3.819999999999709,,0.2000000000007276,0.22000000000116415,2,0,16,0,[],False,False
wseg_004147,,,,,25053,25062,10,10,0,10580.42,10583.04,2.6200000000008004,,0.5399999999972351,0.5399999999972351,1,0,10,0,[],False,False
wseg_004148,,,,,25063,25065,3,3,0,10583.579999999998,10584.88,1.3000000000010914,,0.5400000000008731,0.5400000000008731,1,0,3,0,[],False,False
wseg_004149,,,,,25066,25081,16,16,0,10585.42,10589.94,4.520000000000437,,0.38000000000101863,0.4600000000009459,2,0,16,0,[],False,False
wseg_004150,,,,,25082,25092,11,11,0,10589.94,10593.2,3.2600000000002183,,4.179999999998472,4.25999999999658,3,0,11,0,[],False,False
wseg_004151,,,,,25093,25105,13,13,0,10597.38,10601.4,4.020000000000437,,0.9200000000000728,1.359999999998763,6,0,13,0,[],False,False
wseg_004152,,,,,25106,25120,15,15,0,10602.32,10606.68,4.360000000000582,,0.11999999999898137,0.17999999999847205,2,0,15,0,[],False,False
wseg_004153,,,,,25121,25134,14,14,0,10606.68,10612.16,5.479999999999563,,0.020000000000436557,0.020000000000436557,1,0,14,0,[],False,False
wseg_004154,,,,,25135,25149,15,15,0,10612.16,10617.9,5.739999999999782,,0.15999999999985448,0.18000000000029104,2,0,15,0,[],False,False
wseg_004155,,,,,25150,25164,15,15,0,10617.9,10622.68,4.780000000000655,,0.13999999999941792,0.2600000000002183,2,0,15,0,[],False,False
wseg_004156,,,,,25165,25178,14,14,0,10622.68,10631.12,8.44000000000051,,0.0,0.0,0,0,14,0,[],False,False
wseg_004157,,,,,25179,25193,15,15,0,10631.12,10637.04,5.920000000000073,,0.6699999999982538,0.7299999999995634,2,0,15,0,[],False,False
wseg_004158,,,,,25194,25198,5,5,0,10637.71,10639.9,2.1900000000005093,,0.42000000000007276,0.42000000000007276,1,0,5,0,[],False,False
wseg_004159,,,,,25199,25206,8,8,0,10640.32,10642.14,1.819999999999709,,0.020000000000436557,0.020000000000436557,1,0,8,0,[],False,False
wseg_004160,,,,,25207,25223,17,17,0,10642.16,10648.34,6.180000000000291,,0.08000000000174623,0.12000000000080036,2,0,17,0,[],False,False
wseg_004161,,,,,25224,25241,18,18,0,10648.38,10652.28,3.900000000001455,,0.040000000000873115,0.040000000000873115,1,0,18,0,[],False,False
wseg_004162,,,,,25242,25260,19,19,0,10652.28,10657.74,5.459999999999127,,0.37999999999919964,0.81999999999789,4,0,19,0,[],False,False
wseg_004163,,,,,25261,25277,17,17,0,10657.88,10662.68,4.800000000001091,,0.5,0.819999999999709,2,0,17,0,[],False,False
wseg_004164,,,,,25278,25294,17,17,0,10663.18,10668.96,5.779999999998836,,0.06000000000130967,0.06000000000130967,1,0,17,0,[],False,False
wseg_004165,,,,,25295,25299,5,5,0,10668.96,10672.0,3.040000000000873,,0.0,0.0,0,0,5,0,[],False,False
wseg_004166,,,,,25300,25303,4,4,0,10672.0,10672.14,0.13999999999941792,,0.020000000000436557,0.020000000000436557,1,0,4,0,[],False,False
wseg_004167,,,,,25304,25319,16,16,0,10672.16,10679.3,7.139999999999418,,0.0,0.0,0,0,16,0,[],False,False
wseg_004168,,,,,25320,25327,8,8,0,10679.3,10682.32,3.0200000000004366,,0.07999999999992724,0.07999999999992724,1,0,8,0,[],False,False
wseg_004169,,,,,25328,25343,16,16,0,10682.4,10687.3,4.899999999999636,,0.039999999999054126,0.05999999999949068,2,0,16,0,[],False,False
wseg_004170,,,,,25344,25357,14,14,0,10687.3,10694.78,7.480000000001382,,0.0,0.0,0,0,14,0,[],False,False
wseg_004171,,,,,25358,25367,10,10,0,10694.78,10698.84,4.059999999999491,,0.15999999999985448,0.15999999999985448,1,0,10,0,[],False,False
wseg_004172,,,,,25368,25378,11,11,0,10699.0,10702.12,3.1200000000008004,,0.05999999999949068,0.09999999999854481,2,0,11,0,[],False,False
wseg_004173,,,,,25379,25398,20,20,0,10702.16,10708.16,6.0,,0.07999999999992724,0.2000000000007276,3,0,20,0,[],False,False
wseg_004174,,,,,25399,25403,5,5,0,10708.16,10709.38,1.2199999999993452,,0.42000000000007276,0.42000000000007276,1,0,5,0,[],False,False
wseg_004175,,,,,25404,25420,17,17,0,10709.8,10716.72,6.920000000000073,,0.040000000000873115,0.040000000000873115,1,0,17,0,[],False,False
wseg_004176,,,,,25421,25432,12,12,0,10716.72,10722.92,6.200000000000728,,0.07999999999992724,0.13999999999941792,2,0,12,0,[],False,False
wseg_004177,,,,,25433,25436,4,4,0,10722.92,10724.06,1.139999999999418,,0.020000000000436557,0.020000000000436557,1,0,4,0,[],False,False
wseg_004178,,,,,25437,25449,13,13,0,10724.08,10727.86,3.780000000000655,,0.0,0.0,0,0,13,0,[],False,False
wseg_004179,,,,,25450,25463,14,14,0,10727.86,10731.2,3.3400000000001455,,0.9599999999991269,1.0599999999994907,2,0,14,0,[],False,False
wseg_004180,,,,,25464,25474,11,11,0,10732.16,10735.88,3.719999999999345,,0.4600000000009459,0.4600000000009459,1,0,11,0,[],False,False
wseg_004181,,,,,25475,25490,16,16,0,10736.34,10741.62,5.280000000000655,,0.2600000000002183,0.42000000000189175,3,0,16,0,[],False,False
wseg_004182,,,,,25491,25503,13,13,0,10741.62,10746.04,4.420000000000073,,0.09999999999854481,0.13999999999759893,2,0,13,0,[],False,False
wseg_004183,,,,,25504,25517,14,14,0,10746.04,10750.5,4.459999999999127,,0.3400000000001455,0.37999999999919964,2,0,14,0,[],False,False
wseg_004184,,,,,25518,25526,9,9,0,10750.5,10752.76,2.2600000000002183,,0.05999999999949068,0.11999999999716238,3,0,9,0,[],False,False
wseg_004185,,,,,25527,25542,16,16,0,10752.8,10758.0,5.200000000000728,,0.0,0.0,0,0,16,0,[],False,False
wseg_004186,,,,,25543,25558,16,16,0,10758.0,10761.44,3.4400000000005093,,0.7199999999993452,0.7599999999983993,2,0,16,0,[],False,False
wseg_004187,,,,,25559,25571,13,13,0,10762.16,10766.32,4.1599999999998545,,0.09999999999854481,0.09999999999854481,1,0,13,0,[],False,False
wseg_004188,,,,,25572,25577,6,6,0,10766.32,10767.72,1.3999999999996362,,0.15999999999985448,0.15999999999985448,1,0,6,0,[],False,False
wseg_004189,,,,,25578,25592,15,15,0,10767.88,10774.28,6.400000000001455,,0.020000000000436557,0.020000000000436557,1,0,15,0,[],False,False
wseg_004190,,,,,25593,25601,9,9,0,10774.28,10778.74,4.459999999999127,,0.47999999999956344,0.47999999999956344,1,0,9,0,[],False,False
wseg_004191,,,,,25602,25613,12,12,0,10779.22,10785.4,6.180000000000291,,1.9600000000009459,2.040000000000873,2,0,12,0,[],False,False
wseg_004192,,,,,25614,25630,17,17,0,10787.36,10792.1,4.739999999999782,,0.07999999999992724,0.15999999999985448,3,0,17,0,[],False,False
wseg_004193,,,,,25631,25643,13,13,0,10792.16,10797.28,5.1200000000008,,0.07999999999992724,0.07999999999992724,1,0,13,0,[],False,False
wseg_004194,,,,,25644,25660,17,17,0,10797.36,10805.88,8.519999999998618,,0.07999999999992724,0.07999999999992724,1,0,17,0,[],False,False
wseg_004195,,,,,25661,25674,14,14,0,10805.88,10810.18,4.300000000001091,,0.15999999999985448,0.22000000000116415,2,0,14,0,[],False,False
wseg_004196,,,,,25675,25691,17,17,0,10810.34,10814.92,4.579999999999927,,0.0,0.0,0,0,17,0,[],False,False
wseg_004197,,,,,25692,25707,16,16,0,10814.92,10819.78,4.860000000000582,,0.020000000000436557,0.020000000000436557,1,0,16,0,[],False,False
wseg_004198,,,,,25708,25710,3,3,0,10819.78,10820.64,0.8599999999987631,,1.5200000000004366,1.5200000000004366,1,0,3,0,[],False,False
wseg_004199,,,,,25711,25727,17,17,0,10822.16,10825.44,3.280000000000655,,0.0,0.0,0,0,17,0,[],False,False
wseg_004200,,,,,25728,25744,17,17,0,10825.44,10828.42,2.9799999999995634,,0.05999999999949068,0.05999999999949068,1,0,17,0,[],False,False
wseg_004201,,,,,25745,25759,15,15,0,10828.48,10833.34,4.860000000000582,,0.05999999999949068,0.05999999999949068,1,0,15,0,[],False,False
wseg_004202,,,,,25760,25776,17,17,0,10833.4,10838.6,5.200000000000728,,0.1000000000003638,0.12000000000080036,2,0,17,0,[],False,False
wseg_004203,,,,,25777,25790,14,14,0,10838.6,10845.4,6.799999999999272,,0.020000000000436557,0.020000000000436557,1,0,14,0,[],False,False
wseg_004204,,,,,25791,25802,12,12,0,10845.4,10850.24,4.8400000000001455,,0.05999999999949068,0.05999999999949068,1,0,12,0,[],False,False
wseg_004205,,,,,25803,25810,8,8,0,10850.24,10851.74,1.5,,0.42000000000007276,0.5200000000004366,3,0,8,0,[],False,False
wseg_004206,,,,,25811,25826,16,16,0,10852.16,10855.98,3.819999999999709,,0.1000000000003638,0.1000000000003638,1,0,16,0,[],False,False
wseg_004207,,,,,25827,25839,13,13,0,10855.98,10861.12,5.140000000001237,,0.09999999999854481,0.09999999999854481,1,0,13,0,[],False,False
wseg_004208,,,,,25840,25853,14,14,0,10861.22,10866.66,5.440000000000509,,0.09999999999854481,0.17999999999847205,2,0,14,0,[],False,False
wseg_004209,,,,,25854,25865,12,12,0,10866.66,10871.82,5.1599999999998545,,0.0,0.0,0,0,12,0,[],False,False
wseg_004210,,,,,25866,25875,10,10,0,10871.82,10874.54,2.720000000001164,,0.05999999999949068,0.05999999999949068,1,0,10,0,[],False,False
wseg_004211,,,,,25876,25889,14,14,0,10874.6,10878.58,3.9799999999995634,,0.0,0.0,0,0,14,0,[],False,False
wseg_004212,,,,,25890,25893,4,4,0,10878.58,10879.86,1.2800000000006548,,0.37999999999919964,0.37999999999919964,1,0,4,0,[],False,False
wseg_004213,,,,,25894,25901,8,8,0,10880.24,10882.14,1.8999999999996362,,0.020000000000436557,0.020000000000436557,1,0,8,0,[],False,False
wseg_004214,,,,,25902,25920,19,19,0,10882.16,10885.98,3.819999999999709,,0.040000000000873115,0.07999999999992724,2,0,19,0,[],False,False
wseg_004215,,,,,25921,25926,6,6,0,10885.98,10888.22,2.2399999999997817,,0.7899999999990541,0.7899999999990541,1,0,6,0,[],False,False
wseg_004216,,,,,25927,25941,15,15,0,10889.009999999998,10894.88,5.8700000000008,,0.020000000000436557,0.020000000000436557,1,0,15,0,[],False,False
wseg_004217,,,,,25942,25957,16,16,0,10894.88,10901.96,7.079999999999927,,0.0,0.0,0,0,16,0,[],False,False
wseg_004218,,,,,25958,25966,9,9,0,10901.96,10906.02,4.06000000000131,,0.13999999999941792,0.13999999999941792,1,0,9,0,[],False,False
wseg_004219,,,,,25967,25979,13,13,0,10906.16,10911.8,5.639999999999418,,0.3600000000005821,0.5200000000022555,3,0,13,0,[],False,False
wseg_004220,,,,,25980,25992,13,13,0,10912.16,10915.74,3.5799999999999272,,0.38000000000101863,0.38000000000101863,1,0,13,0,[],False,False
wseg_004221,,,,,25993,26003,11,11,0,10916.12,10919.52,3.399999999999636,,0.039999999999054126,0.039999999999054126,1,0,11,0,[],False,False
wseg_004222,,,,,26004,26019,16,16,0,10919.56,10924.42,4.860000000000582,,0.4600000000009459,0.4600000000009459,1,0,16,0,[],False,False
wseg_004223,,,,,26020,26024,5,5,0,10924.880000000001,10928.8,3.9199999999982538,,0.0,0.0,0,0,5,0,[],False,False
wseg_004224,,,,,26025,26034,10,10,0,10928.8,10931.06,2.2600000000002183,,0.23999999999978172,0.3599999999969441,3,0,10,0,[],False,False
wseg_004225,,,,,26035,26036,2,2,0,10931.3,10931.76,0.4600000000009459,,0.05999999999949068,0.05999999999949068,1,0,2,0,[],False,False
wseg_004226,,,,,26037,26052,16,16,0,10931.82,10935.64,3.819999999999709,,0.07999999999992724,0.1400000000012369,2,0,16,0,[],False,False
wseg_004227,,,,,26053,26060,8,8,0,10935.7,10937.18,1.4799999999995634,,0.1000000000003638,0.1999999999989086,2,0,8,0,[],False,False
wseg_004228,,,,,26061,26061,1,1,0,10937.28,10937.5,0.21999999999934516,,0.0,0.0,0,0,1,0,[],False,False
wseg_004229,,,,,26062,26066,5,5,0,10937.5,10938.42,0.9200000000000728,,0.4600000000009459,0.4600000000009459,1,0,5,0,[],False,False
wseg_004230,,,,,26067,26076,10,10,0,10938.880000000001,10941.56,2.679999999998472,,0.6000000000003638,0.6000000000003638,1,0,10,0,[],False,False
wseg_004231,,,,,26077,26079,3,3,0,10942.16,10942.64,0.47999999999956344,,0.12000000000080036,0.12000000000080036,1,0,3,0,[],False,False
wseg_004232,,,,,26080,26087,8,8,0,10942.76,10946.84,4.079999999999927,,0.1000000000003638,0.18000000000029104,2,0,8,0,[],False,False
wseg_004233,,,,,26088,26096,9,9,0,10946.92,10948.78,1.860000000000582,,0.27999999999883585,0.27999999999883585,1,0,9,0,[],False,False
wseg_004234,,,,,26097,26110,14,14,0,10949.06,10953.4,4.3400000000001455,,0.3400000000001455,0.3599999999987631,2,0,14,0,[],False,False
wseg_004235,,,,,26111,26124,14,14,0,10953.74,10959.42,5.680000000000291,,0.47999999999956344,0.47999999999956344,1,0,14,0,[],False,False
wseg_004236,,,,,26125,26136,12,12,0,10959.9,10963.16,3.2600000000002183,,0.13999999999941792,0.1999999999989086,2,0,12,0,[],False,False
wseg_004237,,,,,26137,26151,15,15,0,10963.3,10971.44,8.140000000001237,,0.7199999999993452,0.7199999999993452,1,0,15,0,[],False,False
wseg_004238,,,,,26152,26171,20,20,0,10972.16,10978.96,6.799999999999272,,0.0,0.0,0,0,20,0,[],False,False
wseg_004239,,,,,26172,26176,5,5,0,10978.96,10980.86,1.9000000000014552,,0.020000000000436557,0.020000000000436557,1,0,5,0,[],False,False
wseg_004240,,,,,26177,26187,11,11,0,10980.86,10983.78,2.9200000000000728,,0.09999999999854481,0.09999999999854481,1,0,11,0,[],False,False
wseg_004241,,,,,26188,26211,24,24,0,10983.88,10990.7,6.820000000001528,,0.09999999999854481,0.09999999999854481,1,0,24,0,[],False,False
wseg_004242,,,,,26212,26223,12,12,0,10990.8,10994.34,3.540000000000873,,0.42000000000007276,0.5,2,0,12,0,[],False,False
wseg_004243,,,,,26224,26243,20,20,0,10994.76,11001.2,6.440000000000509,,0.0,0.0,0,0,20,0,[],False,False
wseg_004244,,,,,26244,26248,5,5,0,11001.2,11002.14,0.9399999999986903,,0.4399999999986903,0.47999999999774445,2,0,5,0,[],False,False
wseg_004245,,,,,26249,26270,22,22,0,11002.579999999998,11011.52,8.940000000002328,,0.42000000000007276,0.42000000000007276,1,0,22,0,[],False,False
wseg_004246,,,,,26271,26272,2,2,0,11011.94,11012.54,0.6000000000003638,,0.5,0.5,1,0,2,0,[],False,False
wseg_004247,,,,,26273,26283,11,11,0,11013.04,11015.26,2.219999999999345,,0.05999999999949068,0.05999999999949068,1,0,11,0,[],False,False
wseg_004248,,,,,26284,26304,21,21,0,11015.32,11019.4,4.079999999999927,,0.05999999999949068,0.05999999999949068,1,0,21,0,[],False,False
wseg_004249,,,,,26305,26321,17,17,0,11019.46,11023.96,4.5,,0.06000000000130967,0.06000000000130967,1,0,17,0,[],False,False
wseg_004250,,,,,26322,26341,20,20,0,11024.02,11029.02,5.0,,0.07999999999992724,0.07999999999992724,1,0,20,0,[],False,False
wseg_004251,,,,,26342,26354,13,13,0,11029.1,11030.98,1.8799999999991996,,1.180000000000291,1.180000000000291,1,0,13,0,[],False,False
wseg_004252,,,,,26355,26358,4,4,0,11032.16,11033.7,1.5400000000008731,,0.0,0.0,0,0,4,0,[],False,False
wseg_004253,,,,,26359,26372,14,14,0,11033.7,11037.16,3.459999999999127,,1.0,1.0,1,0,14,0,[],False,False
wseg_004254,,,,,26373,26390,18,18,0,11038.16,11046.74,8.579999999999927,,0.3000000000010914,0.4600000000009459,2,0,18,0,[],False,False
wseg_004255,,,,,26391,26401,11,11,0,11047.04,11050.34,3.2999999999992724,,2.1200000000008004,2.1200000000008004,1,0,11,0,[],False,False
wseg_004256,,,,,26402,26434,33,33,0,11052.460000000001,11060.96,8.499999999998181,,0.2400000000016007,0.3400000000019645,3,0,33,0,[],False,False
wseg_004257,,,,,26435,26442,8,8,0,11061.2,11062.04,0.8400000000001455,,0.11999999999898137,0.11999999999898137,1,0,8,0,[],False,False
wseg_004258,,,,,26443,26453,11,11,0,11062.16,11063.26,1.1000000000003638,,0.6399999999994179,0.6399999999994179,1,0,11,0,[],False,False
wseg_004259,,,,,26454,26478,25,25,0,11063.9,11071.72,7.819999999999709,,0.2000000000007276,0.2400000000016007,2,0,25,0,[],False,False
wseg_004260,,,,,26479,26497,19,19,0,11071.72,11075.8,4.079999999999927,,0.680000000000291,0.680000000000291,1,0,19,0,[],False,False
wseg_004261,,,,,26498,26513,16,16,0,11076.48,11080.66,4.180000000000291,,0.6000000000003638,0.8600000000005821,2,0,16,0,[],False,False
wseg_004262,,,,,26514,26537,24,24,0,11081.26,11088.26,7.0,,0.039999999999054126,0.039999999999054126,1,0,24,0,[],False,False
wseg_004263,,,,,26538,26561,24,24,0,11088.3,11091.92,3.6200000000008004,,0.23999999999978172,0.3600000000005821,4,0,24,0,[],False,False
wseg_004264,,,,,26562,26587,26,26,0,11092.16,11099.9,7.739999999999782,,0.18000000000029104,0.2000000000007276,2,0,26,0,[],False,False
wseg_004265,,,,,26588,26603,16,16,0,11099.9,11103.94,4.040000000000873,,0.5399999999990541,0.7199999999993452,2,0,16,0,[],False,False
wseg_004266,,,,,26604,26626,23,23,0,11104.48,11111.32,6.8400000000001455,,1.3000000000010914,1.5200000000004366,3,0,23,0,[],False,False
wseg_004267,,,,,26627,26652,26,26,0,11112.62,11120.24,7.619999999998981,,1.9200000000000728,1.9200000000000728,1,0,26,0,[],False,False
wseg_004268,,,,,26653,26679,27,27,0,11122.16,11130.82,8.659999999999854,,0.4400000000005093,1.0400000000008731,5,0,27,0,[],False,False
wseg_004269,,,,,26680,26696,17,17,0,11131.26,11134.56,3.2999999999992724,,0.5600000000013097,0.7000000000007276,2,0,17,0,[],False,False
wseg_004270,,,,,26697,26729,33,33,0,11135.12,11147.18,12.05999999999949,,0.42000000000007276,0.42000000000007276,1,0,33,0,[],False,False
wseg_004271,,,,,26730,26742,13,13,0,11147.6,11151.02,3.4200000000000728,,0.0,0.0,0,0,13,0,[],False,False
wseg_004272,,,,,26743,26758,16,16,0,11151.02,11154.8,3.779999999998836,,0.8800000000010186,1.2200000000011642,2,0,16,0,[],False,False
wseg_004273,,,,,26759,26784,26,26,0,11155.68,11165.38,9.699999999998909,,0.040000000000873115,0.040000000000873115,1,0,26,0,[],False,False
wseg_004274,,,,,26785,26801,17,17,0,11165.42,11168.9,3.4799999999995634,,0.38000000000101863,0.6200000000008004,3,0,17,0,[],False,False
wseg_004275,,,,,26802,26822,21,21,0,11169.28,11172.7,3.4200000000000728,,0.2599999999983993,0.41999999999825377,3,0,21,0,[],False,False
wseg_004276,,,,,26823,26844,22,22,0,11172.96,11181.0,8.040000000000873,,0.020000000000436557,0.020000000000436557,1,0,22,0,[],False,False
wseg_004277,,,,,26845,26852,8,8,0,11181.02,11183.26,2.2399999999997817,,0.0,0.0,0,0,8,0,[],False,False
wseg_004278,,,,,26853,26861,9,9,0,11183.26,11185.24,1.9799999999995634,,1.5400000000008731,1.5800000000017462,2,0,9,0,[],False,False
wseg_004279,,,,,26862,26870,9,9,0,11186.78,11189.78,3.0,,1.6199999999989814,1.639999999999418,2,0,9,0,[],False,False
wseg_004280,,,,,26871,26874,4,4,0,11191.4,11192.44,1.0400000000008731,,0.15999999999985448,0.15999999999985448,1,0,4,0,[],False,False
wseg_004281,,,,,26875,26879,5,5,0,11192.6,11195.56,2.959999999999127,,2.0200000000004366,2.040000000000873,2,0,5,0,[],False,False
wseg_004282,,,,,26880,26897,18,18,0,11197.58,11204.02,6.440000000000509,,0.7799999999988358,0.8600000000005821,2,0,18,0,[],False,False
wseg_004283,,,,,26898,26916,19,19,0,11204.8,11208.22,3.4200000000000728,,0.1999999999989086,0.42000000000007276,3,0,19,0,[],False,False
wseg_004284,,,,,26917,26927,11,11,0,11208.36,11210.3,1.9399999999986903,,0.0,0.0,0,0,11,0,[],False,False
wseg_004285,,,,,26928,26934,7,7,0,11210.3,11210.96,0.6599999999998545,,0.0,0.0,0,0,7,0,[],False,False
wseg_004286,,,,,26935,26949,15,15,0,11210.96,11214.3,3.3400000000001455,,0.2400000000016007,0.3999999999996362,3,0,15,0,[],False,False
wseg_004287,,,,,26950,26974,25,25,0,11214.54,11221.32,6.779999999998836,,0.5800000000017462,0.5800000000017462,1,0,25,0,[],False,False
wseg_004288,,,,,26975,26999,25,25,0,11221.900000000001,11230.3,8.399999999997817,,0.18000000000029104,0.42000000000007276,4,0,25,0,[],False,False
wseg_004289,,,,,27000,27007,8,8,0,11230.48,11231.54,1.0600000000013097,,0.0,0.0,0,0,8,0,[],False,False
wseg_004290,,,,,27008,27020,13,13,0,11231.54,11235.64,4.099999999998545,,0.0,0.0,0,0,13,0,[],False,False
wseg_004291,,,,,27021,27041,21,21,0,11235.64,11240.94,5.300000000001091,,0.17999999999847205,0.2599999999983993,3,0,21,0,[],False,False
wseg_004292,,,,,27042,27067,26,26,0,11240.96,11247.74,6.780000000000655,,0.15999999999985448,0.42000000000007276,4,0,26,0,[],False,False
wseg_004293,,,,,27068,27076,9,9,0,11247.9,11249.94,2.040000000000873,,0.06000000000130967,0.06000000000130967,1,0,9,0,[],False,False
wseg_004294,,,,,27077,27093,17,17,0,11249.94,11253.82,3.8799999999991996,,0.4600000000009459,0.7200000000011642,4,0,17,0,[],False,False
wseg_004295,,,,,27094,27115,22,22,0,11254.28,11260.36,6.079999999999927,,0.13999999999941792,0.17999999999847205,2,0,22,0,[],False,False
wseg_004296,,,,,27116,27125,10,10,0,11260.36,11262.3,1.9399999999986903,,0.2400000000016007,0.2800000000024738,2,0,10,0,[],False,False
wseg_004297,,,,,27126,27126,1,1,0,11262.54,11262.88,0.33999999999832653,,0.16000000000167347,0.16000000000167347,1,0,1,0,[],False,False
wseg_004298,,,,,27127,27132,6,6,0,11263.04,11265.08,2.039999999999054,,0.1000000000003638,0.1000000000003638,1,0,6,0,[],False,False
wseg_004299,,,,,27133,27136,4,4,0,11265.08,11266.1,1.0200000000004366,,0.7600000000002183,0.7600000000002183,1,0,4,0,[],False,False
wseg_004300,,,,,27137,27147,11,11,0,11266.86,11270.48,3.6199999999989814,,0.8600000000005821,0.8600000000005821,1,0,11,0,[],False,False
wseg_004301,,,,,27148,27163,16,16,0,11271.34,11275.2,3.860000000000582,,0.039999999999054126,0.059999999997671694,2,0,16,0,[],False,False
wseg_004302,,,,,27164,27172,9,9,0,11275.22,11279.5,4.280000000000655,,0.020000000000436557,0.020000000000436557,1,0,9,0,[],False,False
wseg_004303,,,,,27173,27194,22,22,0,11279.52,11285.16,5.639999999999418,,0.2999999999992724,0.499999999998181,4,0,22,0,[],False,False
wseg_004304,,,,,27195,27209,15,15,0,11285.46,11292.0,6.540000000000873,,0.15999999999985448,0.4599999999991269,4,0,15,0,[],False,False
wseg_004305,,,,,27210,27218,9,9,0,11292.14,11295.24,3.100000000000364,,0.0,0.0,0,0,9,0,[],False,False
wseg_004306,,,,,27219,27239,21,21,0,11295.24,11300.7,5.460000000000946,,0.2599999999983993,0.5599999999976717,3,0,21,0,[],False,False
wseg_004307,,,,,27240,27248,9,9,0,11300.96,11303.28,2.320000000001528,,0.27999999999883585,0.27999999999883585,1,0,9,0,[],False,False
wseg_004308,,,,,27249,27256,8,8,0,11303.56,11306.48,2.9200000000000728,,0.020000000000436557,0.020000000000436557,1,0,8,0,[],False,False
wseg_004309,,,,,27257,27272,16,16,0,11306.5,11312.16,5.6599999999998545,,0.42000000000007276,0.5200000000004366,2,0,16,0,[],False,False
wseg_004310,,,,,27273,27282,10,10,0,11312.58,11315.12,2.540000000000873,,0.11999999999898137,0.11999999999898137,1,0,10,0,[],False,False
wseg_004311,,,,,27283,27300,18,18,0,11315.24,11319.76,4.520000000000437,,0.12000000000080036,0.2400000000016007,3,0,18,0,[],False,False
wseg_004312,,,,,27301,27309,9,9,0,11319.84,11322.62,2.780000000000655,,0.17999999999847205,0.17999999999847205,1,0,9,0,[],False,False
wseg_004313,,,,,27310,27329,20,20,0,11322.8,11327.78,4.980000000001382,,3.179999999998472,3.179999999998472,1,0,20,0,[],False,False
wseg_004314,,,,,27330,27341,12,12,0,11330.96,11333.06,2.100000000000364,,0.0,0.0,0,0,12,0,[],False,False
wseg_004315,,,,,27342,27352,11,11,0,11333.06,11336.84,3.780000000000655,,0.07999999999992724,0.07999999999992724,1,0,11,0,[],False,False
wseg_004316,,,,,27353,27368,16,16,0,11336.92,11341.04,4.1200000000008,,0.13999999999941792,0.1999999999989086,2,0,16,0,[],False,False
wseg_004317,,,,,27369,27378,10,10,0,11341.04,11347.36,6.319999999999709,,0.2600000000002183,0.7000000000007276,3,0,10,0,[],False,False
wseg_004318,,,,,27379,27387,9,9,0,11347.6,11350.26,2.6599999999998545,,0.1000000000003638,0.2000000000007276,2,0,9,0,[],False,False
wseg_004319,,,,,27388,27408,21,21,0,11350.36,11356.14,5.779999999998836,,0.020000000000436557,0.020000000000436557,1,0,21,0,[],False,False
wseg_004320,,,,,27409,27426,18,18,0,11356.16,11360.64,4.479999999999563,,2.6200000000008004,2.9200000000000728,3,0,18,0,[],False,False
wseg_004321,,,,,27427,27440,14,14,0,11363.26,11366.18,2.9200000000000728,,0.12000000000080036,0.2000000000007276,3,0,14,0,[],False,False
wseg_004322,,,,,27441,27461,21,21,0,11366.18,11370.06,3.8799999999991996,,0.2000000000007276,0.3600000000005821,3,0,21,0,[],False,False
wseg_004323,,,,,27462,27465,4,4,0,11370.26,11372.04,1.7800000000006548,,0.040000000000873115,0.040000000000873115,1,0,4,0,[],False,False
wseg_004324,,,,,27466,27469,4,4,0,11372.04,11372.84,0.7999999999992724,,0.11999999999898137,0.11999999999898137,1,0,4,0,[],False,False
wseg_004325,,,,,27470,27473,4,4,0,11372.96,11373.6,0.6400000000012369,,2.8400000000019645,2.900000000003274,2,0,4,0,[],False,False
wseg_004326,,,,,27474,27479,6,6,0,11376.440000000002,11377.68,1.2399999999979627,,1.2399999999997817,1.3799999999991996,2,0,6,0,[],False,False
wseg_004327,,,,,27480,27484,5,5,0,11378.92,11380.12,1.2000000000007276,,1.4200000000000728,1.5400000000008731,3,0,5,0,[],False,False
wseg_004328,,,,,27485,27501,17,17,0,11381.54,11385.92,4.3799999999992,,1.1000000000021828,1.2200000000029831,2,0,17,0,[],False,False
wseg_004329,,,,,27502,27513,12,12,0,11387.020000000002,11390.5,3.4799999999977445,,0.4599999999991269,0.499999999998181,2,0,12,0,[],False,False
wseg_004330,,,,,27514,27525,12,12,0,11390.96,11394.44,3.4800000000013824,,0.9600000000009459,1.0200000000004366,2,0,12,0,[],False,False
wseg_004331,,,,,27526,27536,11,11,0,11395.400000000001,11399.0,3.599999999998545,,0.3400000000001455,0.3600000000005821,2,0,11,0,[],False,False
wseg_004332,,,,,27537,27547,11,11,0,11399.34,11401.7,2.360000000000582,,0.4399999999986903,0.4399999999986903,1,0,11,0,[],False,False
wseg_004333,,,,,27548,27561,14,14,0,11402.14,11405.64,3.5,,0.32000000000152795,0.5400000000008731,3,0,14,0,[],False,False
wseg_004334,,,,,27562,27572,11,11,0,11405.960000000001,11408.02,2.0599999999994907,,0.07999999999992724,0.13999999999941792,2,0,11,0,[],False,False
wseg_004335,,,,,27573,27582,10,10,0,11408.1,11410.1,2.0,,0.13999999999941792,0.1599999999980355,2,0,10,0,[],False,False
wseg_004336,,,,,27583,27589,7,7,0,11410.24,11412.3,2.0599999999994907,,0.3600000000005821,0.3600000000005821,1,0,7,0,[],False,False
wseg_004337,,,,,27590,27601,12,12,0,11412.66,11415.6,2.9400000000005093,,0.040000000000873115,0.040000000000873115,1,0,12,0,[],False,False
wseg_004338,,,,,27602,27612,11,11,0,11415.6,11418.6,3.0,,0.05999999999949068,0.09999999999854481,2,0,11,0,[],False,False
wseg_004339,,,,,27613,27622,10,10,0,11418.66,11420.6,1.9400000000005093,,0.3599999999987631,0.4399999999986903,3,0,10,0,[],False,False
wseg_004340,,,,,27623,27636,14,14,0,11420.96,11425.68,4.720000000001164,,0.1000000000003638,0.28000000000065484,4,0,14,0,[],False,False
wseg_004341,,,,,27637,27644,8,8,0,11425.74,11427.76,2.0200000000004366,,0.1000000000003638,0.1000000000003638,1,0,8,0,[],False,False
wseg_004342,,,,,27645,27659,15,15,0,11427.86,11433.72,5.859999999998763,,0.0,0.0,0,0,15,0,[],False,False
wseg_004343,,,,,27660,27670,11,11,0,11433.72,11437.94,4.220000000001164,,0.05999999999949068,0.05999999999949068,1,0,11,0,[],False,False
wseg_004344,,,,,27671,27679,9,9,0,11437.94,11440.28,2.3400000000001455,,1.0399999999990541,1.0399999999990541,1,0,9,0,[],False,False
wseg_004345,,,,,27680,27688,9,9,0,11441.32,11444.22,2.899999999999636,,0.22000000000116415,0.22000000000116415,1,0,9,0,[],False,False
wseg_004346,,,,,27689,27702,14,14,0,11444.44,11448.0,3.5599999999994907,,0.12000000000080036,0.2400000000016007,4,0,14,0,[],False,False
wseg_004347,,,,,27703,27716,14,14,0,11448.04,11450.18,2.139999999999418,,0.7799999999988358,0.8599999999987631,2,0,14,0,[],False,False
wseg_004348,,,,,27717,27724,8,8,0,11450.96,11454.54,3.5800000000017462,,0.8400000000001455,0.8400000000001455,1,0,8,0,[],False,False
wseg_004349,,,,,27725,27733,9,9,0,11455.380000000001,11458.76,3.3799999999991996,,0.0,0.0,0,0,9,0,[],False,False
wseg_004350,,,,,27734,27746,13,13,0,11458.76,11462.54,3.780000000000655,,0.2000000000007276,0.2000000000007276,1,0,13,0,[],False,False
wseg_004351,,,,,27747,27756,10,10,0,11462.54,11464.9,2.359999999998763,,0.0,0.0,0,0,10,0,[],False,False
wseg_004352,,,,,27757,27768,12,12,0,11464.9,11470.02,5.1200000000008,,0.16000000000167347,0.18000000000029104,2,0,12,0,[],False,False
wseg_004353,,,,,27769,27778,10,10,0,11470.02,11473.08,3.0599999999994907,,0.1000000000003638,0.23999999999978172,3,0,10,0,[],False,False
wseg_004354,,,,,27779,27785,7,7,0,11473.14,11477.38,4.239999999999782,,2.5200000000022555,2.5200000000022555,1,0,7,0,[],False,False
wseg_004355,,,,,27786,27787,2,2,0,11479.900000000001,11480.7,0.7999999999992724,,0.2599999999983993,0.2599999999983993,1,0,2,0,[],False,False
wseg_004356,,,,,27788,27799,12,12,0,11480.96,11485.32,4.360000000000582,,0.4000000000014552,0.4000000000014552,1,0,12,0,[],False,False
wseg_004357,,,,,27800,27813,14,14,0,11485.720000000001,11488.96,3.2399999999979627,,0.0,0.0,0,0,14,0,[],False,False
wseg_004358,,,,,27814,27823,10,10,0,11488.96,11493.0,4.040000000000873,,0.31999999999970896,0.31999999999970896,1,0,10,0,[],False,False
wseg_004359,,,,,27824,27832,9,9,0,11493.32,11497.34,4.020000000000437,,0.28000000000065484,0.3000000000010914,2,0,9,0,[],False,False
wseg_004360,,,,,27833,27847,15,15,0,11497.34,11500.74,3.399999999999636,,0.0,0.0,0,0,15,0,[],False,False
wseg_004361,,,,,27848,27862,15,15,0,11500.74,11503.8,3.0599999999994907,,0.4000000000014552,0.4800000000032014,3,0,15,0,[],False,False
wseg_004362,,,,,27863,27876,14,14,0,11504.2,11509.46,5.259999999998399,,0.06000000000130967,0.1000000000003638,2,0,14,0,[],False,False
wseg_004363,,,,,27877,27883,7,7,0,11509.52,11510.9,1.3799999999991996,,0.07999999999992724,0.13999999999941792,2,0,7,0,[],False,False
wseg_004364,,,,,27884,27893,10,10,0,11510.96,11514.6,3.640000000001237,,0.0,0.0,0,0,10,0,[],False,False
wseg_004365,,,,,27894,27897,4,4,0,11514.6,11515.16,0.5599999999994907,,0.12000000000080036,0.12000000000080036,1,0,4,0,[],False,False
wseg_004366,,,,,27898,27910,13,13,0,11515.28,11518.4,3.1199999999989814,,1.5200000000004366,1.6199999999989814,3,0,13,0,[],False,False
wseg_004367,,,,,27911,27924,14,14,0,11519.92,11525.06,5.139999999999418,,0.0,0.0,0,0,14,0,[],False,False
wseg_004368,,,,,27925,27933,9,9,0,11525.06,11526.96,1.8999999999996362,,0.5200000000004366,0.6000000000003638,2,0,9,0,[],False,False
wseg_004369,,,,,27934,27945,12,12,0,11527.48,11532.24,4.760000000000218,,0.0,0.0,0,0,12,0,[],False,False
wseg_004370,,,,,27946,27957,12,12,0,11532.24,11536.5,4.260000000000218,,0.05999999999949068,0.1000000000003638,2,0,12,0,[],False,False
wseg_004371,,,,,27958,27970,13,13,0,11536.5,11540.78,4.280000000000655,,0.06000000000130967,0.06000000000130967,1,0,13,0,[],False,False
wseg_004372,,,,,27971,27985,15,15,0,11540.78,11544.32,3.539999999999054,,0.0,0.0,0,0,15,0,[],False,False
wseg_004373,,,,,27986,27997,12,12,0,11544.32,11549.04,4.720000000001164,,0.13999999999941792,0.13999999999941792,1,0,12,0,[],False,False
wseg_004374,,,,,27998,28013,16,16,0,11549.18,11552.8,3.6199999999989814,,0.7000000000007276,0.9800000000013824,4,0,16,0,[],False,False
wseg_004375,,,,,28014,28030,17,17,0,11553.5,11557.74,4.239999999999782,,0.11999999999898137,0.15999999999985448,2,0,17,0,[],False,False
wseg_004376,,,,,28031,28050,20,20,0,11557.74,11562.96,5.219999999999345,,0.0,0.0,0,0,20,0,[],False,False
wseg_004377,,,,,28051,28055,5,5,0,11562.96,11565.06,2.100000000000364,,1.5600000000013097,1.7800000000024738,3,0,5,0,[],False,False
wseg_004378,,,,,28056,28056,1,1,0,11566.62,11566.94,0.31999999999970896,,0.3400000000001455,0.3400000000001455,1,0,1,0,[],False,False
wseg_004379,,,,,28057,28057,1,1,0,11567.28,11567.6,0.31999999999970896,,1.4200000000000728,1.4200000000000728,1,0,1,0,[],False,False
wseg_004380,,,,,28058,28070,13,13,0,11569.02,11570.76,1.7399999999997817,,0.0,0.0,0,0,13,0,[],False,False
wseg_004381,,,,,28071,28088,18,18,0,11570.76,11573.26,2.5,,0.020000000000436557,0.020000000000436557,1,0,18,0,[],False,False
wseg_004382,,,,,28089,28100,12,12,0,11573.26,11575.96,2.6999999999989086,,0.12000000000080036,0.16000000000167347,2,0,12,0,[],False,False
wseg_004383,,,,,28101,28119,19,19,0,11576.08,11580.16,4.079999999999927,,0.06000000000130967,0.1000000000003638,2,0,19,0,[],False,False
wseg_004384,,,,,28120,28133,14,14,0,11580.16,11584.84,4.680000000000291,,0.23999999999978172,0.42000000000007276,3,0,14,0,[],False,False
wseg_004385,,,,,28134,28149,16,16,0,11584.84,11587.94,3.100000000000364,,0.07999999999992724,0.18000000000029104,3,0,16,0,[],False,False
wseg_004386,,,,,28150,28169,20,20,0,11587.94,11591.52,3.5799999999999272,,0.15999999999985448,0.21999999999934516,2,0,20,0,[],False,False
wseg_004387,,,,,28170,28187,18,18,0,11591.68,11595.92,4.239999999999782,,0.05999999999949068,0.05999999999949068,1,0,18,0,[],False,False
wseg_004388,,,,,28188,28205,18,18,0,11595.92,11600.5,4.579999999999927,,0.2600000000002183,0.3400000000001455,2,0,18,0,[],False,False
wseg_004389,,,,,28206,28207,2,2,0,11600.76,11601.44,0.680000000000291,,0.3999999999996362,0.3999999999996362,1,0,2,0,[],False,False
wseg_004390,,,,,28208,28224,17,17,0,11601.84,11607.56,5.719999999999345,,0.18000000000029104,0.18000000000029104,1,0,17,0,[],False,False
wseg_004391,,,,,28225,28239,15,15,0,11607.56,11612.22,4.6599999999998545,,0.2000000000007276,0.23999999999978172,2,0,15,0,[],False,False
wseg_004392,,,,,28240,28256,17,17,0,11612.22,11617.02,4.800000000001091,,0.2599999999983993,0.2599999999983993,1,0,17,0,[],False,False
wseg_004393,,,,,28257,28268,12,12,0,11617.02,11620.94,3.9200000000000728,,0.1999999999989086,0.3599999999987631,4,0,12,0,[],False,False
wseg_004394,,,,,28269,28287,19,19,0,11621.14,11624.5,3.360000000000582,,0.12000000000080036,0.3000000000029104,4,0,19,0,[],False,False
wseg_004395,,,,,28288,28302,15,15,0,11624.62,11630.72,6.099999999998545,,0.2999999999992724,0.3400000000001455,2,0,15,0,[],False,False
wseg_004396,,,,,28303,28315,13,13,0,11630.76,11633.56,2.7999999999992724,,1.5200000000004366,1.6000000000003638,2,0,13,0,[],False,False
wseg_004397,,,,,28316,28322,7,7,0,11635.08,11636.68,1.6000000000003638,,2.780000000000655,2.780000000000655,1,0,7,0,[],False,False
wseg_004398,,,,,28323,28330,8,8,0,11639.460000000001,11642.6,3.139999999999418,,0.12000000000080036,0.27999999999883585,3,0,8,0,[],False,False
wseg_004399,,,,,28331,28345,15,15,0,11642.64,11645.9,3.2600000000002183,,0.8000000000010914,0.9600000000009459,4,0,15,0,[],False,False
wseg_004400,,,,,28346,28360,15,15,0,11646.7,11650.0,3.2999999999992724,,0.039999999999054126,0.05999999999949068,2,0,15,0,[],False,False
wseg_004401,,,,,28361,28365,5,5,0,11650.0,11651.64,1.639999999999418,,0.5200000000004366,0.5200000000004366,1,0,5,0,[],False,False
wseg_004402,,,,,28366,28382,17,17,0,11652.16,11655.54,3.3800000000010186,,0.07999999999992724,0.07999999999992724,1,0,17,0,[],False,False
wseg_004403,,,,,28383,28384,2,2,0,11655.54,11656.46,0.9199999999982538,,0.32000000000152795,0.32000000000152795,1,0,2,0,[],False,False
wseg_004404,,,,,28385,28395,11,11,0,11656.78,11660.74,3.959999999999127,,0.020000000000436557,0.020000000000436557,1,0,11,0,[],False,False
wseg_004405,,,,,28396,28411,16,16,0,11660.76,11663.92,3.1599999999998545,,0.679999999998472,0.6999999999970896,2,0,16,0,[],False,False
wseg_004406,,,,,28412,28424,13,13,0,11664.599999999999,11669.22,4.6200000000008,,0.23999999999978172,0.4400000000005093,2,0,13,0,[],False,False
wseg_004407,,,,,28425,28440,16,16,0,11669.42,11673.98,4.559999999999491,,0.0,0.0,0,0,16,0,[],False,False
wseg_004408,,,,,28441,28445,5,5,0,11673.98,11675.86,1.8800000000010186,,0.019999999998617568,0.019999999998617568,1,0,5,0,[],False,False
wseg_004409,,,,,28446,28461,16,16,0,11675.88,11679.68,3.8000000000010914,,0.15999999999985448,0.17999999999847205,2,0,16,0,[],False,False
wseg_004410,,,,,28462,28480,19,19,0,11679.68,11684.06,4.3799999999992,,0.040000000000873115,0.06000000000130967,2,0,19,0,[],False,False
wseg_004411,,,,,28481,28494,14,14,0,11684.08,11690.32,6.239999999999782,,0.0,0.0,0,0,14,0,[],False,False
wseg_004412,,,,,28495,28497,3,3,0,11690.32,11690.74,0.42000000000007276,,0.020000000000436557,0.020000000000436557,1,0,3,0,[],False,False
wseg_004413,,,,,28498,28514,17,17,0,11690.76,11696.2,5.440000000000509,,0.05999999999949068,0.05999999999949068,1,0,17,0,[],False,False
wseg_004414,,,,,28515,28530,16,16,0,11696.2,11701.8,5.599999999998545,,0.1000000000003638,0.1400000000012369,2,0,16,0,[],False,False
wseg_004415,,,,,28531,28548,18,18,0,11701.8,11705.62,3.820000000001528,,0.039999999999054126,0.039999999999054126,1,0,18,0,[],False,False
wseg_004416,,,,,28549,28565,17,17,0,11705.66,11710.04,4.380000000001019,,0.020000000000436557,0.020000000000436557,1,0,17,0,[],False,False
wseg_004417,,,,,28566,28573,8,8,0,11710.04,11711.78,1.7399999999997817,,0.039999999999054126,0.039999999999054126,1,0,8,0,[],False,False
wseg_004418,,,,,28574,28591,18,18,0,11711.82,11716.84,5.020000000000437,,0.4600000000009459,0.4600000000009459,1,0,18,0,[],False,False
wseg_004419,,,,,28592,28606,15,15,0,11717.300000000001,11720.64,3.3399999999983265,,0.12000000000080036,0.15999999999985448,2,0,15,0,[],False,False
wseg_004420,,,,,28607,28622,16,16,0,11720.76,11725.7,4.940000000000509,,0.07999999999992724,0.07999999999992724,1,0,16,0,[],False,False
wseg_004421,,,,,28623,28635,13,13,0,11725.7,11729.88,4.179999999998472,,0.0,0.0,0,0,13,0,[],False,False
wseg_004422,,,,,28636,28636,1,1,0,11729.88,11730.28,0.4000000000014552,,0.1999999999989086,0.1999999999989086,1,0,1,0,[],False,False
wseg_004423,,,,,28637,28655,19,19,0,11730.48,11733.68,3.2000000000007276,,0.020000000000436557,0.020000000000436557,1,0,19,0,[],False,False
wseg_004424,,,,,28656,28672,17,17,0,11733.7,11738.48,4.779999999998836,,0.06000000000130967,0.06000000000130967,1,0,17,0,[],False,False
wseg_004425,,,,,28673,28684,12,12,0,11738.48,11740.9,2.4200000000000728,,0.12000000000080036,0.1400000000012369,2,0,12,0,[],False,False
wseg_004426,,,,,28685,28691,7,7,0,11741.02,11743.28,2.2600000000002183,,0.27999999999883585,0.31999999999970896,3,0,7,0,[],False,False
wseg_004427,,,,,28692,28706,15,15,0,11743.56,11747.48,3.9200000000000728,,0.0,0.0,0,0,15,0,[],False,False
wseg_004428,,,,,28707,28709,3,3,0,11747.48,11748.26,0.7800000000006548,,2.5,2.5,1,0,3,0,[],False,False
wseg_004429,,,,,28710,28729,20,20,0,11750.76,11753.54,2.780000000000655,,0.039999999999054126,0.05999999999949068,2,0,20,0,[],False,False
wseg_004430,,,,,28730,28747,18,18,0,11753.54,11759.62,6.079999999999927,,0.040000000000873115,0.06000000000130967,2,0,18,0,[],False,False
wseg_004431,,,,,28748,28764,17,17,0,11759.62,11762.64,3.0199999999986176,,0.0,0.0,0,0,17,0,[],False,False
wseg_004432,,,,,28765,28765,1,1,0,11762.64,11762.98,0.3400000000001455,,0.7600000000002183,0.7600000000002183,1,0,1,0,[],False,False
wseg_004433,,,,,28766,28766,1,1,0,11763.74,11764.02,0.28000000000065484,,2.2399999999997817,2.2399999999997817,1,1,1,0,[],False,False
wseg_004434,,,,,28767,28775,9,9,0,11766.26,11769.38,3.1199999999989814,,0.09999999999854481,0.09999999999854481,1,0,9,0,[],False,False
wseg_004435,,,,,28776,28792,17,17,0,11769.38,11773.74,4.360000000000582,,0.9799999999995634,1.1200000000008004,2,0,17,0,[],False,False
wseg_004436,,,,,28793,28809,17,17,0,11774.72,11780.68,5.960000000000946,,0.09999999999854481,0.27999999999701686,4,0,17,0,[],False,False
wseg_004437,,,,,28810,28823,14,14,0,11780.76,11787.06,6.299999999999272,,0.15999999999985448,0.1999999999989086,2,0,14,0,[],False,False
wseg_004438,,,,,28824,28840,17,17,0,11787.06,11791.24,4.180000000000291,,0.06000000000130967,0.15999999999985448,3,0,17,0,[],False,False
wseg_004439,,,,,28841,28857,17,17,0,11791.24,11796.92,5.680000000000291,,0.07999999999992724,0.1000000000003638,2,0,17,0,[],False,False
wseg_004440,,,,,28858,28860,3,3,0,11796.94,11797.34,0.3999999999996362,,0.11999999999898137,0.11999999999898137,1,0,3,0,[],False,False
wseg_004441,,,,,28861,28879,19,19,0,11797.46,11802.44,4.980000000001382,,0.15999999999985448,0.18000000000029104,2,0,19,0,[],False,False
wseg_004442,,,,,28880,28885,6,6,0,11802.44,11803.8,1.359999999998763,,0.38000000000101863,0.6599999999998545,3,0,6,0,[],False,False
wseg_004443,,,,,28886,28901,16,16,0,11804.18,11809.86,5.680000000000291,,1.0599999999994907,1.2600000000002183,2,0,16,0,[],False,False
wseg_004444,,,,,28902,28920,19,19,0,11810.92,11816.56,5.639999999999418,,0.0,0.0,0,0,19,0,[],False,False
wseg_004445,,,,,28921,28938,18,18,0,11816.56,11819.82,3.2600000000002183,,1.6000000000003638,1.9200000000000728,3,0,18,0,[],False,False
wseg_004446,,,,,28939,28962,24,24,0,11821.42,11825.92,4.5,,0.15999999999985448,0.15999999999985448,1,0,24,0,[],False,False
wseg_004447,,,,,28963,28985,23,23,0,11826.08,11830.4,4.319999999999709,,0.3000000000010914,0.500000000003638,4,0,23,0,[],False,False
wseg_004448,,,,,28986,29007,22,22,0,11830.7,11836.8,6.099999999998545,,0.1000000000003638,0.1400000000012369,2,0,22,0,[],False,False
wseg_004449,,,,,29008,29023,16,16,0,11836.8,11840.42,3.6200000000008004,,0.7399999999979627,0.9399999999986903,3,0,16,0,[],False,False
wseg_004450,,,,,29024,29048,25,25,0,11841.159999999998,11845.3,4.140000000001237,,0.040000000000873115,0.040000000000873115,1,0,25,0,[],False,False
wseg_004451,,,,,29049,29057,9,9,0,11845.3,11847.54,2.2400000000016007,,0.31999999999970896,0.31999999999970896,1,0,9,0,[],False,False
wseg_004452,,,,,29058,29073,16,16,0,11847.86,11851.54,3.680000000000291,,0.13999999999941792,0.3999999999959982,4,0,16,0,[],False,False
wseg_004453,,,,,29074,29092,19,19,0,11851.68,11857.28,5.600000000000364,,0.0,0.0,0,0,19,0,[],False,False
wseg_004454,,,,,29093,29118,26,26,0,11857.28,11861.36,4.079999999999927,,0.1400000000012369,0.5400000000008731,4,0,26,0,[],False,False
wseg_004455,,,,,29119,29128,10,10,0,11861.5,11863.02,1.5200000000004366,,1.3799999999973807,1.3799999999973807,1,0,10,0,[],False,False
wseg_004456,,,,,29129,29137,9,9,0,11864.399999999998,11868.0,3.600000000002183,,1.0200000000004366,1.0600000000013097,2,0,9,0,[],False,False
wseg_004457,,,,,29138,29146,9,9,0,11869.02,11870.74,1.7199999999993452,,0.05999999999949068,0.07999999999992724,2,0,9,0,[],False,False
wseg_004458,,,,,29147,29157,11,11,0,11870.76,11875.56,4.799999999999272,,0.7800000000006548,0.8800000000010186,2,0,11,0,[],False,False
wseg_004459,,,,,29158,29158,1,1,0,11876.34,11876.74,0.3999999999996362,,14.380000000001019,14.380000000001019,1,0,1,0,[],False,False
wseg_004460,,,,,29159,29162,4,4,0,11891.12,11892.56,1.4399999999986903,,2.360000000000582,2.360000000000582,1,0,4,0,[],False,False
wseg_004461,,,,,29163,29181,19,19,0,11894.92,11899.24,4.319999999999709,,0.38000000000101863,0.5,3,0,19,0,[],False,False
wseg_004462,,,,,29182,29185,4,4,0,11899.62,11900.5,0.8799999999991996,,0.2600000000002183,0.2600000000002183,1,0,4,0,[],False,False
wseg_004463,,,,,29186,29203,18,18,0,11900.76,11906.34,5.579999999999927,,0.6000000000003638,0.6399999999975989,3,0,18,0,[],False,False
wseg_004464,,,,,29204,29216,13,13,0,11906.94,11910.82,3.8799999999991996,,0.13999999999941792,0.13999999999941792,1,0,13,0,[],False,False
wseg_004465,,,,,29217,29228,12,12,0,11910.96,11914.64,3.680000000000291,,0.9800000000013824,0.9800000000013824,1,0,12,0,[],False,False
wseg_004466,,,,,29229,29246,18,18,0,11915.62,11920.16,4.539999999999054,,0.9799999999995634,1.0199999999986176,2,0,18,0,[],False,False
wseg_004467,,,,,29247,29258,12,12,0,11921.14,11927.4,6.260000000000218,,0.0,0.0,0,0,12,0,[],False,False
wseg_004468,,,,,29259,29268,10,10,0,11927.4,11930.54,3.140000000001237,,0.21999999999934516,0.21999999999934516,1,0,10,0,[],False,False
wseg_004469,,,,,29269,29275,7,7,0,11930.76,11933.34,2.5799999999999272,,0.5799999999999272,0.5799999999999272,1,0,7,0,[],False,False
wseg_004470,,,,,29276,29294,19,19,0,11933.92,11940.8,6.8799999999992,,0.1000000000003638,0.1000000000003638,1,0,19,0,[],False,False
wseg_004471,,,,,29295,29296,2,2,0,11940.9,11941.66,0.7600000000002183,,0.5,0.5,1,0,2,0,[],False,False
wseg_004472,,,,,29297,29308,12,12,0,11942.16,11946.68,4.520000000000437,,0.15999999999985448,0.2999999999992724,2,0,12,0,[],False,False
wseg_004473,,,,,29309,29319,11,11,0,11946.82,11949.88,3.0599999999994907,,0.18000000000029104,0.3400000000001455,2,0,11,0,[],False,False
wseg_004474,,,,,29320,29333,14,14,0,11950.06,11955.04,4.980000000001382,,0.039999999999054126,0.039999999999054126,1,0,14,0,[],False,False
wseg_004475,,,,,29334,29345,12,12,0,11955.08,11959.3,4.219999999999345,,0.5400000000008731,0.5400000000008731,1,0,12,0,[],False,False
wseg_004476,,,,,29346,29346,1,1,0,11959.84,11960.36,0.5200000000004366,,0.5399999999990541,0.5399999999990541,1,0,1,0,[],False,False
wseg_004477,,,,,29347,29359,13,13,0,11960.9,11966.3,5.399999999999636,,0.8000000000010914,0.8000000000010914,1,0,13,0,[],False,False
wseg_004478,,,,,29360,29387,28,28,0,11967.1,11973.7,6.600000000000364,,0.12000000000080036,0.15999999999985448,2,0,28,0,[],False,False
wseg_004479,,,,,29388,29414,27,27,0,11973.74,11982.2,8.460000000000946,,0.2599999999983993,0.2599999999983993,1,0,27,0,[],False,False
wseg_004480,,,,,29415,29435,21,21,0,11982.46,11987.0,4.540000000000873,,0.13999999999941792,0.13999999999941792,1,0,21,0,[],False,False
wseg_004481,,,,,29436,29454,19,19,0,11987.0,11993.6,6.600000000000364,,0.6000000000003638,0.9799999999995634,3,0,19,0,[],False,False
wseg_004482,,,,,29455,29475,21,21,0,11994.2,12000.16,5.959999999999127,,0.75,0.8500000000003638,3,0,21,0,[],False,False
wseg_004483,,,,,29476,29489,14,14,0,12000.91,12006.44,5.530000000000655,,0.42000000000007276,0.680000000000291,2,0,14,0,[],False,False
wseg_004484,,,,,29490,29500,11,11,0,12006.7,12010.32,3.6199999999989814,,0.8600000000005821,1.0200000000004366,2,0,11,0,[],False,False
wseg_004485,,,,,29501,29514,14,14,0,12011.18,12016.5,5.319999999999709,,0.7399999999997817,0.7399999999997817,1,0,14,0,[],False,False
wseg_004486,,,,,29515,29518,4,4,0,12017.24,12018.6,1.360000000000582,,0.0,0.0,0,0,4,0,[],False,False
wseg_004487,,,,,29519,29534,16,16,0,12018.6,12024.5,5.899999999999636,,0.020000000000436557,0.020000000000436557,1,0,16,0,[],False,False
wseg_004488,,,,,29535,29539,5,5,0,12024.5,12025.72,1.2199999999993452,,0.4000000000014552,0.4000000000014552,1,0,5,0,[],False,False
wseg_004489,,,,,29540,29541,2,2,0,12026.12,12026.84,0.7199999999993452,,0.4599999999991269,0.4599999999991269,1,0,2,0,[],False,False
wseg_004490,,,,,29542,29562,21,21,0,12027.3,12032.3,5.0,,0.1000000000003638,0.12000000000080036,2,0,21,0,[],False,False
wseg_004491,,,,,29563,29568,6,6,0,12032.4,12033.04,0.6400000000012369,,1.0999999999985448,1.0999999999985448,1,0,6,0,[],False,False
wseg_004492,,,,,29569,29598,30,30,0,12034.14,12046.78,12.640000000001237,,0.47999999999956344,0.9399999999986903,3,0,30,0,[],False,False
wseg_004493,,,,,29599,29633,35,35,0,12047.0,12056.82,9.819999999999709,,0.2600000000002183,0.499999999996362,5,0,35,0,[],False,False
wseg_004494,,,,,29634,29672,39,39,0,12056.9,12071.4,14.5,,0.020000000000436557,0.020000000000436557,1,0,39,0,[],False,False
wseg_004495,,,,,29673,29680,8,8,0,12071.42,12075.58,4.1599999999998545,,1.4200000000000728,1.4200000000000728,1,0,8,0,[],False,False
wseg_004496,,,,,29681,29694,14,14,0,12077.0,12083.32,6.319999999999709,,0.23999999999978172,0.3999999999978172,3,0,14,0,[],False,False
wseg_004497,,,,,29695,29702,8,8,0,12083.56,12086.28,2.720000000001164,,0.0,0.0,0,0,8,0,[],False,False
wseg_004498,,,,,29703,29721,19,19,0,12086.28,12091.42,5.139999999999418,,0.0,0.0,0,0,19,0,[],False,False
wseg_004499,,,,,29722,29734,13,13,0,12091.42,12093.54,2.1200000000008004,,0.07999999999992724,0.07999999999992724,1,0,13,0,[],False,False
wseg_004500,,,,,29735,29755,21,21,0,12093.62,12098.74,5.119999999998981,,0.07999999999992724,0.12000000000080036,2,0,21,0,[],False,False
wseg_004501,,,,,29756,29770,15,15,0,12098.82,12104.96,6.139999999999418,,0.28000000000065484,0.32000000000152795,2,0,15,0,[],False,False
wseg_004502,,,,,29771,29774,4,4,0,12105.24,12106.58,1.3400000000001455,,0.42000000000007276,0.42000000000007276,1,0,4,0,[],False,False
wseg_004503,,,,,29775,29796,22,22,0,12107.0,12114.94,7.940000000000509,,0.12000000000080036,0.18000000000029104,2,0,22,0,[],False,False
wseg_004504,,,,,29797,29820,24,24,0,12115.0,12120.54,5.540000000000873,,0.12000000000080036,0.21999999999934516,2,0,24,0,[],False,False
wseg_004505,,,,,29821,29845,25,25,0,12120.64,12127.82,7.180000000000291,,0.8000000000010914,1.139999999999418,4,0,25,0,[],False,False
wseg_004506,,,,,29846,29859,14,14,0,12128.62,12132.46,3.8399999999983265,,0.08000000000174623,0.22000000000116415,3,0,14,0,[],False,False
wseg_004507,,,,,29860,29869,10,10,0,12132.54,12135.92,3.3799999999991996,,2.139999999999418,2.139999999999418,1,0,10,0,[],False,False
wseg_004508,,,,,29870,29881,12,12,0,12138.06,12143.76,5.700000000000728,,0.2600000000002183,0.3600000000005821,2,1,12,0,[],False,False
wseg_004509,,,,,29882,29899,18,18,0,12144.02,12151.96,7.93999999999869,,0.5200000000004366,0.7600000000002183,4,0,18,0,[],False,False
wseg_004510,,,,,29900,29921,22,22,0,12152.48,12157.8,5.319999999999709,,0.1000000000003638,0.20000000000254659,4,0,22,0,[],False,False
wseg_004511,,,,,29922,29950,29,29,0,12157.84,12165.42,7.579999999999927,,0.5,0.9399999999986903,4,0,29,0,[],False,False
wseg_004512,,,,,29951,29957,7,7,0,12165.68,12166.9,1.2199999999993452,,0.1000000000003638,0.1000000000003638,1,0,7,0,[],False,False
wseg_004513,,,,,29958,29964,7,7,0,12167.0,12168.1,1.1000000000003638,,0.0,0.0,0,0,7,0,[],False,False
wseg_004514,,,,,29965,29976,12,12,0,12168.1,12170.6,2.5,,0.1999999999989086,0.33999999999832653,3,0,12,0,[],False,False
wseg_004515,,,,,29977,30002,26,26,0,12170.8,12176.84,6.040000000000873,,1.2200000000011642,1.7600000000002183,8,0,26,0,[],False,False
wseg_004516,,,,,30003,30023,21,21,0,12178.060000000001,12183.08,5.019999999998618,,1.4400000000005093,1.9800000000013824,4,0,21,0,[],False,False
wseg_004517,,,,,30024,30049,26,26,0,12184.52,12190.72,6.199999999998909,,0.9400000000005093,1.0799999999999272,5,1,26,0,[],False,False
wseg_004518,,,,,30050,30058,9,9,0,12191.66,12195.84,4.180000000000291,,1.1599999999998545,1.2000000000007276,2,0,9,0,[],False,False
wseg_004519,,,,,30059,30077,19,19,0,12197.0,12203.18,6.180000000000291,,0.5200000000004366,1.180000000000291,5,0,19,0,[],False,False
wseg_004520,,,,,30078,30086,9,9,0,12203.7,12205.72,2.0199999999986176,,1.5400000000008731,1.7600000000002183,3,0,9,0,[],False,False
wseg_004521,,,,,30087,30109,23,23,0,12207.26,12213.46,6.199999999998909,,0.27999999999883585,0.4400000000005093,4,0,23,0,[],False,False
wseg_004522,,,,,30110,30122,13,13,0,12213.52,12218.06,4.539999999999054,,0.42000000000189175,0.5200000000022555,3,0,13,0,[],False,False
wseg_004523,,,,,30123,30141,19,19,0,12218.480000000001,12226.08,7.599999999998545,,0.3599999999987631,0.7199999999993452,4,0,19,0,[],False,False
wseg_004524,,,,,30142,30144,3,3,0,12226.38,12226.98,0.6000000000003638,,0.15999999999985448,0.18000000000029104,2,0,3,0,[],False,False
wseg_004525,,,,,30145,30163,19,19,0,12227.0,12232.7,5.700000000000728,,0.820000000001528,1.0400000000008731,4,0,19,0,[],False,False
wseg_004526,,,,,30164,30184,21,21,0,12232.82,12240.32,7.5,,0.05999999999949068,0.15999999999985448,4,0,21,0,[],False,False
wseg_004527,,,,,30185,30208,24,24,0,12240.38,12247.02,6.640000000001237,,0.5599999999994907,0.819999999999709,4,0,24,0,[],False,False
wseg_004528,,,,,30209,30232,24,24,0,12247.58,12254.08,6.5,,0.07999999999992724,0.1000000000003638,2,0,24,0,[],False,False
wseg_004529,,,,,30233,30240,8,8,0,12254.16,12256.74,2.5799999999999272,,0.2600000000002183,0.38000000000101863,2,0,8,0,[],False,False
wseg_004530,,,,,30241,30248,8,8,0,12257.0,12259.3,2.2999999999992724,,0.1000000000003638,0.1000000000003638,1,0,8,0,[],False,False
wseg_004531,,,,,30249,30271,23,23,0,12259.3,12265.98,6.680000000000291,,0.28000000000065484,0.4000000000014552,2,0,23,0,[],False,False
wseg_004532,,,,,30272,30292,21,21,0,12266.26,12272.54,6.280000000000655,,0.040000000000873115,0.040000000000873115,1,0,21,0,[],False,False
wseg_004533,,,,,30293,30309,17,17,0,12272.54,12277.76,5.219999999999345,,0.28000000000065484,0.3600000000005821,2,0,17,0,[],False,False
wseg_004534,,,,,30310,30332,23,23,0,12277.84,12283.88,6.039999999999054,,0.5799999999999272,0.5799999999999272,1,0,23,0,[],False,False
wseg_004535,,,,,30333,30344,12,12,0,12284.46,12286.98,2.5200000000004366,,0.020000000000436557,0.020000000000436557,1,0,12,0,[],False,False
wseg_004536,,,,,30345,30355,11,11,0,12287.0,12290.0,3.0,,0.4400000000005093,0.47999999999956344,2,0,11,0,[],False,False
wseg_004537,,,,,30356,30376,21,21,0,12290.44,12298.62,8.180000000000291,,0.18000000000029104,0.4400000000005093,3,0,21,0,[],False,False
wseg_004538,,,,,30377,30383,7,7,0,12298.78,12301.96,3.179999999998472,,0.38000000000101863,0.38000000000101863,1,0,7,0,[],False,False
wseg_004539,,,,,30384,30403,20,20,0,12302.34,12308.32,5.979999999999563,,0.020000000000436557,0.020000000000436557,1,0,20,0,[],False,False
wseg_004540,,,,,30404,30422,19,19,0,12308.34,12313.94,5.600000000000364,,0.32000000000152795,0.42000000000189175,2,0,19,0,[],False,False
wseg_004541,,,,,30423,30432,10,10,0,12314.04,12316.98,2.9399999999986903,,0.12000000000080036,0.23999999999978172,4,0,10,0,[],False,False
wseg_004542,,,,,30433,30436,4,4,0,12317.0,12317.98,0.9799999999995634,,0.06000000000130967,0.06000000000130967,1,0,4,0,[],False,False
wseg_004543,,,,,30437,30459,23,23,0,12318.04,12326.12,8.079999999999927,,0.08000000000174623,0.20000000000254659,3,0,23,0,[],False,False
wseg_004544,,,,,30460,30469,10,10,0,12326.2,12330.28,4.079999999999927,,3.179999999998472,3.2599999999983993,2,0,10,0,[],False,False
wseg_004545,,,,,30470,30474,5,5,0,12333.46,12334.8,1.3400000000001455,,3.280000000000655,3.280000000000655,1,0,5,0,[],False,False
wseg_004546,,,,,30475,30475,1,1,0,12338.08,12338.52,0.4400000000005093,,0.4399999999986903,0.4399999999986903,1,0,1,0,[],False,False
wseg_004547,,,,,30476,30493,18,18,0,12338.96,12343.36,4.400000000001455,,0.2600000000002183,0.7199999999993452,6,0,18,0,[],False,False
wseg_004548,,,,,30494,30502,9,9,0,12343.46,12346.64,3.180000000000291,,0.5600000000013097,0.5600000000013097,1,0,9,0,[],False,False
wseg_004549,,,,,30503,30510,8,8,0,12347.2,12351.4,4.199999999998909,,0.4000000000014552,0.4000000000014552,1,0,8,0,[],False,False
wseg_004550,,,,,30511,30527,17,17,0,12351.800000000001,12355.34,3.539999999999054,,0.23999999999978172,0.38000000000101863,4,0,17,0,[],False,False
wseg_004551,,,,,30528,30547,20,20,0,12355.58,12361.18,5.600000000000364,,0.1400000000012369,0.42000000000189175,5,0,20,0,[],False,False
wseg_004552,,,,,30548,30556,9,9,0,12361.26,12365.48,4.219999999999345,,0.05999999999949068,0.09999999999854481,2,0,9,0,[],False,False
wseg_004553,,,,,30557,30574,18,18,0,12365.48,12370.08,4.600000000000364,,0.1000000000003638,0.2600000000002183,3,0,18,0,[],False,False
wseg_004554,,,,,30575,30589,15,15,0,12370.16,12373.94,3.780000000000655,,0.37999999999919964,0.499999999998181,3,0,15,0,[],False,False
wseg_004555,,,,,30590,30602,13,13,0,12374.02,12375.96,1.9399999999986903,,1.0400000000008731,1.1600000000016735,3,0,13,0,[],False,False
wseg_004556,,,,,30603,30619,17,17,0,12377.0,12380.64,3.639999999999418,,1.1999999999989086,1.5399999999990541,6,0,17,0,[],False,False
wseg_004557,,,,,30620,30632,13,13,0,12381.839999999998,12384.24,2.400000000001455,,0.07999999999992724,0.07999999999992724,1,0,13,0,[],False,False
wseg_004558,,,,,30633,30648,16,16,0,12384.32,12388.98,4.6599999999998545,,0.1400000000012369,0.22000000000116415,2,0,16,0,[],False,False
wseg_004559,,,,,30649,30659,11,11,0,12389.12,12391.26,2.139999999999418,,4.760000000000218,4.860000000000582,4,0,11,0,[],False,False
wseg_004560,,,,,30660,30664,5,5,0,12396.02,12397.5,1.4799999999995634,,0.1400000000012369,0.1400000000012369,1,0,5,0,[],False,False
wseg_004561,,,,,30665,30679,15,15,0,12397.5,12405.84,8.340000000000146,,1.1599999999998545,1.1599999999998545,1,0,15,0,[],False,False
wseg_004562,,,,,30680,30686,7,7,0,12407.0,12409.02,2.0200000000004366,,0.18000000000029104,0.18000000000029104,1,0,7,0,[],False,False
wseg_004563,,,,,30687,30697,11,11,0,12409.2,12411.74,2.539999999999054,,0.47999999999956344,0.47999999999956344,1,0,11,0,[],False,False
wseg_004564,,,,,30698,30716,19,19,0,12412.22,12415.84,3.6200000000008004,,0.040000000000873115,0.040000000000873115,1,0,19,0,[],False,False
wseg_004565,,,,,30717,30730,14,14,0,12415.84,12419.92,4.079999999999927,,0.0,0.0,0,0,14,0,[],False,False
wseg_004566,,,,,30731,30738,8,8,0,12419.92,12422.28,2.360000000000582,,0.11999999999898137,0.11999999999898137,1,0,8,0,[],False,False
wseg_004567,,,,,30739,30753,15,15,0,12422.4,12426.66,4.260000000000218,,0.1000000000003638,0.12000000000080036,2,0,15,0,[],False,False
wseg_004568,,,,,30754,30760,7,7,0,12426.66,12428.86,2.2000000000007276,,0.6399999999994179,0.6399999999994179,1,0,7,0,[],False,False
wseg_004569,,,,,30761,30773,13,13,0,12429.5,12435.22,5.719999999999345,,0.18000000000029104,0.4000000000014552,4,0,13,0,[],False,False
wseg_004570,,,,,30774,30777,4,4,0,12435.4,12436.48,1.0799999999999272,,2.0200000000004366,2.0200000000004366,1,0,4,0,[],False,False
wseg_004571,,,,,30778,30793,16,16,0,12438.5,12445.4,6.899999999999636,,0.12000000000080036,0.1400000000012369,2,0,16,0,[],False,False
wseg_004572,,,,,30794,30809,16,16,0,12445.52,12449.76,4.239999999999782,,0.1000000000003638,0.16000000000167347,4,0,16,0,[],False,False
wseg_004573,,,,,30810,30821,12,12,0,12449.78,12453.26,3.4799999999995634,,0.13999999999941792,0.13999999999941792,1,0,12,0,[],False,False
wseg_004574,,,,,30822,30835,14,14,0,12453.4,12457.58,4.180000000000291,,0.18000000000029104,0.2600000000002183,2,0,14,0,[],False,False
wseg_004575,,,,,30836,30848,13,13,0,12457.58,12460.36,2.780000000000655,,0.4599999999991269,0.4599999999991269,1,0,13,0,[],False,False
wseg_004576,,,,,30849,30860,12,12,0,12460.82,12465.62,4.800000000001091,,0.23999999999978172,0.23999999999978172,1,0,12,0,[],False,False
wseg_004577,,,,,30861,30861,1,1,0,12465.86,12466.26,0.3999999999996362,,0.0,0.0,0,0,1,0,[],False,False
wseg_004578,,,,,30862,30862,1,1,0,12466.26,12466.98,0.7199999999993452,,0.0,0.0,0,1,1,0,[],False,False
wseg_004579,,,,,30863,30873,11,11,0,12466.98,12472.34,5.360000000000582,,0.5200000000004366,0.9799999999995634,4,0,11,0,[],False,False
wseg_004580,,,,,30874,30892,19,19,0,12472.86,12477.46,4.599999999998545,,0.5200000000004366,0.680000000000291,4,0,19,0,[],False,False
wseg_004581,,,,,30893,30907,15,15,0,12477.98,12481.62,3.640000000001237,,0.2600000000002183,0.2600000000002183,1,0,15,0,[],False,False
wseg_004582,,,,,30908,30914,7,7,0,12481.62,12484.1,2.4799999999995634,,0.2999999999992724,0.2999999999992724,1,0,7,0,[],False,False
wseg_004583,,,,,30915,30937,23,23,0,12484.4,12490.54,6.140000000001237,,0.07999999999992724,0.07999999999992724,1,0,23,0,[],False,False
wseg_004584,,,,,30938,30941,4,4,0,12490.54,12491.76,1.2199999999993452,,0.0,0.0,0,0,4,0,[],False,False
wseg_004585,,,,,30942,30962,21,21,0,12491.76,12496.86,5.100000000000364,,0.11999999999898137,0.11999999999898137,1,0,21,0,[],False,False
wseg_004586,,,,,30963,30965,3,3,0,12496.98,12497.78,0.8000000000010914,,1.2999999999992724,1.2999999999992724,1,0,3,0,[],False,False
wseg_004587,,,,,30966,30972,7,7,0,12499.08,12501.0,1.9200000000000728,,0.020000000000436557,0.020000000000436557,1,0,7,0,[],False,False
wseg_004588,,,,,30973,30982,10,10,0,12501.02,12503.4,2.3799999999991996,,0.15999999999985448,0.17999999999847205,2,0,10,0,[],False,False
wseg_004589,,,,,30983,30984,2,2,0,12503.4,12503.78,0.38000000000101863,,1.9599999999991269,1.9599999999991269,1,0,2,0,[],False,False
wseg_004590,,,,,30985,30992,8,8,0,12505.74,12509.26,3.5200000000004366,,0.1400000000012369,0.38000000000101863,4,0,8,0,[],False,False
wseg_004591,,,,,30993,30996,4,4,0,12509.3,12510.22,0.9200000000000728,,0.15999999999985448,0.15999999999985448,1,0,4,0,[],False,False
wseg_004592,,,,,30997,31018,22,22,0,12510.38,12516.24,5.860000000000582,,0.0,0.0,0,0,22,0,[],False,False
wseg_004593,,,,,31019,31025,7,7,0,12516.24,12517.4,1.1599999999998545,,0.3600000000005821,0.3600000000005821,1,0,7,0,[],False,False
wseg_004594,,,,,31026,31038,13,13,0,12517.76,12521.56,3.7999999999992724,,0.31999999999970896,0.31999999999970896,1,0,13,0,[],False,False
wseg_004595,,,,,31039,31056,18,18,0,12521.88,12526.26,4.380000000001019,,0.15999999999985448,0.21999999999934516,2,0,18,0,[],False,False
wseg_004596,,,,,31057,31075,19,19,0,12526.26,12531.36,5.100000000000364,,0.5399999999990541,0.5399999999990541,1,0,19,0,[],False,False
wseg_004597,,,,,31076,31100,25,25,0,12531.9,12537.02,5.1200000000008,,0.3599999999987631,0.5400000000008731,4,0,25,0,[],False,False
wseg_004598,,,,,31101,31121,21,21,0,12537.38,12542.7,5.320000000001528,,0.09999999999854481,0.13999999999941792,3,0,21,0,[],False,False
wseg_004599,,,,,31122,31137,16,16,0,12542.8,12546.16,3.360000000000582,,0.6000000000003638,0.6400000000012369,2,0,16,0,[],False,False
wseg_004600,,,,,31138,31154,17,17,0,12546.76,12552.74,5.979999999999563,,0.020000000000436557,0.020000000000436557,1,0,17,0,[],False,False
wseg_004601,,,,,31155,31161,7,7,0,12552.76,12554.46,1.6999999999989086,,0.06000000000130967,0.06000000000130967,1,0,7,0,[],False,False
wseg_004602,,,,,31162,31168,7,7,0,12554.52,12556.02,1.5,,0.23999999999978172,0.2999999999992724,2,0,7,0,[],False,False
wseg_004603,,,,,31169,31192,24,24,0,12556.26,12561.46,5.199999999998909,,0.2000000000007276,0.23999999999978172,2,0,24,0,[],False,False
wseg_004604,,,,,31193,31212,20,20,0,12561.46,12567.44,5.980000000001382,,0.1000000000003638,0.12000000000080036,2,0,20,0,[],False,False
wseg_004605,,,,,31213,31232,20,20,0,12567.54,12571.92,4.3799999999992,,0.11999999999898137,0.1599999999980355,2,0,20,0,[],False,False
wseg_004606,,,,,31233,31254,22,22,0,12571.92,12577.74,5.819999999999709,,0.0,0.0,0,0,22,0,[],False,False
wseg_004607,,,,,31255,31272,18,18,0,12577.74,12582.18,4.440000000000509,,0.1999999999989086,0.1999999999989086,1,0,18,0,[],False,False
wseg_004608,,,,,31273,31286,14,14,0,12582.38,12585.98,3.600000000000364,,0.28000000000065484,0.4600000000009459,3,0,14,0,[],False,False
wseg_004609,,,,,31287,31289,3,3,0,12586.26,12587.68,1.4200000000000728,,0.1000000000003638,0.1000000000003638,1,0,3,0,[],False,False
wseg_004610,,,,,31290,31300,11,11,0,12587.78,12590.44,2.6599999999998545,,0.27999999999883585,0.27999999999883585,1,0,11,0,[],False,False
wseg_004611,,,,,31301,31325,25,25,0,12590.72,12598.34,7.6200000000008,,0.28000000000065484,0.5800000000017462,4,0,25,0,[],False,False
wseg_004612,,,,,31326,31347,22,22,0,12598.62,12604.42,5.799999999999272,,0.15999999999985448,0.31999999999970896,3,0,22,0,[],False,False
wseg_004613,,,,,31348,31359,12,12,0,12604.58,12607.7,3.1200000000008004,,0.13999999999941792,0.19999999999527063,4,0,12,0,[],False,False
wseg_004614,,,,,31360,31378,19,19,0,12607.84,12614.84,7.0,,0.21999999999934516,0.3999999999978172,3,0,19,0,[],False,False
wseg_004615,,,,,31379,31383,5,5,0,12615.06,12616.2,1.140000000001237,,0.05999999999949068,0.05999999999949068,1,0,5,0,[],False,False
wseg_004616,,,,,31384,31388,5,5,0,12616.26,12617.8,1.5399999999990541,,0.020000000000436557,0.020000000000436557,1,0,5,0,[],False,False
wseg_004617,,,,,31389,31394,6,6,0,12617.82,12618.82,1.0,,0.18000000000029104,0.18000000000029104,1,0,6,0,[],False,False
wseg_004618,,,,,31395,31404,10,10,0,12619.0,12620.64,1.639999999999418,,0.1000000000003638,0.1000000000003638,1,0,10,0,[],False,False
wseg_004619,,,,,31405,31428,24,24,0,12620.64,12625.94,5.300000000001091,,0.18000000000029104,0.1999999999989086,2,0,24,0,[],False,False
wseg_004620,,,,,31429,31451,23,23,0,12626.12,12633.48,7.359999999998763,,0.07999999999992724,0.1400000000012369,2,0,23,0,[],False,False
wseg_004621,,,,,31452,31476,25,25,0,12633.54,12640.16,6.619999999998981,,0.05999999999949068,0.09999999999854481,2,0,25,0,[],False,False
wseg_004622,,,,,31477,31479,3,3,0,12640.22,12640.74,0.5200000000004366,,0.05999999999949068,0.05999999999949068,1,0,3,0,[],False,False
wseg_004623,,,,,31480,31480,1,1,0,12640.8,12641.12,0.32000000000152795,,0.8799999999991996,0.8799999999991996,1,0,1,0,[],False,False
wseg_004624,,,,,31481,31484,4,4,0,12642.0,12642.94,0.9400000000005093,,0.18000000000029104,0.21999999999934516,2,0,4,0,[],False,False
wseg_004625,,,,,31485,31485,1,1,0,12643.12,12643.48,0.3599999999987631,,0.8800000000010186,0.8800000000010186,1,0,1,0,[],False,False
wseg_004626,,,,,31486,31489,4,4,0,12644.36,12646.06,1.6999999999989086,,0.2000000000007276,0.28000000000065484,2,0,4,0,[],False,False
wseg_004627,,,,,31490,31512,23,23,0,12646.26,12651.04,4.780000000000655,,0.5599999999994907,0.5599999999994907,1,0,23,0,[],False,False
wseg_004628,,,,,31513,31521,9,9,0,12651.6,12653.76,2.1599999999998545,,0.13999999999941792,0.2599999999983993,2,0,9,0,[],False,False
wseg_004629,,,,,31522,31537,16,16,0,12653.9,12658.02,4.1200000000008,,0.15999999999985448,0.15999999999985448,1,0,16,0,[],False,False
wseg_004630,,,,,31538,31544,7,7,0,12658.02,12659.96,1.9399999999986903,,0.05999999999949068,0.05999999999949068,1,0,7,0,[],False,False
wseg_004631,,,,,31545,31560,16,16,0,12659.96,12664.34,4.380000000001019,,0.0,0.0,0,0,16,0,[],False,False
wseg_004632,,,,,31561,31575,15,15,0,12664.34,12667.44,3.100000000000364,,0.1999999999989086,0.1999999999989086,1,0,15,0,[],False,False
wseg_004633,,,,,31576,31598,23,23,0,12667.64,12673.84,6.200000000000728,,0.15999999999985448,0.2600000000002183,3,0,23,0,[],False,False
wseg_004634,,,,,31599,31604,6,6,0,12673.88,12675.14,1.2600000000002183,,1.5800000000017462,1.5800000000017462,1,0,6,0,[],False,False
wseg_004635,,,,,31605,31609,5,5,0,12676.720000000001,12679.38,2.6599999999980355,,0.0,0.0,0,0,5,0,[],False,False
wseg_004636,,,,,31610,31620,11,11,0,12679.38,12683.52,4.140000000001237,,0.2600000000002183,0.2600000000002183,1,0,11,0,[],False,False
wseg_004637,,,,,31621,31638,18,18,0,12683.78,12689.54,5.760000000000218,,0.23999999999978172,0.680000000000291,4,0,18,0,[],False,False
wseg_004638,,,,,31639,31658,20,20,0,12689.54,12696.2,6.6599999999998545,,0.3599999999987631,0.4599999999991269,2,0,20,0,[],False,False
wseg_004639,,,,,31659,31669,11,11,0,12696.56,12699.04,2.4800000000013824,,0.07999999999992724,0.07999999999992724,1,0,11,0,[],False,False
wseg_004640,,,,,31670,31688,19,19,0,12699.12,12706.16,7.039999999999054,,0.1000000000003638,0.22000000000116415,3,0,19,0,[],False,False
wseg_004641,,,,,31689,31689,1,1,0,12706.26,12706.86,0.6000000000003638,,1.0999999999985448,1.0999999999985448,1,0,1,0,[],False,False
wseg_004642,,,,,31690,31698,9,9,0,12707.96,12712.8,4.8400000000001455,,0.23999999999978172,0.3600000000005821,2,0,9,0,[],False,False
wseg_004643,,,,,31699,31713,15,15,0,12712.92,12716.96,4.039999999999054,,0.06000000000130967,0.1400000000030559,4,0,15,0,[],False,False
wseg_004644,,,,,31714,31724,11,11,0,12717.0,12720.78,3.780000000000655,,0.09999999999854481,0.1599999999980355,2,0,11,0,[],False,False
wseg_004645,,,,,31725,31746,22,22,0,12720.88,12728.5,7.6200000000008,,0.3999999999996362,0.6199999999989814,3,0,22,0,[],False,False
wseg_004646,,,,,31747,31771,25,25,0,12728.9,12734.48,5.579999999999927,,0.18000000000029104,0.47999999999956344,4,0,25,0,[],False,False
wseg_004647,,,,,31772,31792,21,21,0,12734.48,12740.04,5.56000000000131,,0.1000000000003638,0.18000000000029104,2,0,21,0,[],False,False
wseg_004648,,,,,31793,31814,22,22,0,12740.12,12743.86,3.7399999999997817,,0.3400000000001455,0.47999999999956344,2,0,22,0,[],False,False
wseg_004649,,,,,31815,31841,27,27,0,12744.2,12749.62,5.420000000000073,,0.6999999999989086,0.8400000000001455,3,0,27,0,[],False,False
wseg_004650,,,,,31842,31860,19,19,0,12750.32,12755.3,4.979999999999563,,0.13999999999941792,0.15999999999985448,2,0,19,0,[],False,False
wseg_004651,,,,,31861,31871,11,11,0,12755.3,12758.74,3.4400000000005093,,0.23999999999978172,0.3999999999996362,2,0,11,0,[],False,False
wseg_004652,,,,,31872,31892,21,21,0,12758.9,12764.46,5.559999999999491,,0.1000000000003638,0.1400000000012369,3,0,21,0,[],False,False
wseg_004653,,,,,31893,31911,19,19,0,12764.48,12769.2,4.720000000001164,,0.0,0.0,0,0,19,0,[],False,False
wseg_004654,,,,,31912,31922,11,11,0,12769.2,12771.22,2.0199999999986176,,0.42000000000189175,0.42000000000189175,1,0,11,0,[],False,False
wseg_004655,,,,,31923,31931,9,9,0,12771.640000000001,12774.44,2.7999999999992724,,1.0,1.319999999999709,2,0,9,0,[],False,False
wseg_004656,,,,,31932,31937,6,6,0,12775.44,12777.02,1.5799999999999272,,0.11999999999898137,0.11999999999898137,1,0,6,0,[],False,False
wseg_004657,,,,,31938,31938,1,1,0,12777.14,12777.3,0.15999999999985448,,1.4800000000013824,1.4800000000013824,1,0,1,0,[],False,False
wseg_004658,,,,,31939,31941,3,3,0,12778.78,12779.96,1.179999999998472,,0.16000000000167347,0.16000000000167347,1,0,3,0,[],False,False
wseg_004659,,,,,31942,31956,15,15,0,12780.12,12784.26,4.139999999999418,,0.28000000000065484,0.5800000000017462,5,0,15,0,[],False,False
wseg_004660,,,,,31957,31971,15,15,0,12784.26,12787.82,3.5599999999994907,,0.12000000000080036,0.2599999999983993,4,0,15,0,[],False,False
wseg_004661,,,,,31972,31986,15,15,0,12787.82,12793.3,5.479999999999563,,0.27999999999883585,0.42000000000007276,5,0,15,0,[],False,False
wseg_004662,,,,,31987,31993,7,7,0,12793.34,12794.46,1.1199999999989814,,0.15999999999985448,0.15999999999985448,1,0,7,0,[],False,False
wseg_004663,,,,,31994,32016,23,23,0,12794.46,12798.22,3.7600000000002183,,1.2999999999992724,1.6999999999970896,4,0,23,0,[],False,False
wseg_004664,,,,,32017,32019,3,3,0,12799.519999999999,12800.54,1.0200000000022555,,2.4399999999986903,2.6999999999989086,3,0,3,0,[],False,False
wseg_004665,,,,,32020,32034,15,15,0,12802.98,12805.68,2.7000000000007276,,0.13999999999941792,0.31999999999970896,4,0,15,0,[],False,False
wseg_004666,,,,,32035,32050,16,16,0,12805.68,12809.44,3.7600000000002183,,2.180000000000291,2.2399999999997817,2,0,16,0,[],False,False
wseg_004667,,,,,32051,32067,17,17,0,12811.62,12815.68,4.059999999999491,,0.33999999999832653,0.4399999999986903,3,0,17,0,[],False,False
wseg_004668,,,,,32068,32082,15,15,0,12816.019999999999,12819.98,3.960000000000946,,0.3000000000010914,0.4400000000023283,4,0,15,0,[],False,False
wseg_004669,,,,,32083,32097,15,15,0,12820.0,12824.06,4.059999999999491,,0.9799999999995634,1.459999999997308,4,0,15,0,[],False,False
wseg_004670,,,,,32098,32111,14,14,0,12824.46,12827.38,2.9200000000000728,,0.020000000000436557,0.020000000000436557,1,0,14,0,[],False,False
wseg_004671,,,,,32112,32128,17,17,0,12827.4,12830.28,2.8800000000010186,,0.07999999999992724,0.11999999999898137,2,0,17,0,[],False,False
wseg_004672,,,,,32129,32148,20,20,0,12830.28,12834.64,4.359999999998763,,0.38000000000101863,0.4400000000023283,3,0,20,0,[],False,False
wseg_004673,,,,,32149,32168,20,20,0,12834.66,12839.06,4.399999999999636,,0.680000000000291,1.500000000001819,4,0,20,0,[],False,False
wseg_004674,,,,,32169,32186,18,18,0,12839.06,12843.38,4.319999999999709,,0.23999999999978172,0.47999999999956344,4,0,18,0,[],False,False
wseg_004675,,,,,32187,32205,19,19,0,12843.38,12847.68,4.300000000001091,,0.6399999999994179,1.2999999999992724,5,0,19,0,[],False,False
wseg_004676,,,,,32206,32220,15,15,0,12847.74,12852.08,4.3400000000001455,,0.18000000000029104,0.21999999999934516,2,0,15,0,[],False,False
wseg_004677,,,,,32221,32243,23,23,0,12852.08,12857.06,4.979999999999563,,1.0400000000008731,1.3999999999996362,4,0,23,0,[],False,False
wseg_004678,,,,,32244,32263,20,20,0,12857.06,12860.34,3.280000000000655,,0.13999999999941792,0.15999999999985448,2,0,20,0,[],False,False
wseg_004679,,,,,32264,32281,18,18,0,12860.34,12863.02,2.680000000000291,,0.1000000000003638,0.22000000000116415,4,0,18,0,[],False,False
wseg_004680,,,,,32282,32299,18,18,0,12863.02,12867.26,4.239999999999782,,1.5400000000008731,2.100000000000364,3,0,18,0,[],False,False
wseg_004681,,,,,32300,32318,19,19,0,12867.74,12870.58,2.8400000000001455,,0.21999999999934516,0.33999999999832653,3,0,19,0,[],False,False
wseg_004682,,,,,32319,32336,18,18,0,12870.58,12876.56,5.979999999999563,,2.8400000000001455,2.8800000000010186,2,0,18,0,[],False,False
wseg_004683,,,,,32337,32354,18,18,0,12876.56,12882.12,5.56000000000131,,0.0,0.0,0,0,18,0,[],False,False
wseg_004684,,,,,32355,32379,25,25,0,12882.12,12887.56,5.43999999999869,,0.15999999999985448,0.21999999999934516,2,0,25,0,[],False,False
wseg_004685,,,,,32380,32399,20,20,0,12887.56,12892.0,4.440000000000509,,0.5799999999999272,0.6200000000008004,3,0,20,0,[],False,False
wseg_004686,,,,,32400,32421,22,22,0,12892.02,12895.04,3.0200000000004366,,0.15999999999985448,0.3400000000001455,4,0,22,0,[],False,False
wseg_004687,,,,,32422,32440,19,19,0,12895.2,12899.02,3.819999999999709,,0.1000000000003638,0.12000000000080036,2,0,19,0,[],False,False
wseg_004688,,,,,32441,32462,22,22,0,12899.04,12906.16,7.119999999998981,,1.4400000000005093,2.2400000000016007,4,0,22,0,[],False,False
wseg_004689,,,,,32463,32481,19,19,0,12906.16,12910.82,4.6599999999998545,,0.07999999999992724,0.1999999999989086,5,0,19,0,[],False,False
wseg_004690,,,,,32482,32501,20,20,0,12910.82,12915.86,5.040000000000873,,0.5199999999986176,0.81999999999789,4,0,20,0,[],False,False
wseg_004691,,,,,32502,32511,10,10,0,12916.38,12921.34,4.960000000000946,,0.5799999999999272,1.0399999999990541,3,0,10,0,[],False,False
wseg_004692,,,,,32512,32527,16,16,0,12921.34,12925.7,4.360000000000582,,0.019999999998617568,0.019999999998617568,1,0,16,0,[],False,False
wseg_004693,,,,,32528,32545,18,18,0,12925.7,12928.74,3.039999999999054,,0.31999999999970896,0.5200000000004366,4,0,18,0,[],False,False
wseg_004694,,,,,32546,32560,15,15,0,12929.06,12934.02,4.960000000000946,,0.5,0.5799999999999272,2,0,15,0,[],False,False
wseg_004695,,,,,32561,32572,12,12,0,12934.02,12936.14,2.1199999999989814,,0.1000000000003638,0.18000000000029104,3,0,12,0,[],False,False
wseg_004696,,,,,32573,32592,20,20,0,12936.14,12939.2,3.0600000000013097,,0.12000000000080036,0.1400000000012369,2,0,20,0,[],False,False
wseg_004697,,,,,32593,32609,17,17,0,12939.2,12943.36,4.1599999999998545,,0.6199999999989814,1.859999999996944,4,0,17,0,[],False,False
wseg_004698,,,,,32610,32626,17,17,0,12943.96,12948.88,4.920000000000073,,0.040000000000873115,0.05999999999949068,2,0,17,0,[],False,False
wseg_004699,,,,,32627,32641,15,15,0,12948.88,12954.78,5.900000000001455,,1.1999999999989086,1.1999999999989086,1,0,15,0,[],False,False
wseg_004700,,,,,32642,32656,15,15,0,12955.98,12961.06,5.079999999999927,,0.3000000000010914,0.42000000000007276,3,0,15,0,[],False,False
wseg_004701,,,,,32657,32670,14,14,0,12961.06,12966.08,5.020000000000437,,0.31999999999970896,0.3999999999996362,2,0,14,0,[],False,False
wseg_004702,,,,,32671,32683,13,13,0,12966.08,12970.94,4.860000000000582,,0.1000000000003638,0.15999999999985448,2,0,13,0,[],False,False
wseg_004703,,,,,32684,32700,17,17,0,12970.94,12976.46,5.519999999998618,,0.07999999999992724,0.13999999999941792,3,0,17,0,[],False,False
wseg_004704,,,,,32701,32716,16,16,0,12976.46,12981.58,5.1200000000008,,0.12000000000080036,0.12000000000080036,1,0,16,0,[],False,False
wseg_004705,,,,,32717,32731,15,15,0,12981.58,12990.14,8.55999999999949,,0.11999999999898137,0.23999999999796273,2,0,15,0,[],False,False
wseg_004706,,,,,32732,32745,14,14,0,12990.14,12995.66,5.520000000000437,,0.8400000000001455,0.9200000000000728,2,0,14,0,[],False,False
wseg_004707,,,,,32746,32766,21,21,0,12996.5,13003.38,6.8799999999992,,0.020000000000436557,0.020000000000436557,1,0,21,0,[],False,False
wseg_004708,,,,,32767,32785,19,19,0,13003.38,13009.7,6.320000000001528,,0.3000000000010914,0.7000000000007276,4,0,19,0,[],False,False
wseg_004709,,,,,32786,32800,15,15,0,13009.7,13015.58,5.8799999999992,,0.09999999999854481,0.09999999999854481,1,0,15,0,[],False,False
wseg_004710,,,,,32801,32820,20,20,0,13015.58,13021.24,5.6599999999998545,,0.15999999999985448,0.2600000000002183,2,0,20,0,[],False,False
wseg_004711,,,,,32821,32838,18,18,0,13021.24,13024.72,3.4799999999995634,,0.07999999999992724,0.07999999999992724,1,0,18,0,[],False,False
wseg_004712,,,,,32839,32856,18,18,0,13024.72,13029.18,4.460000000000946,,0.1000000000003638,0.1000000000003638,1,0,18,0,[],False,False
wseg_004713,,,,,32857,32870,14,14,0,13029.18,13034.08,4.899999999999636,,0.07999999999992724,0.12000000000080036,2,0,14,0,[],False,False
wseg_004714,,,,,32871,32887,17,17,0,13034.08,13039.38,5.299999999999272,,0.0,0.0,0,0,17,0,[],False,False
wseg_004715,,,,,32888,32904,17,17,0,13039.38,13045.82,6.440000000000509,,0.15999999999985448,0.2600000000002183,2,0,17,0,[],False,False
wseg_004716,,,,,32905,32921,17,17,0,13045.82,13053.54,7.720000000001164,,1.179999999998472,1.1999999999989086,2,0,17,0,[],False,False
wseg_004717,,,,,32922,32937,16,16,0,13054.72,13059.46,4.739999999999782,,0.2000000000007276,0.2000000000007276,1,0,16,0,[],False,False
wseg_004718,,,,,32938,32958,21,21,0,13059.66,13066.16,6.5,,0.819999999999709,1.360000000000582,3,0,21,0,[],False,False
wseg_004719,,,,,32959,32976,18,18,0,13066.16,13071.64,5.479999999999563,,0.13999999999941792,0.31999999999970896,3,0,18,0,[],False,False
wseg_004720,,,,,32977,32995,19,19,0,13071.64,13077.9,6.260000000000218,,0.11999999999898137,0.27999999999883585,3,0,19,0,[],False,False
wseg_004721,,,,,32996,33023,28,28,0,13078.0,13084.0,6.0,,1.6599999999998545,2.9200000000000728,4,0,28,0,[],False,False
wseg_004722,,,,,33024,33039,16,16,0,13085.66,13090.8,5.139999999999418,,0.22000000000116415,0.2400000000016007,2,0,16,0,[],False,False
wseg_004723,,,,,33040,33058,19,19,0,13090.8,13094.4,3.600000000000364,,0.040000000000873115,0.040000000000873115,1,0,19,0,[],False,False
wseg_004724,,,,,33059,33067,9,9,0,13094.4,13096.46,2.0599999999994907,,44.94000000000233,45.10000000000218,2,0,9,0,[],False,False
wseg_004725,,,,,33068,33071,4,4,0,13141.400000000001,13144.7,3.2999999999992724,,25.840000000000146,25.840000000000146,1,0,4,0,[],False,False
wseg_004726,,,,,33072,33075,4,4,0,13170.54,13174.7,4.1599999999998545,,26.700000000000728,26.719999999999345,2,0,4,0,[],False,False
wseg_004727,,,,,33076,33079,4,4,0,13201.400000000001,13204.7,3.2999999999992724,,26.700000000000728,26.700000000000728,1,0,4,0,[],False,False
wseg_004728,,,,,33080,33083,4,4,0,13231.400000000001,13234.7,3.2999999999992724,,0.019999999998617568,0.019999999998617568,1,0,4,0,[],False,False
wseg_004729,,,,,33084,33087,4,4,0,13234.72,13264.7,29.980000000001382,,9.2599999999984,9.279999999998836,2,0,4,0,[],False,False
wseg_004730,,,,,33088,33091,4,4,0,13273.96,13275.9,1.9400000000005093,,25.219999999999345,25.239999999997963,2,0,4,0,[],False,False
wseg_004731,,,,,33092,33095,4,4,0,13301.119999999999,13305.48,4.360000000000582,,43.50000000000182,44.640000000003056,2,0,4,0,[],False,False
wseg_004732,,,,,33096,33099,4,4,0,13348.980000000001,13354.7,5.719999999999345,,7.139999999999418,7.1599999999980355,2,0,4,0,[],False,False
wseg_004733,,,,,33100,33103,4,4,0,13361.84,13363.54,1.7000000000007276,,25.11999999999898,25.419999999998254,2,0,4,0,[],False,False
wseg_004734,,,,,33104,33107,4,4,0,13388.66,13393.7,5.040000000000873,,24.899999999999636,27.100000000000364,2,0,4,0,[],False,False
wseg_004735,,,,,33108,33111,4,4,0,13418.6,13426.38,7.779999999998836,,20.020000000002256,21.94000000000233,2,0,4,0,[],False,False
wseg_004736,,,,,33112,33115,4,4,0,13446.400000000001,13455.74,9.339999999998327,,19.88000000000102,27.840000000000146,2,0,4,0,[],False,False
wseg_004737,,,,,33116,33119,4,4,0,13475.62,13482.46,6.8399999999983265,,22.980000000001382,26.30000000000109,2,0,4,0,[],False,False
wseg_004738,,,,,33120,33123,4,4,0,13505.44,13513.56,8.119999999998981,,23.020000000000437,28.23999999999978,2,0,4,0,[],False,False
wseg_004739,,,,,33124,33127,4,4,0,13536.58,13538.86,2.280000000000655,,32.55999999999949,33.0,2,0,4,0,[],False,False
wseg_004740,,,,,33128,33131,4,4,0,13571.42,13594.7,23.280000000000655,,0.1000000000003638,0.1000000000003638,1,0,4,0,[],False,False
wseg_004741,,,,,33132,33135,4,4,0,13594.7,13604.2,9.5,,27.38000000000102,32.47999999999956,2,0,4,0,[],False,False
wseg_004742,,,,,33136,33139,4,4,0,13631.580000000002,13633.94,2.359999999998763,,20.76000000000022,21.200000000000728,2,0,4,0,[],False,False
wseg_004743,,,,,33140,33154,15,15,0,13654.7,13665.4,10.699999999998909,,0.5400000000008731,0.8600000000005821,2,0,15,0,[],False,False
wseg_004744,,,,,33155,33179,25,25,0,13665.72,13673.06,7.3400000000001455,,0.5400000000008731,0.820000000001528,3,0,25,0,[],False,False
wseg_004745,,,,,33180,33209,30,30,0,13673.6,13680.12,6.520000000000437,,0.5799999999999272,0.680000000000291,3,0,30,0,[],False,False
wseg_004746,,,,,33210,33219,10,10,0,13680.7,13683.72,3.0199999999986176,,1.0400000000008731,1.0799999999999272,2,0,10,0,[],False,False
wseg_004747,,,,,33220,33247,28,28,0,13684.76,13696.76,12.0,,0.3600000000005821,0.7000000000007276,4,0,28,0,[],False,False
wseg_004748,,,,,33248,33268,21,21,0,13697.12,13708.1,10.979999999999563,,0.48000000000138243,0.9000000000014552,5,0,21,0,[],False,False
wseg_004749,,,,,33269,33284,16,16,0,13708.16,13714.08,5.920000000000073,,0.819999999999709,0.819999999999709,1,0,16,0,[],False,False
wseg_004750,,,,,33285,33296,12,12,0,13714.9,13718.74,3.8400000000001455,,0.5400000000008731,0.5400000000008731,1,0,12,0,[],False,False
wseg_004751,,,,,33297,33336,40,40,0,13719.28,13731.88,12.599999999998545,,0.3600000000005821,1.000000000001819,5,0,40,0,[],False,False
wseg_004752,,,,,33337,33363,27,27,0,13732.14,13738.5,6.360000000000582,,0.680000000000291,1.0,2,0,27,0,[],False,False
wseg_004753,,,,,33364,33378,15,15,0,13739.18,13744.46,5.279999999998836,,0.2400000000016007,0.46000000000276486,2,0,15,0,[],False,False
wseg_004754,,,,,33379,33410,32,32,0,13744.7,13757.56,12.859999999998763,,0.48000000000138243,0.8999999999996362,4,0,32,0,[],False,False
wseg_004755,,,,,33411,33426,16,16,0,13758.04,13763.88,5.8399999999983265,,0.3400000000001455,0.4400000000005093,2,0,16,0,[],False,False
wseg_004756,,,,,33427,33451,25,25,0,13764.22,13773.88,9.659999999999854,,0.23999999999978172,0.2600000000002183,2,0,25,0,[],False,False
wseg_004757,,,,,33452,33461,10,10,0,13773.88,13776.28,2.400000000001455,,0.680000000000291,0.7199999999993452,2,0,10,0,[],False,False
wseg_004758,,,,,33462,33480,19,19,0,13776.960000000001,13783.44,6.479999999999563,,0.3999999999996362,0.7000000000007276,3,0,19,0,[],False,False
wseg_004759,,,,,33481,33502,22,22,0,13783.84,13791.74,7.899999999999636,,0.1000000000003638,0.11999999999898137,2,0,22,0,[],False,False
wseg_004760,,,,,33503,33520,18,18,0,13791.74,13797.28,5.540000000000873,,1.4200000000000728,1.680000000000291,2,0,18,0,[],False,False
wseg_004761,,,,,33521,33532,12,12,0,13798.7,13802.78,4.079999999999927,,1.0999999999985448,1.0999999999985448,1,0,12,0,[],False,False
wseg_004762,,,,,33533,33545,13,13,0,13803.88,13808.74,4.860000000000582,,0.11999999999898137,0.15999999999985448,2,0,13,0,[],False,False
wseg_004763,,,,,33546,33561,16,16,0,13808.78,13815.66,6.8799999999992,,0.3400000000001455,0.7000000000007276,4,0,16,0,[],False,False
wseg_004764,,,,,33562,33572,11,11,0,13816.0,13821.02,5.020000000000437,,0.7600000000002183,0.9800000000013824,2,0,11,0,[],False,False
wseg_004765,,,,,33573,33580,8,8,0,13821.78,13825.08,3.2999999999992724,,0.3600000000005821,0.3600000000005821,1,0,8,0,[],False,False
wseg_004766,,,,,33581,33604,24,24,0,13825.44,13832.44,7.0,,4.3400000000001455,4.540000000000873,2,0,24,0,[],False,False
wseg_004767,,,,,33605,33609,5,5,0,13836.78,13837.86,1.0799999999999272,,0.9599999999991269,1.0199999999986176,2,0,5,0,[],False,False
wseg_004768,,,,,33610,33638,29,29,0,13838.82,13847.08,8.260000000000218,,0.1400000000012369,0.2400000000016007,3,0,29,0,[],False,False
wseg_004769,,,,,33639,33656,18,18,0,13847.16,13851.7,4.540000000000873,,0.1999999999989086,0.31999999999789,3,0,18,0,[],False,False
wseg_004770,,,,,33657,33672,16,16,0,13851.9,13858.98,7.079999999999927,,0.6400000000012369,0.7600000000002183,3,0,16,0,[],False,False
wseg_004771,,,,,33673,33683,11,11,0,13859.62,13862.820000000002,3.2000000000007276,,1.0599999999976717,1.0599999999976717,1,0,11,0,[],False,False
wseg_004772,,,,,33684,33712,29,29,0,13863.88,13871.34,7.460000000000946,,0.1000000000003638,0.18000000000029104,3,0,29,0,[],False,False
wseg_004773,,,,,33713,33729,17,17,0,13871.4,13876.66,5.260000000000218,,0.040000000000873115,0.08000000000174623,2,0,17,0,[],False,False
wseg_004774,,,,,33730,33739,10,10,0,13876.7,13882.18,5.479999999999563,,0.07999999999992724,0.07999999999992724,1,0,10,0,[],False,False
wseg_004775,,,,,33740,33748,9,9,0,13882.26,13884.36,2.100000000000364,,0.5799999999999272,0.5799999999999272,1,0,9,0,[],False,False
wseg_004776,,,,,33749,33771,23,23,0,13884.94,13893.76,8.819999999999709,,0.11999999999898137,0.23999999999796273,2,0,23,0,[],False,False
wseg_004777,,,,,33772,33792,21,21,0,13893.88,13902.86,8.980000000001382,,0.8599999999987631,1.0199999999986176,2,0,21,0,[],False,False
wseg_004778,,,,,33793,33808,16,16,0,13903.72,13909.74,6.020000000000437,,0.07999999999992724,0.07999999999992724,1,0,16,0,[],False,False
wseg_004779,,,,,33809,33828,20,20,0,13909.82,13914.7,4.880000000001019,,0.1000000000003638,0.15999999999985448,2,0,20,0,[],False,False
wseg_004780,,,,,33829,33839,11,11,0,13914.76,13918.04,3.280000000000655,,0.6199999999989814,0.6199999999989814,1,0,11,0,[],False,False
wseg_004781,,,,,33840,33845,6,6,0,13918.66,13920.54,1.8800000000010186,,0.05999999999949068,0.05999999999949068,1,0,6,0,[],False,False
wseg_004782,,,,,33846,33854,9,9,0,13920.54,13925.16,4.619999999998981,,0.18000000000029104,0.2600000000002183,2,0,9,0,[],False,False
wseg_004783,,,,,33855,33870,16,16,0,13925.34,13930.86,5.520000000000437,,0.23999999999978172,0.27999999999883585,2,0,16,0,[],False,False
wseg_004784,,,,,33871,33892,22,22,0,13931.1,13938.34,7.239999999999782,,0.2600000000002183,0.3400000000001455,2,0,22,0,[],False,False
wseg_004785,,,,,33893,33909,17,17,0,13938.6,13944.72,6.119999999998981,,0.12000000000080036,0.16000000000167347,2,0,17,0,[],False,False
wseg_004786,,,,,33910,33927,18,18,0,13944.84,13949.52,4.680000000000291,,0.07999999999992724,0.15999999999985448,2,0,18,0,[],False,False
wseg_004787,,,,,33928,33945,18,18,0,13949.52,13954.62,5.100000000000364,,0.019999999998617568,0.019999999998617568,1,0,18,0,[],False,False
wseg_004788,,,,,33946,33961,16,16,0,13954.64,13958.38,3.7399999999997817,,0.12000000000080036,0.22000000000116415,2,0,16,0,[],False,False
wseg_004789,,,,,33962,33978,17,17,0,13958.5,13964.86,6.360000000000582,,0.019999999998617568,0.019999999998617568,1,0,17,0,[],False,False
wseg_004790,,,,,33979,33984,6,6,0,13964.88,13966.78,1.9000000000014552,,0.4400000000005093,0.4400000000005093,1,0,6,0,[],False,False
wseg_004791,,,,,33985,34003,19,19,0,13967.220000000001,13974.0,6.779999999998836,,0.2000000000007276,0.22000000000116415,2,0,19,0,[],False,False
wseg_004792,,,,,34004,34017,14,14,0,13974.2,13976.2,2.0,,0.23999999999978172,0.23999999999978172,1,0,14,0,[],False,False
wseg_004793,,,,,34018,34028,11,11,0,13976.44,13979.5,3.0599999999994907,,0.020000000000436557,0.020000000000436557,1,0,11,0,[],False,False
wseg_004794,,,,,34029,34033,5,5,0,13979.52,13980.8,1.2799999999988358,,0.8800000000010186,0.8800000000010186,1,0,5,0,[],False,False
wseg_004795,,,,,34034,34042,9,9,0,13981.68,13984.02,2.3400000000001455,,1.0599999999994907,1.2999999999974534,3,0,9,0,[],False,False
wseg_004796,,,,,34043,34047,5,5,0,13985.08,13986.32,1.2399999999997817,,0.18000000000029104,0.2000000000007276,2,0,5,0,[],False,False
wseg_004797,,,,,34048,34065,18,18,0,13986.5,13990.4,3.899999999999636,,0.5399999999990541,1.180000000000291,4,0,18,0,[],False,False
wseg_004798,,,,,34066,34086,21,21,0,13990.92,13998.56,7.639999999999418,,0.12000000000080036,0.12000000000080036,1,0,21,0,[],False,False
wseg_004799,,,,,34087,34104,18,18,0,13998.56,14006.3,7.739999999999782,,1.2400000000016007,1.5800000000017462,3,0,18,0,[],False,False
wseg_004800,,,,,34105,34126,22,22,0,14007.54,14014.94,7.399999999999636,,0.9599999999991269,0.9599999999991269,1,0,22,0,[],False,False
wseg_004801,,,,,34127,34157,31,31,0,14015.9,14023.78,7.880000000001019,,0.1400000000012369,0.18000000000211003,2,0,31,0,[],False,False
wseg_004802,,,,,34158,34182,25,25,0,14023.78,14029.48,5.699999999998909,,0.9000000000014552,1.0600000000049477,4,0,25,0,[],False,False
wseg_004803,,,,,34183,34198,16,16,0,14030.380000000001,14034.92,4.539999999999054,,1.5400000000008731,1.819999999999709,3,0,16,0,[],False,False
wseg_004804,,,,,34199,34217,19,19,0,14036.460000000001,14041.0,4.539999999999054,,0.3400000000001455,0.7199999999975262,7,0,19,0,[],False,False
wseg_004805,,,,,34218,34236,19,19,0,14041.34,14047.86,6.520000000000437,,0.13999999999941792,0.23999999999978172,2,0,19,0,[],False,False
wseg_004806,,,,,34237,34253,17,17,0,14048.0,14052.64,4.639999999999418,,0.23999999999978172,0.23999999999978172,1,0,17,0,[],False,False
wseg_004807,,,,,34254,34273,20,20,0,14052.88,14057.42,4.540000000000873,,0.23999999999978172,0.31999999999970896,2,0,20,0,[],False,False
wseg_004808,,,,,34274,34295,22,22,0,14057.66,14062.12,4.460000000000946,,0.07999999999992724,0.15999999999985448,3,0,22,0,[],False,False
wseg_004809,,,,,34296,34311,16,16,0,14062.12,14066.28,4.1599999999998545,,0.2000000000007276,0.5400000000008731,4,0,16,0,[],False,False
wseg_004810,,,,,34312,34324,13,13,0,14066.3,14069.64,3.3400000000001455,,1.7400000000016007,1.7400000000016007,1,0,13,0,[],False,False
wseg_004811,,,,,34325,34327,3,3,0,14071.380000000001,14072.24,0.8599999999987631,,0.9600000000009459,0.9600000000009459,1,0,3,0,[],False,False
wseg_004812,,,,,34328,34331,4,4,0,14073.2,14075.1,1.8999999999996362,,0.2600000000002183,0.3600000000005821,2,0,4,0,[],False,False
wseg_004813,,,,,34332,34341,10,10,0,14075.36,14078.7,3.3400000000001455,,0.019999999998617568,0.019999999998617568,1,0,10,0,[],False,False
wseg_004814,,,,,34342,34359,18,18,0,14078.72,14084.32,5.600000000000364,,0.040000000000873115,0.040000000000873115,1,0,18,0,[],False,False
wseg_004815,,,,,34360,34371,12,12,0,14084.36,14088.94,4.579999999999927,,0.2999999999992724,0.37999999999919964,2,0,12,0,[],False,False
wseg_004816,,,,,34372,34384,13,13,0,14089.24,14093.34,4.100000000000364,,0.15999999999985448,0.15999999999985448,1,0,13,0,[],False,False
wseg_004817,,,,,34385,34399,15,15,0,14093.5,14096.28,2.780000000000655,,0.040000000000873115,0.05999999999949068,2,0,15,0,[],False,False
wseg_004818,,,,,34400,34414,15,15,0,14096.3,14101.5,5.200000000000728,,0.040000000000873115,0.040000000000873115,1,0,15,0,[],False,False
wseg_004819,,,,,34415,34421,7,7,0,14101.54,14104.08,2.539999999999054,,0.31999999999970896,0.31999999999970896,1,0,7,0,[],False,False
wseg_004820,,,,,34422,34443,22,22,0,14104.4,14109.54,5.140000000001237,,0.09999999999854481,0.13999999999941792,2,0,22,0,[],False,False
wseg_004821,,,,,34444,34462,19,19,0,14109.64,14114.4,4.760000000000218,,0.1000000000003638,0.18000000000029104,3,0,19,0,[],False,False
wseg_004822,,,,,34463,34483,21,21,0,14114.4,14117.98,3.5799999999999272,,0.020000000000436557,0.040000000000873115,2,0,21,0,[],False,False
wseg_004823,,,,,34484,34495,12,12,0,14117.98,14122.78,4.800000000001091,,0.23999999999978172,0.31999999999970896,3,0,12,0,[],False,False
wseg_004824,,,,,34496,34503,8,8,0,14122.84,14124.36,1.5200000000004366,,0.0,0.0,0,0,8,0,[],False,False
wseg_004825,,,,,34504,34527,24,24,0,14124.36,14131.06,6.699999999998909,,0.07999999999992724,0.21999999999934516,3,0,24,0,[],False,False
wseg_004826,,,,,34528,34545,18,18,0,14131.14,14136.94,5.800000000001091,,0.06000000000130967,0.1000000000003638,2,0,18,0,[],False,False
wseg_004827,,,,,34546,34565,20,20,0,14136.98,14143.88,6.899999999999636,,0.3000000000010914,0.7000000000007276,4,0,20,0,[],False,False
wseg_004828,,,,,34566,34571,6,6,0,14144.18,14145.78,1.6000000000003638,,0.3400000000001455,0.3999999999996362,2,0,6,0,[],False,False
wseg_004829,,,,,34572,34591,20,20,0,14146.12,14153.36,7.239999999999782,,0.5799999999999272,0.7400000000016007,2,0,20,0,[],False,False
wseg_004830,,,,,34592,34594,3,3,0,14153.94,14154.34,0.3999999999996362,,0.020000000000436557,0.020000000000436557,1,0,3,0,[],False,False
wseg_004831,,,,,34595,34604,10,10,0,14154.36,14156.8,2.4399999999986903,,0.5599999999994907,0.5599999999994907,1,0,10,0,[],False,False
wseg_004832,,,,,34605,34619,15,15,0,14157.359999999999,14162.92,5.56000000000131,,0.2600000000002183,0.5,2,0,15,0,[],False,False
wseg_004833,,,,,34620,34641,22,22,0,14163.18,14168.88,5.699999999998909,,0.1000000000003638,0.2000000000007276,3,0,22,0,[],False,False
wseg_004834,,,,,34642,34657,16,16,0,14168.96,14178.84,9.880000000001019,,0.31999999999970896,0.37999999999919964,2,0,16,0,[],False,False
wseg_004835,,,,,34658,34670,13,13,0,14179.16,14183.26,4.100000000000364,,0.07999999999992724,0.13999999999941792,2,0,13,0,[],False,False
wseg_004836,,,,,34671,34677,7,7,0,14183.34,14184.34,1.0,,0.020000000000436557,0.020000000000436557,1,0,7,0,[],False,False
wseg_004837,,,,,34678,34687,10,10,0,14184.36,14187.54,3.180000000000291,,0.07999999999992724,0.13999999999941792,2,0,10,0,[],False,False
wseg_004838,,,,,34688,34705,18,18,0,14187.6,14193.24,5.639999999999418,,0.05999999999949068,0.05999999999949068,1,0,18,0,[],False,False
wseg_004839,,,,,34706,34713,8,8,0,14193.3,14195.7,2.400000000001455,,0.05999999999949068,0.07999999999992724,2,0,8,0,[],False,False
wseg_004840,,,,,34714,34725,12,12,0,14195.76,14200.0,4.239999999999782,,0.2000000000007276,0.2000000000007276,1,0,12,0,[],False,False
wseg_004841,,,,,34726,34740,15,15,0,14200.2,14204.78,4.579999999999927,,0.07999999999992724,0.13999999999941792,3,0,15,0,[],False,False
wseg_004842,,,,,34741,34750,10,10,0,14204.82,14206.58,1.7600000000002183,,0.040000000000873115,0.040000000000873115,1,0,10,0,[],False,False
wseg_004843,,,,,34751,34768,18,18,0,14206.62,14213.62,7.0,,1.2799999999988358,1.2799999999988358,1,0,18,0,[],False,False
wseg_004844,,,,,34769,34777,9,9,0,14214.9,14217.42,2.5200000000004366,,2.0200000000004366,2.0200000000004366,1,0,9,0,[],False,False
wseg_004845,,,,,34778,34784,7,7,0,14219.44,14221.64,2.1999999999989086,,1.4200000000000728,1.5,2,0,7,0,[],False,False
wseg_004846,,,,,34785,34805,21,21,0,14223.06,14231.8,8.739999999999782,,0.07999999999992724,0.09999999999854481,2,0,21,0,[],False,False
wseg_004847,,,,,34806,34814,9,9,0,14231.88,14234.08,2.2000000000007276,,0.42000000000007276,0.42000000000007276,1,0,9,0,[],False,False
wseg_004848,,,,,34815,34830,16,16,0,14234.5,14238.78,4.280000000000655,,0.27999999999883585,0.3599999999987631,2,0,16,0,[],False,False
wseg_004849,,,,,34831,34850,20,20,0,14239.06,14243.52,4.460000000000946,,0.0,0.0,0,0,20,0,[],False,False
wseg_004850,,,,,34851,34866,16,16,0,14243.52,14249.98,6.459999999999127,,0.06000000000130967,0.1400000000012369,3,0,16,0,[],False,False
wseg_004851,,,,,34867,34882,16,16,0,14250.04,14254.22,4.179999999998472,,0.3000000000010914,0.3000000000010914,1,0,16,0,[],False,False
wseg_004852,,,,,34883,34903,21,21,0,14254.52,14261.02,6.5,,0.8799999999991996,1.0200000000004366,3,0,21,0,[],False,False
wseg_004853,,,,,34904,34918,15,15,0,14261.9,14270.28,8.380000000001019,,0.23999999999978172,0.5199999999986176,3,0,15,0,[],False,False
wseg_004854,,,,,34919,34924,6,6,0,14270.52,14271.94,1.4200000000000728,,0.0,0.0,0,0,6,0,[],False,False
wseg_004855,,,,,34925,34929,5,5,0,14271.94,14273.5,1.5599999999994907,,0.020000000000436557,0.020000000000436557,1,0,5,0,[],False,False
wseg_004856,,,,,34930,34936,7,7,0,14273.52,14274.74,1.2199999999993452,,0.13999999999941792,0.13999999999941792,1,0,7,0,[],False,False
wseg_004857,,,,,34937,34945,9,9,0,14274.88,14277.36,2.4800000000013824,,0.15999999999985448,0.15999999999985448,1,0,9,0,[],False,False
wseg_004858,,,,,34946,34952,7,7,0,14277.52,14278.76,1.2399999999997817,,0.8000000000010914,0.8000000000010914,1,0,7,0,[],False,False
wseg_004859,,,,,34953,34976,24,24,0,14279.560000000001,14288.06,8.499999999998181,,0.42000000000007276,0.6999999999989086,3,0,24,0,[],False,False
wseg_004860,,,,,34977,35001,25,25,0,14288.06,14294.74,6.680000000000291,,0.23999999999978172,0.31999999999970896,2,0,25,0,[],False,False
wseg_004861,,,,,35002,35006,5,5,0,14294.98,14296.36,1.3800000000010186,,0.0,0.0,0,0,5,0,[],False,False
wseg_004862,,,,,35007,35019,13,13,0,14296.36,14299.82,3.459999999999127,,1.1200000000008004,1.1200000000008004,1,0,13,0,[],False,False
wseg_004863,,,,,35020,35026,7,7,0,14300.94,14303.5,2.5599999999994907,,0.020000000000436557,0.020000000000436557,1,0,7,0,[],False,False
wseg_004864,,,,,35027,35039,13,13,0,14303.52,14307.48,3.959999999999127,,0.05999999999949068,0.07999999999992724,2,0,13,0,[],False,False
wseg_004865,,,,,35040,35057,18,18,0,14307.48,14314.08,6.600000000000364,,0.12000000000080036,0.12000000000080036,1,0,18,0,[],False,False
wseg_004866,,,,,35058,35072,15,15,0,14314.2,14319.78,5.579999999999927,,0.15999999999985448,0.2600000000002183,3,0,15,0,[],False,False
wseg_004867,,,,,35073,35089,17,17,0,14319.94,14325.36,5.420000000000073,,0.07999999999992724,0.07999999999992724,1,0,17,0,[],False,False
wseg_004868,,,,,35090,35111,22,22,0,14325.44,14332.46,7.019999999998618,,1.0600000000013097,1.180000000003929,3,0,22,0,[],False,False
wseg_004869,,,,,35112,35117,6,6,0,14333.52,14334.72,1.1999999999989086,,0.5,0.5,1,0,6,0,[],False,False
wseg_004870,,,,,35118,35118,1,1,0,14335.22,14335.46,0.23999999999978172,,7.080000000001746,7.080000000001746,1,0,1,0,[],False,False
wseg_004871,,,,,35119,35127,9,9,0,14342.54,14346.32,3.779999999998836,,0.15999999999985448,0.2600000000002183,2,0,9,0,[],False,False
wseg_004872,,,,,35128,35145,18,18,0,14346.48,14353.22,6.739999999999782,,0.1000000000003638,0.15999999999985448,3,0,18,0,[],False,False
wseg_004873,,,,,35146,35165,20,20,0,14353.32,14359.58,6.260000000000218,,0.07999999999992724,0.07999999999992724,1,0,20,0,[],False,False
wseg_004874,,,,,35166,35190,25,25,0,14359.58,14367.92,8.340000000000146,,0.2999999999992724,0.2999999999992724,1,0,25,0,[],False,False
wseg_004875,,,,,35191,35195,5,5,0,14367.92,14370.88,2.959999999999127,,0.6000000000003638,0.6000000000003638,1,0,5,0,[],False,False
wseg_004876,,,,,35196,35211,16,16,0,14371.48,14379.98,8.5,,0.18000000000029104,0.18000000000029104,1,0,16,0,[],False,False
wseg_004877,,,,,35212,35224,13,13,0,14380.16,14386.58,6.420000000000073,,0.8799999999991996,0.8799999999991996,1,0,13,0,[],False,False
wseg_004878,,,,,35225,35239,15,15,0,14387.46,14389.56,2.100000000000364,,0.0,0.0,0,0,15,0,[],False,False
wseg_004879,,,,,35240,35247,8,8,0,14389.56,14391.5,1.9400000000005093,,0.18000000000029104,0.18000000000029104,1,0,8,0,[],False,False
wseg_004880,,,,,35248,35259,12,12,0,14391.68,14394.96,3.279999999998836,,1.6000000000003638,1.6200000000008004,2,0,12,0,[],False,False
wseg_004881,,,,,35260,35271,12,12,0,14396.56,14401.8,5.239999999999782,,0.4399999999986903,0.7800000000006548,3,0,12,0,[],False,False
wseg_004882,,,,,35272,35297,26,26,0,14402.02,14408.62,6.600000000000364,,0.4599999999991269,0.4599999999991269,1,0,26,0,[],False,False
wseg_004883,,,,,35298,35314,17,17,0,14409.08,14413.08,4.0,,0.42000000000007276,0.42000000000007276,1,0,17,0,[],False,False
wseg_004884,,,,,35315,35326,12,12,0,14413.5,14416.22,2.719999999999345,,0.0,0.0,0,0,12,0,[],False,False
wseg_004885,,,,,35327,35342,16,16,0,14416.22,14424.4,8.180000000000291,,0.040000000000873115,0.06000000000130967,2,0,16,0,[],False,False
wseg_004886,,,,,35343,35365,23,23,0,14424.44,14431.02,6.579999999999927,,0.1000000000003638,0.1000000000003638,1,0,23,0,[],False,False
wseg_004887,,,,,35366,35388,23,23,0,14431.12,14438.46,7.3399999999983265,,0.06000000000130967,0.06000000000130967,1,0,23,0,[],False,False
wseg_004888,,,,,35389,35413,25,25,0,14438.46,14445.32,6.860000000000582,,0.8999999999996362,1.0799999999999272,2,0,25,0,[],False,False
wseg_004889,,,,,35414,35427,14,14,0,14446.22,14449.4,3.180000000000291,,0.18000000000029104,0.37999999999919964,3,0,14,0,[],False,False
wseg_004890,,,,,35428,35440,13,13,0,14449.58,14453.14,3.5599999999994907,,0.040000000000873115,0.040000000000873115,1,0,13,0,[],False,False
wseg_004891,,,,,35441,35450,10,10,0,14453.18,14456.72,3.539999999999054,,2.900000000001455,2.900000000001455,1,0,10,0,[],False,False
wseg_004892,,,,,35451,35460,10,10,0,14459.62,14462.3,2.679999999998472,,2.460000000000946,2.640000000001237,3,0,10,0,[],False,False
wseg_004893,,,,,35461,35464,4,4,0,14464.76,14465.92,1.1599999999998545,,0.12000000000080036,0.12000000000080036,1,0,4,0,[],False,False
wseg_004894,,,,,35465,35489,25,25,0,14466.04,14472.08,6.039999999999054,,0.2999999999992724,0.5599999999994907,2,0,25,0,[],False,False
wseg_004895,,,,,35490,35498,9,9,0,14472.38,14475.1,2.720000000001164,,0.040000000000873115,0.040000000000873115,1,0,9,0,[],False,False
wseg_004896,,,,,35499,35517,19,19,0,14475.1,14480.42,5.319999999999709,,0.2600000000002183,0.47999999999956344,4,0,19,0,[],False,False
wseg_004897,,,,,35518,35531,14,14,0,14480.68,14483.68,3.0,,0.7600000000002183,0.7600000000002183,1,0,14,0,[],False,False
wseg_004898,,,,,35532,35550,19,19,0,14484.44,14488.88,4.43999999999869,,0.2600000000002183,0.28000000000065484,2,0,19,0,[],False,False
wseg_004899,,,,,35551,35575,25,25,0,14488.9,14493.82,4.920000000000073,,0.5400000000008731,0.7400000000016007,2,0,25,0,[],False,False
wseg_004900,,,,,35576,35598,23,23,0,14494.36,14499.84,5.479999999999563,,0.05999999999949068,0.09999999999854481,2,0,23,0,[],False,False
wseg_004901,,,,,35599,35619,21,21,0,14499.88,14504.98,5.100000000000364,,0.12000000000080036,0.12000000000080036,1,0,21,0,[],False,False
wseg_004902,,,,,35620,35633,14,14,0,14505.1,14508.72,3.6199999999989814,,0.32000000000152795,0.32000000000152795,1,0,14,0,[],False,False
wseg_004903,,,,,35634,35647,14,14,0,14509.04,14512.1,3.0599999999994907,,0.5599999999994907,0.5599999999994907,1,0,14,0,[],False,False
wseg_004904,,,,,35648,35666,19,19,0,14512.66,14518.04,5.380000000001019,,0.09999999999854481,0.11999999999716238,2,0,19,0,[],False,False
wseg_004905,,,,,35667,35684,18,18,0,14518.14,14522.44,4.300000000001091,,0.4599999999991269,0.4599999999991269,1,0,18,0,[],False,False
wseg_004906,,,,,35685,35695,11,11,0,14522.9,14524.92,2.0200000000004366,,0.31999999999970896,0.31999999999970896,1,0,11,0,[],False,False
wseg_004907,,,,,35696,35719,24,24,0,14525.24,14529.56,4.319999999999709,,0.06000000000130967,0.06000000000130967,1,0,24,0,[],False,False
wseg_004908,,,,,35720,35727,8,8,0,14529.62,14532.78,3.1599999999998545,,0.5200000000004366,0.5400000000008731,2,0,8,0,[],False,False
wseg_004909,,,,,35728,35733,6,6,0,14533.300000000001,14534.96,1.6599999999980355,,0.1400000000012369,0.2600000000002183,3,0,6,0,[],False,False
wseg_004910,,,,,35734,35745,12,12,0,14535.1,14537.98,2.8799999999991996,,0.48000000000138243,0.48000000000138243,1,0,12,0,[],False,False
wseg_004911,,,,,35746,35753,8,8,0,14538.460000000001,14540.98,2.5199999999986176,,0.0,0.0,0,0,8,0,[],False,False
wseg_004912,,,,,35754,35772,19,19,0,14540.98,14544.88,3.899999999999636,,0.4400000000005093,0.4400000000005093,1,0,19,0,[],False,False
wseg_004913,,,,,35773,35785,13,13,0,14545.32,14548.54,3.220000000001164,,0.11999999999898137,0.11999999999898137,1,0,13,0,[],False,False
wseg_004914,,,,,35786,35794,9,9,0,14548.66,14550.5,1.8400000000001455,,0.5,0.5,1,0,9,0,[],False,False
wseg_004915,,,,,35795,35804,10,10,0,14551.0,14553.1,2.100000000000364,,0.6000000000003638,0.6200000000008004,2,0,10,0,[],False,False
wseg_004916,,,,,35805,35818,14,14,0,14553.7,14556.14,2.4399999999986903,,0.07999999999992724,0.1400000000012369,2,0,14,0,[],False,False
wseg_004917,,,,,35819,35830,12,12,0,14556.22,14559.18,2.960000000000946,,0.12000000000080036,0.15999999999985448,2,0,12,0,[],False,False
wseg_004918,,,,,35831,35838,8,8,0,14559.22,14561.88,2.6599999999998545,,0.3000000000010914,0.42000000000007276,3,0,8,0,[],False,False
wseg_004919,,,,,35839,35846,8,8,0,14562.18,14564.64,2.459999999999127,,0.020000000000436557,0.020000000000436557,1,0,8,0,[],False,False
wseg_004920,,,,,35847,35849,3,3,0,14564.66,14565.08,0.42000000000007276,,0.020000000000436557,0.020000000000436557,1,0,3,0,[],False,False
wseg_004921,,,,,35850,35857,8,8,0,14565.1,14567.26,2.1599999999998545,,0.15999999999985448,0.2600000000002183,2,0,8,0,[],False,False
wseg_004922,,,,,35858,35870,13,13,0,14567.36,14570.6,3.2399999999997817,,0.1000000000003638,0.1000000000003638,1,0,13,0,[],False,False
wseg_004923,,,,,35871,35876,6,6,0,14570.7,14571.96,1.2599999999983993,,0.1400000000012369,0.1400000000012369,1,0,6,0,[],False,False
wseg_004924,,,,,35877,35885,9,9,0,14572.1,14573.92,1.819999999999709,,0.13999999999941792,0.13999999999941792,1,0,9,0,[],False,False
wseg_004925,,,,,35886,35894,9,9,0,14574.06,14576.92,2.860000000000582,,0.1000000000003638,0.1000000000003638,1,0,9,0,[],False,False
wseg_004926,,,,,35895,35903,9,9,0,14577.02,14579.02,2.0,,0.4399999999986903,0.4399999999986903,1,0,9,0,[],False,False
wseg_004927,,,,,35904,35911,8,8,0,14579.46,14580.9,1.4400000000005093,,0.1400000000012369,0.2800000000024738,2,0,8,0,[],False,False
wseg_004928,,,,,35912,35914,3,3,0,14581.04,14581.96,0.9199999999982538,,0.2400000000016007,0.2400000000016007,1,0,3,0,[],False,False
wseg_004929,,,,,35915,35921,7,7,0,14582.2,14585.4,3.1999999999989086,,0.0,0.0,0,0,7,0,[],False,False
wseg_004930,,,,,35922,35929,8,8,0,14585.4,14587.32,1.9200000000000728,,0.2000000000007276,0.2000000000007276,1,0,8,0,[],False,False
wseg_004931,,,,,35930,35945,16,16,0,14587.52,14590.72,3.1999999999989086,,0.13999999999941792,0.2000000000007276,2,0,16,0,[],False,False
wseg_004932,,,,,35946,35952,7,7,0,14590.78,14592.82,2.039999999999054,,0.0,0.0,0,0,7,0,[],False,False
wseg_004933,,,,,35953,35956,4,4,0,14592.82,14594.54,1.7200000000011642,,0.0,0.0,0,0,4,0,[],False,False
wseg_004934,,,,,35957,35958,2,2,0,14594.54,14595.08,0.5399999999990541,,0.020000000000436557,0.020000000000436557,1,0,2,0,[],False,False
wseg_004935,,,,,35959,35963,5,5,0,14595.1,14596.28,1.180000000000291,,0.039999999999054126,0.039999999999054126,1,0,5,0,[],False,False
wseg_004936,,,,,35964,35972,9,9,0,14596.32,14598.32,2.0,,0.18000000000029104,0.18000000000029104,1,0,9,0,[],False,False
wseg_004937,,,,,35973,35980,8,8,0,14598.5,14601.28,2.780000000000655,,0.0,0.0,0,0,8,0,[],False,False
wseg_004938,,,,,35981,35989,9,9,0,14601.28,14602.92,1.639999999999418,,0.0,0.0,0,0,9,0,[],False,False
wseg_004939,,,,,35990,35990,1,1,0,14602.92,14603.2,0.28000000000065484,,0.5399999999990541,0.5399999999990541,1,0,1,0,[],False,False
wseg_004940,,,,,35991,35993,3,3,0,14603.74,14604.74,1.0,,1.139999999999418,1.139999999999418,1,0,3,0,[],False,False
wseg_004941,,,,,35994,35997,4,4,0,14605.88,14607.24,1.360000000000582,,0.0,0.0,0,0,4,0,[],False,False
wseg_004942,,,,,35998,36000,3,3,0,14607.24,14607.98,0.7399999999997817,,0.020000000000436557,0.020000000000436557,1,0,3,0,[],False,False
wseg_004943,,,,,36001,36007,7,7,0,14608.0,14609.72,1.7199999999993452,,0.42000000000007276,0.42000000000007276,1,0,7,0,[],False,False
wseg_004944,,,,,36008,36014,7,7,0,14610.14,14614.24,4.100000000000364,,0.9200000000000728,0.9200000000000728,1,0,7,0,[],False,False
wseg_004945,,,,,36015,36023,9,9,0,14615.16,14616.88,1.7199999999993452,,0.06000000000130967,0.06000000000130967,1,0,9,0,[],False,False
wseg_004946,,,,,36024,36030,7,7,0,14616.94,14619.0,2.0599999999994907,,0.5200000000004366,0.5200000000004366,1,0,7,0,[],False,False
wseg_004947,,,,,36031,36041,11,11,0,14619.52,14623.1,3.5799999999999272,,0.0,0.0,0,0,11,0,[],False,False
wseg_004948,,,,,36042,36052,11,11,0,14623.1,14625.96,2.859999999998763,,0.0,0.0,0,0,11,0,[],False,False
wseg_004949,,,,,36053,36063,11,11,0,14625.96,14630.26,4.300000000001091,,0.07999999999992724,0.07999999999992724,1,0,11,0,[],False,False
wseg_004950,,,,,36064,36068,5,5,0,14630.34,14632.46,2.1199999999989814,,0.040000000000873115,0.040000000000873115,1,0,5,0,[],False,False
wseg_004951,,,,,36069,36073,5,5,0,14632.5,14634.0,1.5,,0.0,0.0,0,0,5,0,[],False,False
wseg_004952,,,,,36074,36077,4,4,0,14634.0,14635.74,1.7399999999997817,,0.1000000000003638,0.1000000000003638,1,0,4,0,[],False,False
wseg_004953,,,,,36078,36085,8,8,0,14635.84,14638.56,2.719999999999345,,0.0,0.0,0,0,8,0,[],False,False
wseg_004954,,,,,36086,36093,8,8,0,14638.56,14642.18,3.6200000000008004,,0.11999999999898137,0.11999999999898137,1,0,8,0,[],False,False
wseg_004955,,,,,36094,36099,6,6,0,14642.3,14644.08,1.7800000000006548,,0.0,0.0,0,0,6,0,[],False,False
wseg_004956,,,,,36100,36103,4,4,0,14644.08,14645.68,1.6000000000003638,,0.039999999999054126,0.039999999999054126,1,0,4,0,[],False,False
wseg_004957,,,,,36104,36108,5,5,0,14645.72,14646.56,0.8400000000001455,,0.0,0.0,0,0,5,0,[],False,False
wseg_004958,,,,,36109,36112,4,4,0,14646.56,14647.88,1.319999999999709,,0.1000000000003638,0.1000000000003638,1,0,4,0,[],False,False
wseg_004959,,,,,36113,36118,6,6,0,14647.98,14650.48,2.5,,0.0,0.0,0,0,6,0,[],False,False
wseg_004960,,,,,36119,36127,9,9,0,14650.48,14652.38,1.8999999999996362,,0.0,0.0,0,0,9,0,[],False,False
wseg_004961,,,,,36128,36135,8,8,0,14652.38,14658.06,5.680000000000291,,0.3000000000010914,0.6399999999994179,3,0,8,0,[],False,False
wseg_004962,,,,,36136,36142,7,7,0,14658.36,14662.62,4.260000000000218,,0.15999999999985448,0.15999999999985448,1,0,7,0,[],False,False
wseg_004963,,,,,36143,36149,7,7,0,14662.62,14664.48,1.859999999998763,,0.06000000000130967,0.06000000000130967,1,0,7,0,[],False,False
wseg_004964,,,,,36150,36155,6,6,0,14664.54,14667.74,3.1999999999989086,,0.6400000000012369,0.6400000000012369,1,0,6,0,[],False,False
wseg_004965,,,,,36156,36164,9,9,0,14668.380000000001,14671.52,3.139999999999418,,0.0,0.0,0,0,9,0,[],False,False
wseg_004966,,,,,36165,36174,10,10,0,14671.52,14675.26,3.7399999999997817,,0.05999999999949068,0.05999999999949068,1,0,10,0,[],False,False
wseg_004967,,,,,36175,36180,6,6,0,14675.32,14676.5,1.180000000000291,,0.1000000000003638,0.18000000000029104,2,0,6,0,[],False,False
wseg_004968,,,,,36181,36189,9,9,0,14676.6,14679.68,3.0799999999999272,,0.040000000000873115,0.040000000000873115,1,0,9,0,[],False,False
wseg_004969,,,,,36190,36194,5,5,0,14679.68,14681.16,1.4799999999995634,,0.0,0.0,0,0,5,0,[],False,False
wseg_004970,,,,,36195,36199,5,5,0,14681.16,14683.68,2.5200000000004366,,0.0,0.0,0,0,5,0,[],False,False
wseg_004971,,,,,36200,36205,6,6,0,14683.68,14685.5,1.819999999999709,,0.0,0.0,0,0,6,0,[],False,False
wseg_004972,,,,,36206,36212,7,7,0,14685.5,14687.24,1.7399999999997817,,0.0,0.0,0,0,7,0,[],False,False
wseg_004973,,,,,36213,36217,5,5,0,14687.24,14689.18,1.9400000000005093,,0.0,0.0,0,0,5,0,[],False,False
wseg_004974,,,,,36218,36222,5,5,0,14689.18,14691.84,2.6599999999998545,,0.1000000000003638,0.1000000000003638,1,0,5,0,[],False,False
wseg_004975,,,,,36223,36230,8,8,0,14691.94,14693.24,1.2999999999992724,,0.06000000000130967,0.06000000000130967,1,0,8,0,[],False,False
wseg_004976,,,,,36231,36234,4,4,0,14693.24,14695.16,1.9200000000000728,,0.0,0.0,0,0,4,0,[],False,False
wseg_004977,,,,,36235,36242,8,8,0,14695.16,14698.36,3.2000000000007276,,0.05999999999949068,0.05999999999949068,1,0,8,0,[],False,False
wseg_004978,,,,,36243,36245,3,3,0,14698.42,14700.88,2.459999999999127,,0.1000000000003638,0.1000000000003638,1,0,3,0,[],False,False
wseg_004979,,,,,36246,36249,4,4,0,14700.98,14702.64,1.6599999999998545,,0.2000000000007276,0.2000000000007276,1,0,4,0,[],False,False
wseg_004980,,,,,36250,36253,4,4,0,14702.84,14705.44,2.600000000000364,,0.05999999999949068,0.05999999999949068,1,0,4,0,[],False,False
wseg_004981,,,,,36254,36256,3,3,0,14705.5,14706.4,0.8999999999996362,,0.28000000000065484,0.28000000000065484,1,0,3,0,[],False,False
wseg_004982,,,,,36257,36261,5,5,0,14706.68,14708.98,2.2999999999992724,,0.0,0.0,0,0,5,0,[],False,False
wseg_004983,,,,,36262,36267,6,6,0,14708.98,14710.6,1.6200000000008004,,0.5599999999994907,0.5599999999994907,1,0,6,0,[],False,False
wseg_004984,,,,,36268,36275,8,8,0,14711.16,14712.78,1.6200000000008004,,0.0,0.0,0,0,8,0,[],False,False
wseg_004985,,,,,36276,36280,5,5,0,14712.78,14715.16,2.3799999999991996,,0.6200000000008004,0.6200000000008004,1,0,5,0,[],False,False
wseg_004986,,,,,36281,36285,5,5,0,14715.78,14717.5,1.7199999999993452,,0.0,0.0,0,0,5,0,[],False,False
wseg_004987,,,,,36286,36292,7,7,0,14717.5,14718.32,0.819999999999709,,0.0,0.0,0,0,7,0,[],False,False
wseg_004988,,,,,36293,36301,9,9,0,14718.32,14720.8,2.4799999999995634,,0.1000000000003638,0.1000000000003638,1,0,9,0,[],False,False
wseg_004989,,,,,36302,36309,8,8,0,14720.9,14723.54,2.640000000001237,,0.05999999999949068,0.05999999999949068,1,0,8,0,[],False,False
wseg_004990,,,,,36310,36312,3,3,0,14723.54,14725.66,2.1199999999989814,,0.020000000000436557,0.020000000000436557,1,0,3,0,[],False,False
wseg_004991,,,,,36313,36320,8,8,0,14725.68,14726.6,0.9200000000000728,,0.0,0.0,0,0,8,0,[],False,False
wseg_004992,,,,,36321,36326,6,6,0,14726.6,14727.64,1.0399999999990541,,0.0,0.0,0,0,6,0,[],False,False
wseg_004993,,,,,36327,36332,6,6,0,14727.64,14729.76,2.1200000000008004,,0.3600000000005821,0.6000000000003638,2,0,6,0,[],False,False
wseg_004994,,,,,36333,36340,8,8,0,14730.12,14732.9,2.779999999998836,,0.0,0.0,0,0,8,0,[],False,False
wseg_004995,,,,,36341,36348,8,8,0,14732.9,14734.54,1.640000000001237,,0.0,0.0,0,0,8,0,[],False,False
wseg_004996,,,,,36349,36353,5,5,0,14734.54,14736.96,2.4199999999982538,,2.140000000001237,2.140000000001237,1,0,5,0,[],False,False
wseg_004997,,,,,36354,36356,3,3,0,14739.1,14740.72,1.6199999999989814,,0.020000000000436557,0.020000000000436557,1,0,3,0,[],False,False
wseg_004998,,,,,36357,36362,6,6,0,14740.74,14741.84,1.1000000000003638,,2.2600000000002183,2.2600000000002183,1,0,6,0,[],False,False
wseg_004999,,,,,36363,36366,4,4,0,14744.1,14746.0,1.8999999999996362,,0.2000000000007276,0.2000000000007276,1,0,4,0,[],False,False
wseg_005000,,,,,36367,36369,3,3,0,14746.2,14747.48,1.2799999999988358,,0.06000000000130967,0.06000000000130967,1,0,3,0,[],False,False
wseg_005001,,,,,36370,36375,6,6,0,14747.54,14749.82,2.279999999998836,,0.1000000000003638,0.1000000000003638,1,0,6,0,[],False,False
wseg_005002,,,,,36376,36379,4,4,0,14749.92,14751.5,1.5799999999999272,,0.0,0.0,0,0,4,0,[],False,False
wseg_005003,,,,,36380,36385,6,6,0,14751.5,14753.48,1.9799999999995634,,1.2399999999997817,1.319999999999709,2,0,6,0,[],False,False
wseg_005004,,,,,36386,36388,3,3,0,14754.72,14756.26,1.5400000000008731,,0.0,0.0,0,0,3,0,[],False,False
wseg_005005,,,,,36389,36396,8,8,0,14756.26,14759.7,3.4400000000005093,,0.6199999999989814,0.6199999999989814,1,0,8,0,[],False,False
wseg_005006,,,,,36397,36400,4,4,0,14760.32,14761.92,1.6000000000003638,,0.0,0.0,0,0,4,0,[],False,False
wseg_005007,,,,,36401,36406,6,6,0,14761.92,14764.28,2.360000000000582,,0.0,0.0,0,0,6,0,[],False,False
wseg_005008,,,,,36407,36410,4,4,0,14764.28,14766.58,2.2999999999992724,,0.05999999999949068,0.05999999999949068,1,0,4,0,[],False,False
wseg_005009,,,,,36411,36417,7,7,0,14766.64,14766.94,0.3000000000010914,,0.019999999998617568,0.019999999998617568,1,0,7,0,[],False,False
wseg_005010,,,,,36418,36418,1,1,0,14766.96,14767.94,0.9800000000013824,,0.0,0.0,0,0,1,0,[],False,False
wseg_005011,,,,,36419,36421,3,3,0,14767.94,14769.06,1.1199999999989814,,0.0,0.0,0,0,3,0,[],False,False
wseg_005012,,,,,36422,36423,2,2,0,14769.06,14770.18,1.1200000000008004,,0.0,0.0,0,0,2,0,[],False,False
wseg_005013,,,,,36424,36428,5,5,0,14770.18,14773.04,2.860000000000582,,0.0,0.0,0,0,5,0,[],False,False
wseg_005014,,,,,36429,36431,3,3,0,14773.04,14774.96,1.9199999999982538,,0.0,0.0,0,0,3,0,[],False,False
wseg_005015,,,,,36432,36433,2,2,0,14774.96,14776.0,1.0400000000008731,,0.7800000000006548,0.7800000000006548,1,0,2,0,[],False,False
wseg_005016,,,,,36434,36436,3,3,0,14776.78,14778.12,1.3400000000001455,,0.13999999999941792,0.13999999999941792,1,0,3,0,[],False,False
wseg_005017,,,,,36437,36444,8,8,0,14778.26,14780.86,2.600000000000364,,0.819999999999709,0.819999999999709,1,0,8,0,[],False,False
wseg_005018,,,,,36445,36450,6,6,0,14781.68,14783.48,1.7999999999992724,,0.3999999999996362,0.4399999999986903,2,0,6,0,[],False,False
wseg_005019,,,,,36451,36455,5,5,0,14783.88,14785.36,1.4800000000013824,,0.4599999999991269,0.47999999999956344,2,0,5,0,[],False,False
wseg_005020,,,,,36456,36459,4,4,0,14785.82,14787.78,1.9600000000009459,,0.0,0.0,0,0,4,0,[],False,False
wseg_005021,,,,,36460,36463,4,4,0,14787.78,14788.9,1.1199999999989814,,0.0,0.0,0,1,4,0,[],False,False
wseg_005022,,,,,36464,36471,8,8,0,14788.9,14791.7,2.8000000000010914,,0.0,0.0,0,0,8,0,[],False,False
wseg_005023,,,,,36472,36475,4,4,0,14791.7,14793.62,1.9200000000000728,,0.0,0.0,0,0,4,0,[],False,False
wseg_005024,,,,,36476,36478,3,3,0,14793.62,14794.82,1.1999999999989086,,2.139999999999418,2.139999999999418,1,0,3,0,[],False,False
wseg_005025,,,,,36479,36481,3,3,0,14796.96,14797.18,0.22000000000116415,,0.0,0.0,0,0,3,0,[],False,False
wseg_005026,,,,,36482,36485,4,4,0,14797.18,14798.92,1.7399999999997817,,0.6200000000008004,0.6200000000008004,1,0,4,0,[],False,False
wseg_005027,,,,,36486,36490,5,5,0,14799.54,14801.84,2.2999999999992724,,0.020000000000436557,0.020000000000436557,1,0,5,0,[],False,False
wseg_005028,,,,,36491,36498,8,8,0,14801.84,14803.88,2.039999999999054,,0.0,0.0,0,0,8,0,[],False,False
wseg_005029,,,,,36499,36503,5,5,0,14803.88,14805.02,1.140000000001237,,0.020000000000436557,0.020000000000436557,1,0,5,0,[],False,False
wseg_005030,,,,,36504,36506,3,3,0,14805.04,14806.48,1.4399999999986903,,1.4000000000014552,1.4000000000014552,1,0,3,0,[],False,False
wseg_005031,,,,,36507,36509,3,3,0,14807.880000000001,14810.16,2.279999999998836,,0.0,0.0,0,0,3,0,[],False,False
wseg_005032,,,,,36510,36512,3,3,0,14810.16,14811.78,1.6200000000008004,,0.0,0.0,0,0,3,0,[],False,False
wseg_005033,,,,,36513,36515,3,3,0,14811.78,14812.94,1.1599999999998545,,0.0,0.0,0,0,3,0,[],False,False
wseg_005034,,,,,36516,36521,6,6,0,14812.94,14815.04,2.100000000000364,,0.3400000000001455,0.3400000000001455,1,0,6,0,[],False,False
wseg_005035,,,,,36522,36529,8,8,0,14815.04,14817.62,2.5799999999999272,,2.0599999999994907,2.0599999999994907,1,0,8,0,[],False,False
wseg_005036,,,,,36530,36532,3,3,0,14819.68,14821.32,1.639999999999418,,0.0,0.0,0,0,3,0,[],False,False
wseg_005037,,,,,36533,36535,3,3,0,14821.32,14822.96,1.639999999999418,,0.06000000000130967,0.06000000000130967,1,0,3,0,[],False,False
wseg_005038,,,,,36536,36538,3,3,0,14823.02,14824.08,1.0599999999994907,,0.0,0.0,0,0,3,0,[],False,False
wseg_005039,,,,,36539,36543,5,5,0,14824.08,14824.82,0.7399999999997817,,2.139999999999418,2.139999999999418,1,0,5,0,[],False,False
wseg_005040,,,,,36544,36546,3,3,0,14826.96,14827.36,0.4000000000014552,,0.0,0.0,0,0,3,0,[],False,False
wseg_005041,,,,,36547,36552,6,6,0,14827.36,14829.62,2.2600000000002183,,0.5399999999990541,0.5399999999990541,1,0,6,0,[],False,False
wseg_005042,,,,,36553,36559,7,7,0,14830.16,14831.56,1.3999999999996362,,0.0,0.0,0,0,7,0,[],False,False
wseg_005043,,,,,36560,36563,4,4,0,14831.56,14833.78,2.220000000001164,,0.4399999999986903,0.4399999999986903,1,0,4,0,[],False,False
wseg_005044,,,,,36564,36566,3,3,0,14834.22,14835.24,1.0200000000004366,,0.2000000000007276,0.2600000000002183,2,0,3,0,[],False,False
wseg_005045,,,,,36567,36571,5,5,0,14835.44,14836.9,1.4599999999991269,,0.0,0.0,0,0,5,0,[],False,False
wseg_005046,,,,,36572,36579,8,8,0,14836.9,14839.76,2.860000000000582,,0.2600000000002183,0.2600000000002183,1,0,8,0,[],False,False
wseg_005047,,,,,36580,36586,7,7,0,14840.02,14842.86,2.8400000000001455,,0.0,0.0,0,0,7,0,[],False,False
wseg_005048,,,,,36587,36591,5,5,0,14842.86,14843.9,1.0399999999990541,,0.0,0.0,0,0,5,0,[],False,False
wseg_005049,,,,,36592,36596,5,5,0,14843.9,14845.6,1.7000000000007276,,0.0,0.0,0,0,5,0,[],False,False
wseg_005050,,,,,36597,36600,4,4,0,14845.6,14847.5,1.8999999999996362,,0.9800000000013824,0.9800000000013824,1,0,4,0,[],False,False
wseg_005051,,,,,36601,36605,5,5,0,14848.480000000001,14850.72,2.2399999999979627,,0.0,0.0,0,0,5,0,[],False,False
wseg_005052,,,,,36606,36611,6,6,0,14850.72,14852.82,2.100000000000364,,0.0,0.0,0,0,6,0,[],False,False
wseg_005053,,,,,36612,36616,5,5,0,14852.82,14854.76,1.9400000000005093,,0.0,0.0,0,0,5,0,[],False,False
wseg_005054,,,,,36617,36619,3,3,0,14854.76,14856.22,1.4599999999991269,,1.0400000000008731,1.0400000000008731,1,0,3,0,[],False,False
wseg_005055,,,,,36620,36620,1,1,0,14857.26,14857.74,0.47999999999956344,,0.2600000000002183,0.2600000000002183,1,0,1,0,[],False,False
wseg_005056,,,,,36621,36626,6,6,0,14858.0,14860.22,2.219999999999345,,0.0,0.0,0,0,6,0,[],False,False
wseg_005057,,,,,36627,36635,9,9,0,14860.22,14862.22,2.0,,0.0,0.0,0,0,9,0,[],False,False
wseg_005058,,,,,36636,36639,4,4,0,14862.22,14863.32,1.1000000000003638,,0.07999999999992724,0.07999999999992724,1,0,4,0,[],False,False
wseg_005059,,,,,36640,36645,6,6,0,14863.4,14865.34,1.9400000000005093,,0.0,0.0,0,0,6,0,[],False,False
wseg_005060,,,,,36646,36650,5,5,0,14865.34,14866.96,1.6199999999989814,,0.0,0.0,0,0,5,0,[],False,False
wseg_005061,,,,,36651,36655,5,5,0,14866.96,14869.06,2.100000000000364,,0.0,0.0,0,0,5,0,[],False,False
wseg_005062,,,,,36656,36661,6,6,0,14869.06,14870.96,1.8999999999996362,,0.0,0.0,0,0,6,0,[],False,False
wseg_005063,,,,,36662,36668,7,7,0,14870.96,14872.42,1.4600000000009459,,0.0,0.0,0,0,7,0,[],False,False
wseg_005064,,,,,36669,36673,5,5,0,14872.42,14873.9,1.4799999999995634,,0.0,0.0,0,0,5,0,[],False,False
wseg_005065,,,,,36674,36681,8,8,0,14873.9,14876.28,2.3800000000010186,,0.0,0.0,0,0,8,0,[],False,False
wseg_005066,,,,,36682,36683,2,2,0,14876.28,14876.98,0.6999999999989086,,1.5400000000008731,1.5400000000008731,1,0,2,0,[],False,False
wseg_005067,,,,,36684,36687,4,4,0,14878.52,14879.9,1.3799999999991996,,1.8000000000010914,1.8000000000010914,1,0,4,0,[],False,False
wseg_005068,,,,,36688,36691,4,4,0,14881.7,14883.62,1.9200000000000728,,0.17999999999847205,0.17999999999847205,1,0,4,0,[],False,False
wseg_005069,,,,,36692,36698,7,7,0,14883.8,14886.08,2.280000000000655,,1.319999999999709,1.360000000000582,2,0,7,0,[],False,False
wseg_005070,,,,,36699,36707,9,9,0,14887.4,14888.96,1.5599999999994907,,0.16000000000167347,0.16000000000167347,1,0,9,0,[],False,False
wseg_005071,,,,,36708,36716,9,9,0,14889.12,14890.1,0.9799999999995634,,0.41999999999825377,0.41999999999825377,1,0,9,0,[],False,False
wseg_005072,,,,,36717,36725,9,9,0,14890.519999999999,14892.56,2.040000000000873,,0.2000000000007276,0.2000000000007276,1,0,9,0,[],False,False
wseg_005073,,,,,36726,36734,9,9,0,14892.76,14894.54,1.7800000000006548,,0.3999999999996362,0.42000000000007276,2,0,9,0,[],False,False
wseg_005074,,,,,36735,36743,9,9,0,14894.94,14896.12,1.180000000000291,,0.3999999999978172,0.3999999999978172,1,0,9,0,[],False,False
wseg_005075,,,,,36744,36749,6,6,0,14896.519999999999,14897.68,1.1600000000016735,,0.42000000000007276,0.42000000000007276,1,0,6,0,[],False,False
wseg_005076,,,,,36750,36758,9,9,0,14898.1,14899.1,1.0,,0.4599999999991269,0.4599999999991269,1,0,9,0,[],False,False
wseg_005077,,,,,36759,36770,12,12,0,14899.56,14902.14,2.5799999999999272,,0.0,0.0,0,0,12,0,[],False,False
wseg_005078,,,,,36771,36781,11,11,0,14902.14,14904.38,2.2399999999997817,,0.0,0.0,0,0,11,0,[],False,False
wseg_005079,,,,,36782,36785,4,4,0,14904.38,14905.78,1.4000000000014552,,0.039999999999054126,0.039999999999054126,1,0,4,0,[],False,False
wseg_005080,,,,,36786,36794,9,9,0,14905.82,14907.02,1.2000000000007276,,0.11999999999898137,0.13999999999759893,2,0,9,0,[],False,False
wseg_005081,,,,,36795,36800,6,6,0,14907.14,14908.56,1.4200000000000728,,0.5200000000004366,0.5200000000004366,1,0,6,0,[],False,False
wseg_005082,,,,,36801,36808,8,8,0,14909.08,14912.12,3.040000000000873,,0.09999999999854481,0.09999999999854481,1,0,8,0,[],False,False
wseg_005083,,,,,36809,36815,7,7,0,14912.22,14914.68,2.460000000000946,,0.4599999999991269,0.4599999999991269,1,0,7,0,[],False,False
wseg_005084,,,,,36816,36825,10,10,0,14915.14,14916.8,1.6599999999998545,,0.15999999999985448,0.21999999999934516,2,0,10,0,[],False,False
wseg_005085,,,,,36826,36838,13,13,0,14916.96,14918.92,1.9600000000009459,,0.7600000000002183,0.7600000000002183,1,0,13,0,[],False,False
wseg_005086,,,,,36839,36842,4,4,0,14919.68,14921.02,1.3400000000001455,,0.0,0.0,0,0,4,0,[],False,False
wseg_005087,,,,,36843,36852,10,10,0,14921.02,14923.2,2.180000000000291,,0.0,0.0,0,0,10,0,[],False,False
wseg_005088,,,,,36853,36863,11,11,0,14923.2,14925.26,2.0599999999994907,,0.5799999999981083,0.5799999999981083,1,0,11,0,[],False,False
wseg_005089,,,,,36864,36871,8,8,0,14925.839999999998,14927.54,1.7000000000025466,,0.0,0.0,0,0,8,0,[],False,False
wseg_005090,,,,,36872,36874,3,3,0,14927.54,14927.94,0.3999999999996362,,0.679999999998472,0.679999999998472,1,0,3,0,[],False,False
wseg_005091,,,,,36875,36884,10,10,0,14928.619999999999,14930.54,1.9200000000018917,,0.6199999999971624,0.6999999999970896,2,0,10,0,[],False,False
wseg_005092,,,,,36885,36890,6,6,0,14931.159999999998,14932.96,1.8000000000010914,,0.18000000000029104,0.18000000000029104,1,0,6,0,[],False,False
wseg_005093,,,,,36891,36899,9,9,0,14932.96,14935.04,2.0800000000017462,,0.2000000000007276,0.2000000000007276,1,0,9,0,[],False,False
wseg_005094,,,,,36900,36906,7,7,0,14935.04,14936.98,1.9399999999986903,,0.0,0.0,0,0,7,0,[],False,False
wseg_005095,,,,,36907,36909,3,3,0,14936.98,14937.86,0.8800000000010186,,0.42000000000007276,0.42000000000007276,1,0,3,0,[],False,False
wseg_005096,,,,,36910,36918,9,9,0,14938.28,14940.34,2.0599999999994907,,0.0,0.0,0,0,9,0,[],False,False
wseg_005097,,,,,36919,36923,5,5,0,14940.34,14942.62,2.280000000000655,,0.9199999999982538,0.9399999999986903,2,0,5,0,[],False,False
wseg_005098,,,,,36924,36926,3,3,0,14943.539999999999,14944.58,1.0400000000008731,,0.680000000000291,0.680000000000291,1,0,3,0,[],False,False
wseg_005099,,,,,36927,36935,9,9,0,14945.26,14946.94,1.680000000000291,,0.019999999998617568,0.019999999998617568,1,0,9,0,[],False,False
wseg_005100,,,,,36936,36941,6,6,0,14946.96,14949.0,2.040000000000873,,0.0,0.0,0,0,6,0,[],False,False
wseg_005101,,,,,36942,36947,6,6,0,14949.0,14950.92,1.9200000000000728,,0.18000000000029104,0.18000000000029104,1,0,6,0,[],False,False
wseg_005102,,,,,36948,36952,5,5,0,14951.1,14952.58,1.4799999999995634,,0.8400000000001455,0.8400000000001455,1,0,5,0,[],False,False
wseg_005103,,,,,36953,36957,5,5,0,14953.42,14955.38,1.9599999999991269,,0.0,0.0,0,0,5,0,[],False,False
wseg_005104,,,,,36958,36962,5,5,0,14955.38,14957.04,1.6600000000016735,,0.31999999999970896,0.31999999999970896,1,0,5,0,[],False,False
wseg_005105,,,,,36963,36968,6,6,0,14957.36,14959.02,1.6599999999998545,,0.3999999999996362,0.3999999999996362,1,0,6,0,[],False,False
wseg_005106,,,,,36969,36973,5,5,0,14959.42,14961.0,1.5799999999999272,,0.0,0.0,0,0,5,0,[],False,False
wseg_005107,,,,,36974,36981,8,8,0,14961.0,14962.4,1.3999999999996362,,0.5,0.5,1,0,8,0,[],False,False
wseg_005108,,,,,36982,36986,5,5,0,14962.9,14964.6,1.7000000000007276,,0.18000000000029104,0.18000000000029104,1,0,5,0,[],False,False
wseg_005109,,,,,36987,36992,6,6,0,14964.6,14967.04,2.4400000000005093,,0.0,0.0,0,0,6,0,[],False,False
wseg_005110,,,,,36993,36994,2,2,0,14967.04,14967.7,0.6599999999998545,,0.0,0.0,0,0,2,0,[],False,False
wseg_005111,,,,,36995,36999,5,5,0,14967.7,14970.66,2.959999999999127,,0.0,0.0,0,0,5,0,[],False,False
wseg_005112,,,,,37000,37009,10,10,0,14970.66,14972.26,1.6000000000003638,,0.07999999999992724,0.07999999999992724,1,0,10,0,[],False,False
wseg_005113,,,,,37010,37018,9,9,0,14972.34,14974.62,2.280000000000655,,0.020000000000436557,0.020000000000436557,1,0,9,0,[],False,False
wseg_005114,,,,,37019,37026,8,8,0,14974.62,14976.94,2.319999999999709,,0.019999999998617568,0.019999999998617568,1,0,8,0,[],False,False
wseg_005115,,,,,37027,37031,5,5,0,14976.96,14978.9,1.9400000000005093,,0.0,0.0,0,0,5,0,[],False,False
wseg_005116,,,,,37032,37035,4,4,0,14978.9,14980.48,1.5799999999999272,,0.0,0.0,0,0,4,0,[],False,False
wseg_005117,,,,,37036,37041,6,6,0,14980.48,14983.14,2.6599999999998545,,0.0,0.0,0,0,6,0,[],False,False
wseg_005118,,,,,37042,37052,11,11,0,14983.14,14985.06,1.9200000000000728,,0.12000000000080036,0.12000000000080036,1,0,11,0,[],False,False
wseg_005119,,,,,37053,37059,7,7,0,14985.06,14986.72,1.6599999999998545,,0.1000000000003638,0.1000000000003638,1,0,7,0,[],False,False
wseg_005120,,,,,37060,37067,8,8,0,14986.72,14988.88,2.1599999999998545,,0.11999999999898137,0.11999999999898137,1,0,8,0,[],False,False
wseg_005121,,,,,37068,37074,7,7,0,14988.88,14990.64,1.7600000000002183,,0.05999999999949068,0.05999999999949068,1,0,7,0,[],False,False
wseg_005122,,,,,37075,37080,6,6,0,14990.64,14992.68,2.040000000000873,,0.039999999999054126,0.039999999999054126,1,0,6,0,[],False,False
wseg_005123,,,,,37081,37084,4,4,0,14992.68,14993.56,0.8799999999991996,,3.1999999999989086,3.1999999999989086,1,0,4,0,[],False,False
wseg_005124,,,,,37085,37091,7,7,0,14996.759999999998,15002.66,5.900000000001455,,3.099999999998545,3.1199999999989814,2,0,7,0,[],False,False
wseg_005125,,,,,37092,37097,6,6,0,15002.68,15005.06,2.3799999999991996,,0.0,0.0,0,0,6,0,[],False,False
wseg_005126,,,,,37098,37103,6,6,0,15005.06,15006.94,1.8800000000010186,,0.019999999998617568,0.019999999998617568,1,0,6,0,[],False,False
wseg_005127,,,,,37104,37110,7,7,0,15006.96,15008.56,1.6000000000003638,,0.0,0.0,0,0,7,0,[],False,False
wseg_005128,,,,,37111,37119,9,9,0,15008.56,15010.1,1.5400000000008731,,0.4599999999991269,0.5200000000004366,2,0,9,0,[],False,False
wseg_005129,,,,,37120,37128,9,9,0,15010.56,15012.76,2.2000000000007276,,0.11999999999898137,0.11999999999898137,1,0,9,0,[],False,False
wseg_005130,,,,,37129,37136,8,8,0,15012.76,15014.48,1.7199999999993452,,0.21999999999934516,0.21999999999934516,1,0,8,0,[],False,False
wseg_005131,,,,,37137,37141,5,5,0,15014.48,15016.8,2.319999999999709,,0.33999999999832653,0.33999999999832653,1,0,5,0,[],False,False
wseg_005132,,,,,37142,37145,4,4,0,15016.8,15018.72,1.9200000000000728,,0.0,0.0,0,0,4,0,[],False,False
wseg_005133,,,,,37146,37152,7,7,0,15018.72,15020.64,1.9200000000000728,,0.18000000000029104,0.18000000000029104,1,0,7,0,[],False,False
wseg_005134,,,,,37153,37160,8,8,0,15020.82,15022.94,2.1200000000008004,,0.0,0.0,0,0,8,0,[],False,False
wseg_005135,,,,,37161,37165,5,5,0,15022.94,15024.42,1.4799999999995634,,0.5599999999994907,0.5599999999994907,1,0,5,0,[],False,False
wseg_005136,,,,,37166,37172,7,7,0,15024.98,15027.22,2.2399999999997817,,0.0,0.0,0,0,7,0,[],False,False
wseg_005137,,,,,37173,37178,6,6,0,15027.22,15028.82,1.6000000000003638,,0.0,0.0,0,0,6,0,[],False,False
wseg_005138,,,,,37179,37188,10,10,0,15028.82,15031.04,2.220000000001164,,0.06000000000130967,0.07999999999992724,2,0,10,0,[],False,False
wseg_005139,,,,,37189,37198,10,10,0,15031.06,15032.98,1.9200000000000728,,0.0,0.0,0,0,10,0,[],False,False
wseg_005140,,,,,37199,37204,6,6,0,15032.98,15035.32,2.3400000000001455,,0.0,0.0,0,0,6,0,[],False,False
wseg_005141,,,,,37205,37208,4,4,0,15035.32,15036.86,1.5400000000008731,,0.09999999999854481,0.09999999999854481,1,0,4,0,[],False,False
wseg_005142,,,,,37209,37212,4,4,0,15036.96,15038.86,1.9000000000014552,,1.4599999999991269,1.4599999999991269,1,0,4,0,[],False,False
wseg_005143,,,,,37213,37213,1,1,0,15040.32,15040.88,0.5599999999994907,,0.0,0.0,0,0,1,0,[],False,False
wseg_005144,,,,,37214,37218,5,5,0,15040.88,15042.38,1.5,,0.1000000000003638,0.1000000000003638,1,0,5,0,[],False,False
wseg_005145,,,,,37219,37222,4,4,0,15042.48,15044.2,1.7200000000011642,,0.040000000000873115,0.040000000000873115,1,0,4,0,[],False,False
wseg_005146,,,,,37223,37228,6,6,0,15044.2,15046.4,2.1999999999989086,,0.0,0.0,0,0,6,0,[],False,False
wseg_005147,,,,,37229,37232,4,4,0,15046.4,15048.68,2.280000000000655,,0.42000000000007276,0.42000000000007276,1,0,4,0,[],False,False
wseg_005148,,,,,37233,37238,6,6,0,15049.1,15050.54,1.4400000000005093,,0.13999999999941792,0.13999999999941792,1,0,6,0,[],False,False
wseg_005149,,,,,37239,37240,2,2,0,15050.68,15052.32,1.639999999999418,,0.15999999999985448,0.15999999999985448,1,0,2,0,[],False,False
wseg_005150,,,,,37241,37245,5,5,0,15052.48,15054.52,2.040000000000873,,0.37999999999919964,0.37999999999919964,1,0,5,0,[],False,False
wseg_005151,,,,,37246,37251,6,6,0,15054.9,15056.7,1.8000000000010914,,0.0,0.0,0,0,6,0,[],False,False
wseg_005152,,,,,37252,37258,7,7,0,15056.7,15058.44,1.7399999999997817,,0.0,0.0,0,0,7,0,[],False,False
wseg_005153,,,,,37259,37263,5,5,0,15058.44,15060.56,2.1199999999989814,,0.0,0.0,0,0,5,0,[],False,False
wseg_005154,,,,,37264,37268,5,5,0,15060.56,15062.84,2.280000000000655,,0.0,0.0,0,0,5,0,[],False,False
wseg_005155,,,,,37269,37274,6,6,0,15062.84,15065.04,2.2000000000007276,,0.0,0.0,0,0,6,0,[],False,False
wseg_005156,,,,,37275,37279,5,5,0,15065.04,15066.8,1.7599999999983993,,0.15999999999985448,0.15999999999985448,1,0,5,0,[],False,False
wseg_005157,,,,,37280,37282,3,3,0,15066.96,15069.0,2.040000000000873,,0.3600000000005821,0.3600000000005821,1,0,3,0,[],False,False
wseg_005158,,,,,37283,37287,5,5,0,15069.0,15070.56,1.5599999999994907,,0.0,0.0,0,0,5,0,[],False,False
wseg_005159,,,,,37288,37290,3,3,0,15070.56,15072.18,1.6200000000008004,,0.039999999999054126,0.039999999999054126,1,0,3,0,[],False,False
wseg_005160,,,,,37291,37298,8,8,0,15072.22,15074.74,2.5200000000004366,,0.0,0.0,0,0,8,0,[],False,False
wseg_005161,,,,,37299,37303,5,5,0,15074.74,15077.08,2.3400000000001455,,0.0,0.0,0,0,5,0,[],False,False
wseg_005162,,,,,37304,37307,4,4,0,15077.08,15078.36,1.2800000000006548,,0.18000000000029104,0.18000000000029104,1,0,4,0,[],False,False
wseg_005163,,,,,37308,37314,7,7,0,15078.54,15080.86,2.319999999999709,,0.0,0.0,0,0,7,0,[],False,False
wseg_005164,,,,,37315,37318,4,4,0,15080.86,15082.96,2.099999999998545,,0.9200000000018917,0.9200000000018917,1,0,4,0,[],False,False
wseg_005165,,,,,37319,37321,3,3,0,15083.880000000001,15085.08,1.1999999999989086,,0.0,0.0,0,0,3,0,[],False,False
wseg_005166,,,,,37322,37327,6,6,0,15085.08,15086.8,1.7199999999993452,,0.0,0.0,0,0,6,0,[],False,False
wseg_005167,,,,,37328,37329,2,2,0,15086.8,15088.64,1.8400000000001455,,0.23999999999978172,0.23999999999978172,1,0,2,0,[],False,False
wseg_005168,,,,,37330,37337,8,8,0,15088.64,15090.44,1.8000000000010914,,0.5200000000004366,0.5200000000004366,1,0,8,0,[],False,False
wseg_005169,,,,,37338,37340,3,3,0,15090.960000000001,15092.42,1.4599999999991269,,0.0,0.0,0,0,3,0,[],False,False
wseg_005170,,,,,37341,37345,5,5,0,15092.42,15095.06,2.639999999999418,,0.0,0.0,0,0,5,0,[],False,False
wseg_005171,,,,,37346,37349,4,4,0,15095.06,15096.64,1.5799999999999272,,1.2199999999993452,1.2199999999993452,1,0,4,0,[],False,False
wseg_005172,,,,,37350,37353,4,4,0,15097.859999999999,15099.24,1.3800000000010186,,0.819999999999709,0.819999999999709,1,0,4,0,[],False,False
wseg_005173,,,,,37354,37355,2,2,0,15100.06,15101.08,1.0200000000004366,,0.0,0.0,0,0,2,0,[],False,False
wseg_005174,,,,,37356,37357,2,2,0,15101.08,15102.04,0.9600000000009459,,0.17999999999847205,0.17999999999847205,1,0,2,0,[],False,False
wseg_005175,,,,,37358,37362,5,5,0,15102.22,15104.46,2.2399999999997817,,0.23000000000138243,0.23000000000138243,1,0,5,0,[],False,False
wseg_005176,,,,,37363,37369,7,7,0,15104.69,15106.9,2.209999999999127,,0.020000000000436557,0.020000000000436557,1,0,7,0,[],False,False
wseg_005177,,,,,37370,37372,3,3,0,15106.9,15108.32,1.4200000000000728,,0.6400000000012369,0.6400000000012369,1,0,3,0,[],False,False
wseg_005178,,,,,37373,37376,4,4,0,15108.960000000001,15110.56,1.5999999999985448,,0.0,0.0,0,0,4,0,[],False,False
wseg_005179,,,,,37377,37379,3,3,0,15110.56,15112.2,1.640000000001237,,0.81999999999789,0.81999999999789,1,0,3,0,[],False,False
wseg_005180,,,,,37380,37384,5,5,0,15113.019999999999,15114.78,1.7600000000020373,,0.0,0.0,0,0,5,0,[],False,False
wseg_005181,,,,,37385,37391,7,7,0,15114.78,15116.52,1.7399999999997817,,0.0,0.0,0,0,7,0,[],False,False
wseg_005182,,,,,37392,37395,4,4,0,15116.52,15118.34,1.819999999999709,,0.3500000000003638,0.4500000000007276,2,0,4,0,[],False,False
wseg_005183,,,,,37396,37403,8,8,0,15118.69,15120.3,1.609999999998763,,0.0,0.0,0,0,8,0,[],False,False
wseg_005184,,,,,37404,37410,7,7,0,15120.3,15122.16,1.860000000000582,,0.18000000000029104,0.18000000000029104,1,0,7,0,[],False,False
wseg_005185,,,,,37411,37418,8,8,0,15122.34,15124.46,2.1199999999989814,,0.7600000000002183,0.7600000000002183,1,0,8,0,[],False,False
wseg_005186,,,,,37419,37421,3,3,0,15125.22,15126.52,1.3000000000010914,,0.4399999999986903,0.4399999999986903,1,0,3,0,[],False,False
wseg_005187,,,,,37422,37427,6,6,0,15126.96,15128.44,1.4800000000013824,,0.3500000000003638,0.3500000000003638,1,0,6,0,[],False,False
wseg_005188,,,,,37428,37436,9,9,0,15128.79,15130.84,2.0499999999992724,,0.0,0.0,0,0,9,0,[],False,False
wseg_005189,,,,,37437,37446,10,10,0,15130.84,15132.88,2.039999999999054,,0.21999999999934516,0.21999999999934516,1,0,10,0,[],False,False
wseg_005190,,,,,37447,37454,8,8,0,15132.88,15135.0,2.1200000000008004,,0.0,0.0,0,0,8,0,[],False,False
wseg_005191,,,,,37455,37461,7,7,0,15135.0,15136.88,1.8799999999991996,,0.06000000000130967,0.06000000000130967,1,0,7,0,[],False,False
wseg_005192,,,,,37462,37468,7,7,0,15136.88,15139.02,2.140000000001237,,0.039999999999054126,0.039999999999054126,1,0,7,0,[],False,False
wseg_005193,,,,,37469,37472,4,4,0,15139.02,15140.78,1.7600000000002183,,0.0,0.0,0,0,4,0,[],False,False
wseg_005194,,,,,37473,37477,5,5,0,15140.78,15143.06,2.279999999998836,,0.21999999999934516,0.21999999999934516,1,0,5,0,[],False,False
wseg_005195,,,,,37478,37482,5,5,0,15143.06,15144.96,1.8999999999996362,,0.6200000000008004,0.6200000000008004,1,0,5,0,[],False,False
wseg_005196,,,,,37483,37485,3,3,0,15145.58,15147.02,1.4400000000005093,,0.0,0.0,0,0,3,0,[],False,False
wseg_005197,,,,,37486,37493,8,8,0,15147.02,15149.16,2.139999999999418,,0.12000000000080036,0.12000000000080036,1,0,8,0,[],False,False
wseg_005198,,,,,37494,37496,3,3,0,15149.16,15150.6,1.4400000000005093,,0.0,0.0,0,0,3,0,[],False,False
wseg_005199,,,,,37497,37501,5,5,0,15150.6,15153.18,2.5799999999999272,,0.0,0.0,0,0,5,0,[],False,False
wseg_005200,,,,,37502,37506,5,5,0,15153.18,15155.02,1.8400000000001455,,0.0,0.0,0,0,5,0,[],False,False
wseg_005201,,,,,37507,37511,5,5,0,15155.02,15156.9,1.8799999999991996,,0.05999999999949068,0.05999999999949068,1,0,5,0,[],False,False
wseg_005202,,,,,37512,37515,4,4,0,15156.96,15158.96,2.0,,0.0,0.0,0,0,4,0,[],False,False
wseg_005203,,,,,37516,37523,8,8,0,15158.96,15160.86,1.9000000000014552,,0.0,0.0,0,0,8,0,[],False,False
wseg_005204,,,,,37524,37528,5,5,0,15160.86,15162.78,1.9200000000000728,,0.07999999999992724,0.07999999999992724,1,0,5,0,[],False,False
wseg_005205,,,,,37529,37538,10,10,0,15162.86,15164.68,1.819999999999709,,0.0,0.0,0,0,10,0,[],False,False
wseg_005206,,,,,37539,37545,7,7,0,15164.68,15167.06,2.3799999999991996,,0.0,0.0,0,0,7,0,[],False,False
wseg_005207,,,,,37546,37550,5,5,0,15167.06,15168.8,1.7399999999997817,,0.0,0.0,0,0,5,0,[],False,False
wseg_005208,,,,,37551,37557,7,7,0,15168.8,15171.02,2.220000000001164,,0.0,0.0,0,0,7,0,[],False,False
wseg_005209,,,,,37558,37563,6,6,0,15171.02,15172.2,1.180000000000291,,0.8799999999991996,1.0799999999981083,2,0,6,0,[],False,False
wseg_005210,,,,,37564,37567,4,4,0,15173.08,15174.34,1.2600000000002183,,0.0,0.0,0,0,4,0,[],False,False
wseg_005211,,,,,37568,37570,3,3,0,15174.34,15176.66,2.319999999999709,,0.0,0.0,0,0,3,0,[],False,False
wseg_005212,,,,,37571,37580,10,10,0,15176.66,15178.84,2.180000000000291,,0.0,0.0,0,0,10,0,[],False,False
wseg_005213,,,,,37581,37583,3,3,0,15178.84,15180.86,2.0200000000004366,,0.019999999998617568,0.019999999998617568,1,0,3,0,[],False,False
wseg_005214,,,,,37584,37587,4,4,0,15180.88,15182.46,1.5799999999999272,,0.0,0.0,0,0,4,0,[],False,False
wseg_005215,,,,,37588,37589,2,2,0,15182.46,15183.66,1.2000000000007276,,0.8400000000001455,0.8400000000001455,1,0,2,0,[],False,False
wseg_005216,,,,,37590,37595,6,6,0,15184.5,15186.9,2.399999999999636,,0.5400000000008731,0.6000000000003638,2,0,6,0,[],False,False
wseg_005217,,,,,37596,37598,3,3,0,15186.96,15188.18,1.2200000000011642,,0.0,0.0,0,0,3,0,[],False,False
wseg_005218,,,,,37599,37603,5,5,0,15188.18,15190.66,2.4799999999995634,,0.0,0.0,0,0,5,0,[],False,False
wseg_005219,,,,,37604,37607,4,4,0,15190.66,15192.4,1.7399999999997817,,0.07999999999992724,0.07999999999992724,1,0,4,0,[],False,False
wseg_005220,,,,,37608,37614,7,7,0,15192.48,15194.7,2.220000000001164,,0.0,0.0,0,0,7,0,[],False,False
wseg_005221,,,,,37615,37623,9,9,0,15194.7,15196.76,2.0599999999994907,,0.07999999999992724,0.07999999999992724,1,0,9,0,[],False,False
wseg_005222,,,,,37624,37629,6,6,0,15196.76,15198.92,2.1599999999998545,,0.0,0.0,0,0,6,0,[],False,False
wseg_005223,,,,,37630,37637,8,8,0,15198.92,15200.5,1.5799999999999272,,0.0,0.0,0,0,8,0,[],False,False
wseg_005224,,,,,37638,37645,8,8,0,15200.5,15202.56,2.0599999999994907,,0.3400000000001455,0.3400000000001455,1,0,8,0,[],False,False
wseg_005225,,,,,37646,37653,8,8,0,15202.56,15205.06,2.5,,0.1000000000003638,0.18000000000029104,2,0,8,0,[],False,False
wseg_005226,,,,,37654,37659,6,6,0,15205.06,15206.7,1.640000000001237,,0.0,0.0,0,0,6,0,[],False,False
wseg_005227,,,,,37660,37662,3,3,0,15206.7,15208.84,2.139999999999418,,0.21999999999934516,0.21999999999934516,1,0,3,0,[],False,False
wseg_005228,,,,,37663,37670,8,8,0,15209.06,15210.94,1.8800000000010186,,0.0,0.0,0,0,8,0,[],False,False
wseg_005229,,,,,37671,37675,5,5,0,15210.94,15212.44,1.5,,0.0,0.0,0,0,5,0,[],False,False
wseg_005230,,,,,37676,37682,7,7,0,15212.44,15214.36,1.9200000000000728,,0.6000000000003638,0.6000000000003638,1,0,7,0,[],False,False
wseg_005231,,,,,37683,37686,4,4,0,15214.960000000001,15216.82,1.859999999998763,,0.13999999999941792,0.13999999999941792,1,0,4,0,[],False,False
wseg_005232,,,,,37687,37692,6,6,0,15216.96,15218.68,1.7200000000011642,,0.05999999999949068,0.05999999999949068,1,0,6,0,[],False,False
wseg_005233,,,,,37693,37701,9,9,0,15218.68,15220.74,2.0599999999994907,,0.040000000000873115,0.040000000000873115,1,0,9,0,[],False,False
wseg_005234,,,,,37702,37706,5,5,0,15220.74,15222.52,1.7800000000006548,,0.15999999999985448,0.15999999999985448,1,0,5,0,[],False,False
wseg_005235,,,,,37707,37717,11,11,0,15222.52,15224.7,2.180000000000291,,1.7399999999997817,1.7399999999997817,1,0,11,0,[],False,False
wseg_005236,,,,,37718,37725,8,8,0,15226.44,15228.96,2.5199999999986176,,0.040000000000873115,0.06000000000130967,2,0,8,0,[],False,False
wseg_005237,,,,,37726,37733,8,8,0,15229.0,15230.78,1.7800000000006548,,1.1599999999998545,1.1599999999998545,1,0,8,0,[],False,False
wseg_005238,,,,,37734,37736,3,3,0,15231.94,15232.82,0.8799999999991996,,0.0,0.0,0,0,3,0,[],False,False
wseg_005239,,,,,37737,37744,8,8,0,15232.82,15234.58,1.7600000000002183,,0.07999999999992724,0.07999999999992724,1,0,8,0,[],False,False
wseg_005240,,,,,37745,37750,6,6,0,15234.58,15235.96,1.3799999999991996,,0.6000000000003638,0.6000000000003638,1,0,6,0,[],False,False
wseg_005241,,,,,37751,37758,8,8,0,15236.56,15238.86,2.3000000000010914,,0.0,0.0,0,0,8,0,[],False,False
wseg_005242,,,,,37759,37762,4,4,0,15238.86,15239.64,0.7799999999988358,,1.3000000000010914,1.3000000000010914,1,0,4,0,[],False,False
wseg_005243,,,,,37763,37768,6,6,0,15240.94,15242.72,1.7799999999988358,,0.1000000000003638,0.1000000000003638,1,0,6,0,[],False,False
wseg_005244,,,,,37769,37772,4,4,0,15242.72,15244.14,1.4200000000000728,,0.6200000000008004,0.6200000000008004,1,0,4,0,[],False,False
wseg_005245,,,,,37773,37778,6,6,0,15244.76,15246.3,1.5399999999990541,,0.6599999999998545,0.6599999999998545,1,0,6,0,[],False,False
wseg_005246,,,,,37779,37784,6,6,0,15246.96,15247.96,1.0,,1.180000000000291,1.1999999999989086,2,0,6,0,[],False,False
wseg_005247,,,,,37785,37792,8,8,0,15249.14,15250.86,1.7200000000011642,,1.1999999999989086,1.359999999998763,2,0,8,0,[],False,False
wseg_005248,,,,,37793,37793,1,1,0,15252.06,15252.3,0.23999999999978172,,0.7000000000007276,0.7000000000007276,1,0,1,0,[],False,False
wseg_005249,,,,,37794,37800,7,7,0,15253.0,15254.62,1.6200000000008004,,1.0199999999986176,1.0199999999986176,1,0,7,0,[],False,False
wseg_005250,,,,,37801,37801,1,1,0,15255.64,15255.88,0.23999999999978172,,1.7400000000016007,1.7400000000016007,1,0,1,0,[],False,False
wseg_005251,,,,,37802,37810,9,9,0,15257.62,15258.92,1.2999999999992724,,0.8800000000010186,1.0600000000013097,3,0,9,0,[],False,False
wseg_005252,,,,,37811,37818,8,8,0,15259.800000000001,15260.86,1.0599999999994907,,0.0,0.0,0,0,8,0,[],False,False
wseg_005253,,,,,37819,37830,12,12,0,15260.86,15262.14,1.2799999999988358,,0.07999999999992724,0.15999999999985448,2,0,12,0,[],False,False
wseg_005254,,,,,37831,37844,14,14,0,15262.22,15263.92,1.7000000000007276,,0.3999999999996362,0.4600000000009459,2,0,14,0,[],False,False
wseg_005255,,,,,37845,37855,11,11,0,15264.32,15266.42,2.100000000000364,,0.0,0.0,0,0,11,0,[],False,False
wseg_005256,,,,,37856,37870,15,15,0,15266.42,15269.04,2.6200000000008004,,0.1000000000003638,0.18000000000029104,2,0,15,0,[],False,False
wseg_005257,,,,,37871,37873,3,3,0,15269.04,15269.46,0.41999999999825377,,1.0800000000017462,1.0800000000017462,1,0,3,0,[],False,False
wseg_005258,,,,,37874,37880,7,7,0,15270.54,15272.36,1.819999999999709,,0.0,0.0,0,0,7,0,[],False,False
wseg_005259,,,,,37881,37883,3,3,0,15272.36,15274.12,1.7600000000002183,,0.7600000000002183,0.7600000000002183,1,0,3,0,[],False,False
wseg_005260,,,,,37884,37889,6,6,0,15274.880000000001,15276.94,2.0599999999994907,,0.019999999998617568,0.019999999998617568,1,0,6,0,[],False,False
wseg_005261,,,,,37890,37899,10,10,0,15276.96,15278.94,1.9800000000013824,,0.07999999999992724,0.07999999999992724,1,0,10,0,[],False,False
wseg_005262,,,,,37900,37907,8,8,0,15278.94,15280.82,1.8799999999991996,,0.040000000000873115,0.040000000000873115,1,0,8,0,[],False,False
wseg_005263,,,,,37908,37922,15,15,0,15280.82,15283.06,2.2399999999997817,,0.039999999999054126,0.039999999999054126,1,0,15,0,[],False,False
wseg_005264,,,,,37923,37932,10,10,0,15283.06,15284.68,1.6200000000008004,,0.039999999999054126,0.039999999999054126,1,0,10,0,[],False,False
wseg_005265,,,,,37933,37948,16,16,0,15284.72,15286.9,2.180000000000291,,0.11999999999898137,0.11999999999898137,1,0,16,0,[],False,False
wseg_005266,,,,,37949,37958,10,10,0,15286.9,15288.4,1.5,,1.1599999999998545,1.1599999999998545,1,0,10,0,[],False,False
wseg_005267,,,,,37959,37962,4,4,0,15289.56,15290.94,1.3800000000010186,,0.05999999999949068,0.05999999999949068,1,0,4,0,[],False,False
wseg_005268,,,,,37963,37970,8,8,0,15291.0,15293.04,2.040000000000873,,0.11999999999898137,0.11999999999898137,1,0,8,0,[],False,False
wseg_005269,,,,,37971,37975,5,5,0,15293.16,15294.58,1.4200000000000728,,0.9600000000009459,0.9600000000009459,1,0,5,0,[],False,False
wseg_005270,,,,,37976,37982,7,7,0,15295.54,15296.8,1.2599999999983993,,0.0,0.0,0,0,7,0,[],False,False
wseg_005271,,,,,37983,37996,14,14,0,15296.8,15299.08,2.280000000000655,,0.47999999999956344,0.5199999999986176,2,0,14,0,[],False,False
wseg_005272,,,,,37997,38003,7,7,0,15299.56,15301.0,1.4400000000005093,,0.0,0.0,0,0,7,0,[],False,False
wseg_005273,,,,,38004,38009,6,6,0,15301.0,15302.72,1.7199999999993452,,0.0,0.0,0,0,6,0,[],False,False
wseg_005274,,,,,38010,38017,8,8,0,15302.72,15304.68,1.9600000000009459,,0.020000000000436557,0.020000000000436557,1,0,8,0,[],False,False
wseg_005275,,,,,38018,38024,7,7,0,15304.68,15306.7,2.0200000000004366,,0.0,0.0,0,0,7,0,[],False,False
wseg_005276,,,,,38025,38031,7,7,0,15306.7,15308.32,1.6199999999989814,,0.1000000000003638,0.1000000000003638,1,0,7,0,[],False,False
wseg_005277,,,,,38032,38040,9,9,0,15308.42,15309.88,1.4599999999991269,,0.4400000000005093,0.4400000000005093,1,0,9,0,[],False,False
wseg_005278,,,,,38041,38046,6,6,0,15310.32,15312.56,2.2399999999997817,,0.0,0.0,0,0,6,0,[],False,False
wseg_005279,,,,,38047,38055,9,9,0,15312.56,15314.52,1.9600000000009459,,0.0,0.0,0,0,9,0,[],False,False
wseg_005280,,,,,38056,38060,5,5,0,15314.52,15315.46,0.9399999999986903,,1.180000000000291,1.180000000000291,1,0,5,0,[],False,False
wseg_005281,,,,,38061,38068,8,8,0,15316.64,15318.68,2.040000000000873,,0.0,0.0,0,0,8,0,[],False,False
wseg_005282,,,,,38069,38073,5,5,0,15318.68,15321.02,2.3400000000001455,,0.07999999999992724,0.07999999999992724,1,0,5,0,[],False,False
wseg_005283,,,,,38074,38076,3,3,0,15321.1,15321.38,0.27999999999883585,,1.180000000000291,1.180000000000291,1,0,3,0,[],False,False
wseg_005284,,,,,38077,38084,8,8,0,15322.56,15323.82,1.2600000000002183,,0.07999999999992724,0.07999999999992724,1,0,8,0,[],False,False
wseg_005285,,,,,38085,38094,10,10,0,15323.9,15326.2,2.3000000000010914,,1.5599999999976717,1.5599999999976717,1,0,10,0,[],False,False
wseg_005286,,,,,38095,38096,2,2,0,15327.759999999998,15328.48,0.7200000000011642,,0.0,0.0,0,0,2,0,[],False,False
wseg_005287,,,,,38097,38105,9,9,0,15328.48,15330.84,2.360000000000582,,0.0,0.0,0,0,9,0,[],False,False
wseg_005288,,,,,38106,38115,10,10,0,15330.84,15332.84,2.0,,0.0,0.0,0,0,10,0,[],False,False
wseg_005289,,,,,38116,38122,7,7,0,15332.84,15334.66,1.819999999999709,,0.020000000000436557,0.020000000000436557,1,0,7,0,[],False,False
wseg_005290,,,,,38123,38127,5,5,0,15334.68,15336.34,1.6599999999998545,,0.05999999999949068,0.05999999999949068,1,0,5,0,[],False,False
wseg_005291,,,,,38128,38137,10,10,0,15336.4,15338.62,2.220000000001164,,0.09999999999854481,0.09999999999854481,1,0,10,0,[],False,False
wseg_005292,,,,,38138,38147,10,10,0,15338.72,15340.46,1.7399999999997817,,0.0,0.0,0,0,10,0,[],False,False
wseg_005293,,,,,38148,38155,8,8,0,15340.46,15342.22,1.7600000000002183,,0.15999999999985448,0.15999999999985448,1,0,8,0,[],False,False
wseg_005294,,,,,38156,38164,9,9,0,15342.22,15344.16,1.9400000000005093,,0.18000000000029104,0.18000000000029104,1,0,9,0,[],False,False
wseg_005295,,,,,38165,38169,5,5,0,15344.16,15346.74,2.5799999999999272,,0.0,0.0,0,0,5,0,[],False,False
wseg_005296,,,,,38170,38175,6,6,0,15346.74,15347.96,1.2199999999993452,,0.06000000000130967,0.06000000000130967,1,0,6,0,[],False,False
wseg_005297,,,,,38176,38183,8,8,0,15348.02,15350.76,2.7399999999997817,,0.18000000000029104,0.18000000000029104,1,0,8,0,[],False,False
wseg_005298,,,,,38184,38188,5,5,0,15350.76,15352.96,2.1999999999989086,,0.6200000000008004,1.0,2,0,5,0,[],False,False
wseg_005299,,,,,38189,38191,3,3,0,15353.58,15354.72,1.139999999999418,,0.0,0.0,0,0,3,0,[],False,False
wseg_005300,,,,,38192,38195,4,4,0,15354.72,15355.5,0.7800000000006548,,0.0,0.0,0,0,4,0,[],False,False
wseg_005301,,,,,38196,38204,9,9,0,15355.5,15358.82,3.319999999999709,,0.0,0.0,0,0,9,0,[],False,False
wseg_005302,,,,,38205,38210,6,6,0,15358.82,15360.7,1.8800000000010186,,0.0,0.0,0,0,6,0,[],False,False
wseg_005303,,,,,38211,38218,8,8,0,15360.7,15362.0,1.2999999999992724,,0.020000000000436557,0.020000000000436557,1,0,8,0,[],False,False
wseg_005304,,,,,38219,38223,5,5,0,15362.0,15364.1,2.100000000000364,,0.5799999999999272,0.8000000000010914,2,0,5,0,[],False,False
wseg_005305,,,,,38224,38231,8,8,0,15364.68,15365.3,0.6199999999989814,,1.0999999999985448,1.0999999999985448,1,0,8,0,[],False,False
wseg_005306,,,,,38232,38235,4,4,0,15366.399999999998,15367.74,1.3400000000019645,,0.7600000000002183,0.7600000000002183,1,0,4,0,[],False,False
wseg_005307,,,,,38236,38239,4,4,0,15368.5,15370.68,2.180000000000291,,0.05999999999949068,0.05999999999949068,1,0,4,0,[],False,False
wseg_005308,,,,,38240,38243,4,4,0,15370.74,15371.88,1.139999999999418,,0.5500000000010914,0.5500000000010914,1,0,4,0,[],False,False
wseg_005309,,,,,38244,38250,7,7,0,15372.43,15374.810000000001,2.3800000000010186,,0.4099999999980355,0.4099999999980355,1,0,7,0,[],False,False
wseg_005310,,,,,38251,38257,7,7,0,15375.22,15376.66,1.4400000000005093,,0.0,0.0,0,0,7,0,[],False,False
wseg_005311,,,,,38258,38264,7,7,0,15376.66,15378.9,2.2399999999997817,,0.0,0.0,0,0,7,0,[],False,False
wseg_005312,,,,,38265,38271,7,7,0,15378.9,15380.64,1.7399999999997817,,0.0,0.0,0,0,7,0,[],False,False
wseg_005313,,,,,38272,38274,3,3,0,15380.64,15381.66,1.0200000000004366,,0.2600000000002183,0.2600000000002183,1,0,3,0,[],False,False
wseg_005314,,,,,38275,38281,7,7,0,15381.92,15384.78,2.860000000000582,,0.13999999999941792,0.13999999999941792,1,0,7,0,[],False,False
wseg_005315,,,,,38282,38285,4,4,0,15384.92,15387.02,2.100000000000364,,0.0,0.0,0,0,4,0,[],False,False
wseg_005316,,,,,38286,38287,2,2,0,15387.02,15388.5,1.4799999999995634,,0.15999999999985448,0.15999999999985448,1,0,2,0,[],False,False
wseg_005317,,,,,38288,38293,6,6,0,15388.66,15390.82,2.1599999999998545,,0.0,0.0,0,0,6,0,[],False,False
wseg_005318,,,,,38294,38299,6,6,0,15390.82,15391.72,0.8999999999996362,,0.0,0.0,0,0,6,0,[],False,False
wseg_005319,,,,,38300,38304,5,5,0,15391.72,15393.54,1.820000000001528,,1.139999999999418,1.139999999999418,1,0,5,0,[],False,False
wseg_005320,,,,,38305,38308,4,4,0,15394.68,15395.94,1.2600000000002183,,0.0,0.0,0,0,4,0,[],False,False
wseg_005321,,,,,38309,38314,6,6,0,15395.94,15398.36,2.4200000000000728,,0.0,0.0,0,0,6,0,[],False,False
wseg_005322,,,,,38315,38319,5,5,0,15398.36,15400.22,1.859999999998763,,0.0,0.0,0,0,5,0,[],False,False
wseg_005323,,,,,38320,38325,6,6,0,15400.22,15402.22,2.0,,0.0,0.0,0,0,6,0,[],False,False
wseg_005324,,,,,38326,38327,2,2,0,15402.22,15404.24,2.0200000000004366,,0.0,0.0,0,0,2,0,[],False,False
wseg_005325,,,,,38328,38329,2,2,0,15404.24,15405.68,1.4400000000005093,,0.0,0.0,0,0,2,0,[],False,False
wseg_005326,,,,,38330,38336,7,7,0,15405.68,15408.52,2.8400000000001455,,0.0,0.0,0,0,7,0,[],False,False
wseg_005327,,,,,38337,38343,7,7,0,15408.52,15410.12,1.6000000000003638,,0.499999999998181,0.6199999999971624,2,0,7,0,[],False,False
wseg_005328,,,,,38344,38347,4,4,0,15410.619999999999,15412.16,1.5400000000008731,,0.0,0.0,0,0,4,0,[],False,False
wseg_005329,,,,,38348,38352,5,5,0,15412.16,15414.56,2.399999999999636,,0.0,0.0,0,0,5,0,[],False,False
wseg_005330,,,,,38353,38353,1,1,0,15414.56,15415.68,1.1200000000008004,,0.0,0.0,0,0,1,0,[],False,False
wseg_005331,,,,,38354,38357,4,4,0,15415.68,15418.06,2.3799999999991996,,0.5,0.5,1,0,4,0,[],False,False
wseg_005332,,,,,38358,38362,5,5,0,15418.56,15420.3,1.7399999999997817,,0.0,0.0,0,0,5,0,[],False,False
wseg_005333,,,,,38363,38371,9,9,0,15420.3,15422.3,2.0,,0.0,0.0,0,0,9,0,[],False,False
wseg_005334,,,,,38372,38374,3,3,0,15422.3,15424.2,1.9000000000014552,,1.1199999999989814,1.1199999999989814,1,0,3,0,[],False,False
wseg_005335,,,,,38375,38378,4,4,0,15425.32,15426.46,1.139999999999418,,0.6400000000012369,0.6400000000012369,1,0,4,0,[],False,False
wseg_005336,,,,,38379,38382,4,4,0,15427.1,15428.38,1.2799999999988358,,0.0,0.0,0,0,4,0,[],False,False
wseg_005337,,,,,38383,38389,7,7,0,15428.38,15430.38,2.0,,0.0,0.0,0,0,7,0,[],False,False
wseg_005338,,,,,38390,38397,8,8,0,15430.38,15431.4,1.0200000000004366,,0.0,0.0,0,0,8,0,[],False,False
wseg_005339,,,,,38398,38404,7,7,0,15431.4,15433.62,2.220000000001164,,0.0,0.0,0,0,7,0,[],False,False
wseg_005340,,,,,38405,38415,11,11,0,15433.62,15436.44,2.819999999999709,,0.0,0.0,0,0,11,0,[],False,False
wseg_005341,,,,,38416,38420,5,5,0,15436.44,15437.46,1.0199999999986176,,0.680000000000291,0.680000000000291,1,0,5,0,[],False,False
wseg_005342,,,,,38421,38424,4,4,0,15438.14,15439.66,1.5200000000004366,,1.6199999999989814,1.6199999999989814,1,0,4,0,[],False,False
wseg_005343,,,,,38425,38426,2,2,0,15441.279999999999,15442.16,0.8800000000010186,,0.0,0.0,0,0,2,0,[],False,False
wseg_005344,,,,,38427,38435,9,9,0,15442.16,15444.1,1.9400000000005093,,0.05999999999949068,0.05999999999949068,1,0,9,0,[],False,False
wseg_005345,,,,,38436,38438,3,3,0,15444.1,15445.28,1.180000000000291,,0.5399999999990541,0.5399999999990541,1,0,3,0,[],False,False
wseg_005346,,,,,38439,38445,7,7,0,15445.82,15447.7,1.8800000000010186,,0.0,0.0,0,0,7,0,[],False,False
wseg_005347,,,,,38446,38452,7,7,0,15447.7,15449.92,2.219999999999345,,0.5399999999990541,0.5399999999990541,1,0,7,0,[],False,False
wseg_005348,,,,,38453,38455,3,3,0,15450.46,15451.56,1.1000000000003638,,0.0,0.0,0,0,3,0,[],False,False
wseg_005349,,,,,38456,38466,11,11,0,15451.56,15453.88,2.319999999999709,,0.8000000000010914,0.8000000000010914,1,0,11,0,[],False,False
wseg_005350,,,,,38467,38468,2,2,0,15454.68,15455.12,0.4400000000005093,,0.0,0.0,0,0,2,0,[],False,False
wseg_005351,,,,,38469,38475,7,7,0,15455.12,15458.34,3.219999999999345,,0.0,0.0,0,0,7,0,[],False,False
wseg_005352,,,,,38476,38480,5,5,0,15458.34,15460.54,2.2000000000007276,,0.0,0.0,0,0,5,0,[],False,False
wseg_005353,,,,,38481,38488,8,8,0,15460.54,15462.0,1.4599999999991269,,0.48000000000138243,0.48000000000138243,1,0,8,0,[],False,False
wseg_005354,,,,,38489,38497,9,9,0,15462.480000000001,15464.48,1.999999999998181,,0.0,0.0,0,0,9,0,[],False,False
wseg_005355,,,,,38498,38505,8,8,0,15464.48,15465.98,1.5,,0.0,0.0,0,0,8,0,[],False,False
wseg_005356,,,,,38506,38512,7,7,0,15465.98,15467.72,1.7399999999997817,,0.0,0.0,0,0,7,0,[],False,False
wseg_005357,,,,,38513,38519,7,7,0,15467.72,15470.5,2.780000000000655,,0.0,0.0,0,0,7,0,[],False,False
wseg_005358,,,,,38520,38523,4,4,0,15470.5,15472.4,1.8999999999996362,,0.0,0.0,0,0,4,0,[],False,False
wseg_005359,,,,,38524,38527,4,4,0,15472.4,15473.86,1.4600000000009459,,0.0,0.0,0,0,4,0,[],False,False
wseg_005360,,,,,38528,38538,11,11,0,15473.86,15476.26,2.399999999999636,,0.5199999999986176,0.5199999999986176,1,0,11,0,[],False,False
wseg_005361,,,,,38539,38544,6,6,0,15476.779999999999,15478.1,1.320000000001528,,0.0,0.0,0,0,6,0,[],False,False
wseg_005362,,,,,38545,38547,3,3,0,15478.1,15479.74,1.639999999999418,,0.0,0.0,0,0,3,0,[],False,False
wseg_005363,,,,,38548,38561,14,14,0,15479.74,15482.18,2.4400000000005093,,0.0,0.0,0,0,14,0,[],False,False
wseg_005364,,,,,38562,38569,8,8,0,15482.18,15484.46,2.279999999998836,,0.22000000000116415,0.22000000000116415,1,0,8,0,[],False,False
wseg_005365,,,,,38570,38578,9,9,0,15484.68,15486.54,1.860000000000582,,0.0,0.0,0,0,9,0,[],False,False
wseg_005366,,,,,38579,38583,5,5,0,15486.54,15488.46,1.9199999999982538,,0.0,0.0,0,0,5,0,[],False,False
wseg_005367,,,,,38584,38590,7,7,0,15488.46,15489.86,1.4000000000014552,,2.499999999998181,2.499999999998181,1,0,7,0,[],False,False
wseg_005368,,,,,38591,38598,8,8,0,15492.359999999999,15494.52,2.1600000000016735,,1.2999999999992724,1.359999999998763,2,0,8,0,[],False,False
wseg_005369,,,,,38599,38602,4,4,0,15495.82,15497.0,1.180000000000291,,0.0,0.0,0,0,4,0,[],False,False
wseg_005370,,,,,38603,38607,5,5,0,15497.0,15498.94,1.9400000000005093,,0.0,0.0,0,0,5,0,[],False,False
wseg_005371,,,,,38608,38614,7,7,0,15498.94,15500.94,2.0,,0.0,0.0,0,0,7,0,[],False,False
wseg_005372,,,,,38615,38622,8,8,0,15500.94,15502.68,1.7399999999997817,,0.9200000000000728,0.9200000000000728,1,0,8,0,[],False,False
wseg_005373,,,,,38623,38626,4,4,0,15503.6,15504.92,1.319999999999709,,0.0,0.0,0,0,4,0,[],False,False
wseg_005374,,,,,38627,38630,4,4,0,15504.92,15506.52,1.6000000000003638,,34.840000000000146,34.840000000000146,1,0,4,0,[],False,False
wseg_005375,,,,,38631,38635,5,5,0,15541.36,15544.66,3.2999999999992724,,1.9400000000005093,1.9400000000005093,1,0,5,0,[],False,False
wseg_005376,,,,,38636,38640,5,5,0,15546.6,15548.0,1.3999999999996362,,0.0,0.0,0,0,5,0,[],False,False
